Initialized native services in: /Users/zweijia/.gradle/native
Initialized jansi services in: /Users/zweijia/.gradle/native
Found daemon DaemonInfo{pid=74425, address=[ff5f1cbb-7f93-48c6-a626-09d354626158 port:59886, addresses:[/127.0.0.1]], state=Idle, lastBusy=1763751445873, context=DefaultDaemonContext[uid=be5828cc-e235-4768-bfe1-e75a65572820,javaHome=/Users/zweijia/.sdkman/candidates/java/21.0.2-open,javaVersion=21,javaVendor=Oracle Corporation,daemonRegistryDir=/Users/zweijia/.gradle/daemon,pid=74425,idleTimeout=10800000,priority=NORMAL,applyInstrumentationAgent=true,nativeServicesMode=ENABLED,daemonOpts=--add-exports,jdk.compiler/com.sun.tools.javac.api=ALL-UNNAMED,--add-exports,jdk.compiler/com.sun.tools.javac.file=ALL-UNNAMED,--add-exports,jdk.compiler/com.sun.tools.javac.parser=ALL-UNNAMED,--add-exports,jdk.compiler/com.sun.tools.javac.tree=ALL-UNNAMED,--add-exports,jdk.compiler/com.sun.tools.javac.util=ALL-UNNAMED,-Dfile.encoding=UTF-8,-Duser.country=US,-Duser.language=en,-Duser.variant]} however its context does not match the desired criteria.
At least one daemon option is different.
Wanted: DaemonRequestContext{jvmCriteria=/Users/zweijia/.sdkman/candidates/java/21.0.2-open (no JDK specified, using current Java home), daemonOpts=[-XX:MaxMetaspaceSize=384m, -XX:+HeapDumpOnOutOfMemoryError, -Xms256m, -Xmx512m, -Dfile.encoding=UTF-8, -Duser.country=US, -Duser.language=en, -Duser.variant], applyInstrumentationAgent=true, nativeServicesMode=ENABLED, priority=NORMAL}
Actual: DefaultDaemonContext[uid=be5828cc-e235-4768-bfe1-e75a65572820,javaHome=/Users/zweijia/.sdkman/candidates/java/21.0.2-open,javaVersion=21,javaVendor=Oracle Corporation,daemonRegistryDir=/Users/zweijia/.gradle/daemon,pid=74425,idleTimeout=10800000,priority=NORMAL,applyInstrumentationAgent=true,nativeServicesMode=ENABLED,daemonOpts=--add-exports,jdk.compiler/com.sun.tools.javac.api=ALL-UNNAMED,--add-exports,jdk.compiler/com.sun.tools.javac.file=ALL-UNNAMED,--add-exports,jdk.compiler/com.sun.tools.javac.parser=ALL-UNNAMED,--add-exports,jdk.compiler/com.sun.tools.javac.tree=ALL-UNNAMED,--add-exports,jdk.compiler/com.sun.tools.javac.util=ALL-UNNAMED,-Dfile.encoding=UTF-8,-Duser.country=US,-Duser.language=en,-Duser.variant]

  Looking for a different daemon...
Found daemon DaemonInfo{pid=88173, address=[8f290e00-f88c-448e-8bf0-175326761392 port:55519, addresses:[/127.0.0.1]], state=Idle, lastBusy=1763755544971, context=DefaultDaemonContext[uid=f8e7851e-6777-46cf-b6b6-582a83c88241,javaHome=/Users/zweijia/.sdkman/candidates/java/25.0.1-open,javaVersion=25,javaVendor=Oracle Corporation,daemonRegistryDir=/Users/zweijia/.gradle/daemon,pid=88173,idleTimeout=10800000,priority=NORMAL,applyInstrumentationAgent=true,nativeServicesMode=ENABLED,daemonOpts=-XX:MaxMetaspaceSize=384m,-XX:+HeapDumpOnOutOfMemoryError,-Xms256m,-Xmx512m,-Dfile.encoding=UTF-8,-Duser.country=US,-Duser.language=en,-Duser.variant]} however its context does not match the desired criteria.
JVM is incompatible.
Wanted: DaemonRequestContext{jvmCriteria=/Users/zweijia/.sdkman/candidates/java/21.0.2-open (no JDK specified, using current Java home), daemonOpts=[-XX:MaxMetaspaceSize=384m, -XX:+HeapDumpOnOutOfMemoryError, -Xms256m, -Xmx512m, -Dfile.encoding=UTF-8, -Duser.country=US, -Duser.language=en, -Duser.variant], applyInstrumentationAgent=true, nativeServicesMode=ENABLED, priority=NORMAL}
Actual: DefaultDaemonContext[uid=f8e7851e-6777-46cf-b6b6-582a83c88241,javaHome=/Users/zweijia/.sdkman/candidates/java/25.0.1-open,javaVersion=25,javaVendor=Oracle Corporation,daemonRegistryDir=/Users/zweijia/.gradle/daemon,pid=88173,idleTimeout=10800000,priority=NORMAL,applyInstrumentationAgent=true,nativeServicesMode=ENABLED,daemonOpts=-XX:MaxMetaspaceSize=384m,-XX:+HeapDumpOnOutOfMemoryError,-Xms256m,-Xmx512m,-Dfile.encoding=UTF-8,-Duser.country=US,-Duser.language=en,-Duser.variant]

  Looking for a different daemon...
Found daemon DaemonInfo{pid=98869, address=[47e7aea6-f709-4d99-9587-7b7712c5248d port:61822, addresses:[/127.0.0.1]], state=Idle, lastBusy=1763759259889, context=DefaultDaemonContext[uid=518d4b5e-f3b9-4e5d-9281-f21a723a826d,javaHome=/Users/zweijia/.sdkman/candidates/java/25.0.1-open,javaVersion=25,javaVendor=Oracle Corporation,daemonRegistryDir=/Users/zweijia/.gradle/daemon,pid=98869,idleTimeout=10800000,priority=NORMAL,applyInstrumentationAgent=true,nativeServicesMode=ENABLED,daemonOpts=--add-exports,jdk.compiler/com.sun.tools.javac.api=ALL-UNNAMED,--add-exports,jdk.compiler/com.sun.tools.javac.file=ALL-UNNAMED,--add-exports,jdk.compiler/com.sun.tools.javac.parser=ALL-UNNAMED,--add-exports,jdk.compiler/com.sun.tools.javac.tree=ALL-UNNAMED,--add-exports,jdk.compiler/com.sun.tools.javac.util=ALL-UNNAMED,-Dfile.encoding=UTF-8,-Duser.country=US,-Duser.language=en,-Duser.variant]} however its context does not match the desired criteria.
JVM is incompatible.
Wanted: DaemonRequestContext{jvmCriteria=/Users/zweijia/.sdkman/candidates/java/21.0.2-open (no JDK specified, using current Java home), daemonOpts=[-XX:MaxMetaspaceSize=384m, -XX:+HeapDumpOnOutOfMemoryError, -Xms256m, -Xmx512m, -Dfile.encoding=UTF-8, -Duser.country=US, -Duser.language=en, -Duser.variant], applyInstrumentationAgent=true, nativeServicesMode=ENABLED, priority=NORMAL}
Actual: DefaultDaemonContext[uid=518d4b5e-f3b9-4e5d-9281-f21a723a826d,javaHome=/Users/zweijia/.sdkman/candidates/java/25.0.1-open,javaVersion=25,javaVendor=Oracle Corporation,daemonRegistryDir=/Users/zweijia/.gradle/daemon,pid=98869,idleTimeout=10800000,priority=NORMAL,applyInstrumentationAgent=true,nativeServicesMode=ENABLED,daemonOpts=--add-exports,jdk.compiler/com.sun.tools.javac.api=ALL-UNNAMED,--add-exports,jdk.compiler/com.sun.tools.javac.file=ALL-UNNAMED,--add-exports,jdk.compiler/com.sun.tools.javac.parser=ALL-UNNAMED,--add-exports,jdk.compiler/com.sun.tools.javac.tree=ALL-UNNAMED,--add-exports,jdk.compiler/com.sun.tools.javac.util=ALL-UNNAMED,-Dfile.encoding=UTF-8,-Duser.country=US,-Duser.language=en,-Duser.variant]

  Looking for a different daemon...
The client will now receive all logging from the daemon (pid: 83574). The daemon log file: /Users/zweijia/.gradle/daemon/9.2.0/daemon-83574.out.log
Starting 13th build in daemon [uptime: 2 hrs 8 mins 21.017 secs, performance: 100%, GC rate: 0.00/s, heap usage: 4% of 512 MiB, non-heap usage: 38% of 384 MiB]
Using 12 worker leases.
Operational build model parameters: {requiresToolingModels=false, parallelProjectExecution=true, configureOnDemand=false, configurationCache=false, configurationCacheParallelStore=false, configurationCacheParallelLoad=true, isolatedProjects=false, parallelProjectConfiguration=false, intermediateModelCache=false, parallelToolingApiActions=true, invalidateCoupledProjects=false, modelAsProjectDependency=false, resilientModelBuilding=false}
Now considering [/Users/zweijia/IdeaProjects/OpenSearch/search-relevance] as hierarchies to watch
Watching the file system is configured to be enabled if available
File system watching is active
Starting Build
Settings evaluated using settings file '/Users/zweijia/IdeaProjects/OpenSearch/search-relevance/settings.gradle'.
Using local directory build cache for the root build (location = /Users/zweijia/.gradle/caches/build-cache-1, remove unused entries = after 7 days).
Projects loaded. Root project using build file '/Users/zweijia/IdeaProjects/OpenSearch/search-relevance/build.gradle'.
Included projects: [root project 'opensearch-search-relevance']

> Configure project :
Evaluating root project 'opensearch-search-relevance' using build file '/Users/zweijia/IdeaProjects/OpenSearch/search-relevance/build.gradle'.
Resolved plugin [id: 'de.undercouch.download', version: '5.6.0']
Starting process 'command 'git''. Working directory: /Users/zweijia/IdeaProjects/OpenSearch/search-relevance Command: git diff --no-color --minimal refs/remotes/origin/main
Successfully started process 'command 'git''
All projects evaluated.
Task name matched 'clean'
Task name matched 'check'
Selected primary task 'clean' from project :
Selected primary task 'check' from project :
Classpath: /Users/zweijia/.gradle/wrapper/dists/gradle-9.2.0-all/nt91iow53c3jp9bx2j9i769a/gradle-9.2.0/lib/gradle-daemon-main-9.2.0.jar
Classpath: /Users/zweijia/.gradle/wrapper/dists/gradle-9.2.0-all/nt91iow53c3jp9bx2j9i769a/gradle-9.2.0/lib/gradle-daemon-main-9.2.0.jar
Tasks to be executed: [task ':clean', task ':generateEffectiveLombokConfig', task ':spotlessInternalRegisterDependencies', task ':spotlessJava', task ':spotlessJavaApply', task ':spotlessLicense', task ':spotlessLicenseApply', task ':spotlessMisc', task ':spotlessMiscApply', task ':spotlessApply', task ':compileJava', task ':processResources', task ':classes', task ':generateTestFixturesEffectiveLombokConfig', task ':compileTestFixturesJava', task ':generateTestEffectiveLombokConfig', task ':compileTestJava', task ':copyPluginPropertiesTemplate', task ':pluginProperties', task ':copyYamlTestsTask', task ':copyRestApiSpecsTask', task ':processTestResources', task ':testClasses', task ':processTestFixturesResources', task ':testFixturesClasses', task ':forbiddenApisResources', task ':forbiddenApisMain', task ':jar', task ':testFixturesJar', task ':forbiddenApisTest', task ':forbiddenApisTestFixtures', task ':generateYamlRestTestEffectiveLombokConfig', task ':compileYamlRestTestJava', task ':processYamlRestTestResources', task ':yamlRestTestClasses', task ':forbiddenApisYamlRestTest', task ':forbiddenApis', task ':dependencyLicenses', task ':filepermissions', task ':forbiddenPatterns', task ':jarHell', task ':licenseHeaders', task ':loggerUsageCheck', task ':testingConventions', task ':thirdPartyAuditResources', task ':thirdPartyAudit', task ':generatePomFileForNebulaPublication', task ':generatePomFileForPluginZipPublication', task ':validateNebulaPom', task ':validatePluginZipPom', task ':validatePom', task ':precommit', task ':generateNotice', task ':bundlePlugin', task ':prepareJavaAgent', task ':integTest', task ':test', task ':jacocoTestReport', task ':delombok', task ':javadoc', task ':spotlessJavaCheck', task ':spotlessLicenseCheck', task ':spotlessMiscCheck', task ':spotlessCheck', task ':yamlRestTest', task ':check']
Tasks that were excluded: []
=======================================
OpenSearch Build Hamster says Hello!
  Gradle Version        : 9.2.0
  OS Info               : Mac OS X 15.7.1 (aarch64)
  JDK Version           : 21 (OpenJDK JDK 21 (21.0.2+13-58))
  JAVA_HOME             : /Users/zweijia/.sdkman/candidates/java/21.0.2-open
  Random Testing Seed   : C6D2CAB28C79FEB5
  Crypto Standard       : any-supported
=======================================
Locking configuration of `node{::integTest-0}`
Locking configuration of `node{::yamlRestTest-0}`
Resolve mutations for :clean (Thread[#1760,Execution worker,5,main]) started.
:clean (Thread[#1760,Execution worker,5,main]) started.
destroyer locations for task group 0 (Thread[#1762,Execution worker Thread 3,5,main]) started.

> Task :clean
Custom actions are attached to task ':clean'.
Caching disabled for task ':clean' because:
  Deletion cannot be cached
Task ':clean' is not up-to-date because:
  Task has not declared any outputs despite executing actions.
Resolve mutations for :generateEffectiveLombokConfig (Thread[#1760,Execution worker,5,main]) started.
:generateEffectiveLombokConfig (Thread[#1760,Execution worker,5,main]) started.

> Task :generateEffectiveLombokConfig FROM-CACHE
Custom actions are attached to task ':generateEffectiveLombokConfig'.
Build cache key for task ':generateEffectiveLombokConfig' is a7a369e85b033eae6672c006d2f6be0f
Task ':generateEffectiveLombokConfig' is not up-to-date because:
  Output property 'outputFile' file /Users/zweijia/IdeaProjects/OpenSearch/search-relevance/build/lombok/effective-config/lombok-main.config has been removed.
Loaded cache entry for task ':generateEffectiveLombokConfig' with cache key a7a369e85b033eae6672c006d2f6be0f
Resolve mutations for :spotlessInternalRegisterDependencies (Thread[#1760,Execution worker,5,main]) started.
:spotlessInternalRegisterDependencies (Thread[#1760,Execution worker,5,main]) started.

> Task :spotlessInternalRegisterDependencies
Caching disabled for task ':spotlessInternalRegisterDependencies' because:
  This task coordinates the setup and execution of other tasks, and should not be cached
Task ':spotlessInternalRegisterDependencies' is not up-to-date because:
  Output property 'unitOutput' file /Users/zweijia/IdeaProjects/OpenSearch/search-relevance/build/tmp/spotless-register-dependencies has been removed.
Resolve mutations for :spotlessJava (Thread[#1760,Execution worker,5,main]) started.
:spotlessJava (Thread[#1760,Execution worker,5,main]) started.

> Task :spotlessJava FROM-CACHE
Build cache key for task ':spotlessJava' is e1f6a679176384dba59d54968ecaf597
Task ':spotlessJava' is not up-to-date because:
  Output property 'cleanDirectory' file /Users/zweijia/IdeaProjects/OpenSearch/search-relevance/build/spotless-clean/spotlessJava has been removed.
  Output property 'lintsDirectory' file /Users/zweijia/IdeaProjects/OpenSearch/search-relevance/build/spotless-lints/spotlessJava has been removed.
Loaded cache entry for task ':spotlessJava' with cache key e1f6a679176384dba59d54968ecaf597
Resolve mutations for :spotlessJavaApply (Thread[#1760,Execution worker,5,main]) started.
:spotlessJavaApply (Thread[#1760,Execution worker,5,main]) started.

> Task :spotlessJavaApply UP-TO-DATE
Caching disabled for task ':spotlessJavaApply' because:
  not worth caching
Task ':spotlessJavaApply' is not up-to-date because:
  Task has not declared any outputs despite executing actions.
Resolve mutations for :spotlessLicense (Thread[#1760,Execution worker,5,main]) started.
:spotlessLicense (Thread[#1760,Execution worker,5,main]) started.

> Task :spotlessLicense FROM-CACHE
Build cache key for task ':spotlessLicense' is 1185385c3660d30848dc2d4a659203d6
Task ':spotlessLicense' is not up-to-date because:
  Output property 'cleanDirectory' file /Users/zweijia/IdeaProjects/OpenSearch/search-relevance/build/spotless-clean/spotlessLicense has been removed.
  Output property 'lintsDirectory' file /Users/zweijia/IdeaProjects/OpenSearch/search-relevance/build/spotless-lints/spotlessLicense has been removed.
Loaded cache entry for task ':spotlessLicense' with cache key 1185385c3660d30848dc2d4a659203d6
Resolve mutations for :spotlessLicenseApply (Thread[#1760,Execution worker,5,main]) started.
:spotlessLicenseApply (Thread[#1760,Execution worker,5,main]) started.

> Task :spotlessLicenseApply UP-TO-DATE
Caching disabled for task ':spotlessLicenseApply' because:
  not worth caching
Task ':spotlessLicenseApply' is not up-to-date because:
  Task has not declared any outputs despite executing actions.
Resolve mutations for :spotlessMisc (Thread[#1760,Execution worker,5,main]) started.
:spotlessMisc (Thread[#1760,Execution worker,5,main]) started.

> Task :spotlessMisc FROM-CACHE
Build cache key for task ':spotlessMisc' is 6897e813acae695066621cb8af3376c5
Task ':spotlessMisc' is not up-to-date because:
  Output property 'cleanDirectory' file /Users/zweijia/IdeaProjects/OpenSearch/search-relevance/build/spotless-clean/spotlessMisc has been removed.
  Output property 'lintsDirectory' file /Users/zweijia/IdeaProjects/OpenSearch/search-relevance/build/spotless-lints/spotlessMisc has been removed.
Loaded cache entry for task ':spotlessMisc' with cache key 6897e813acae695066621cb8af3376c5
Resolve mutations for :spotlessMiscApply (Thread[#1760,Execution worker,5,main]) started.
:spotlessMiscApply (Thread[#1760,Execution worker,5,main]) started.

> Task :spotlessMiscApply UP-TO-DATE
Caching disabled for task ':spotlessMiscApply' because:
  not worth caching
Task ':spotlessMiscApply' is not up-to-date because:
  Task has not declared any outputs despite executing actions.
Resolve mutations for :spotlessApply (Thread[#1760,Execution worker,5,main]) started.
:spotlessApply (Thread[#1760,Execution worker,5,main]) started.

> Task :spotlessApply UP-TO-DATE
Skipping task ':spotlessApply' as it has no actions.
Resolve mutations for :compileJava (Thread[#1760,Execution worker,5,main]) started.
:compileJava (Thread[#1760,Execution worker,5,main]) started.

> Task :compileJava FROM-CACHE
Build cache key for task ':compileJava' is be6782d3681352d3ea404a099635ad94
Task ':compileJava' is not up-to-date because:
  Output property 'destinationDirectory' file /Users/zweijia/IdeaProjects/OpenSearch/search-relevance/build/classes/java/main has been removed.
  Output property 'destinationDirectory' file /Users/zweijia/IdeaProjects/OpenSearch/search-relevance/build/classes/java/main/org has been removed.
  Output property 'destinationDirectory' file /Users/zweijia/IdeaProjects/OpenSearch/search-relevance/build/classes/java/main/org/opensearch has been removed.
  and more...
Loaded cache entry for task ':compileJava' with cache key be6782d3681352d3ea404a099635ad94
No compile result for :compileJava
work action resolve main (root project :) (Thread[#1760,Execution worker,5,main]) started.
Resolve mutations for :processResources (Thread[#1760,Execution worker,5,main]) started.
:processResources (Thread[#1760,Execution worker,5,main]) started.

> Task :processResources
Caching disabled for task ':processResources' because:
  Not worth caching
Task ':processResources' is not up-to-date because:
  Output property 'destinationDir' file /Users/zweijia/IdeaProjects/OpenSearch/search-relevance/build/resources/main has been removed.
  Output property 'destinationDir' file /Users/zweijia/IdeaProjects/OpenSearch/search-relevance/build/resources/main/mappings has been removed.
  Output property 'destinationDir' file /Users/zweijia/IdeaProjects/OpenSearch/search-relevance/build/resources/main/mappings/evaluation_result.json has been removed.
  and more...
Resolve mutations for :classes (Thread[#1760,Execution worker,5,main]) started.
:classes (Thread[#1760,Execution worker,5,main]) started.

> Task :classes
Skipping task ':classes' as it has no actions.
Resolve mutations for :generateTestFixturesEffectiveLombokConfig (Thread[#1760,Execution worker,5,main]) started.
:generateTestFixturesEffectiveLombokConfig (Thread[#1760,Execution worker,5,main]) started.

> Task :generateTestFixturesEffectiveLombokConfig FROM-CACHE
Custom actions are attached to task ':generateTestFixturesEffectiveLombokConfig'.
Build cache key for task ':generateTestFixturesEffectiveLombokConfig' is 351b8b5bbd4ac34049bfcc8c4f2bed16
Task ':generateTestFixturesEffectiveLombokConfig' is not up-to-date because:
  Output property 'outputFile' file /Users/zweijia/IdeaProjects/OpenSearch/search-relevance/build/lombok/effective-config/lombok-testFixtures.config has been removed.
Loaded cache entry for task ':generateTestFixturesEffectiveLombokConfig' with cache key 351b8b5bbd4ac34049bfcc8c4f2bed16
Resolve mutations for :compileTestFixturesJava (Thread[#1760,Execution worker,5,main]) started.
:compileTestFixturesJava (Thread[#1760,Execution worker,5,main]) started.

> Task :compileTestFixturesJava NO-SOURCE
Skipping task ':compileTestFixturesJava' as it has no source files and no previous output files.
work action resolve testFixtures (root project :) (Thread[#1760,Execution worker,5,main]) started.
Resolve mutations for :generateTestEffectiveLombokConfig (Thread[#1760,Execution worker,5,main]) started.
:generateTestEffectiveLombokConfig (Thread[#1760,Execution worker,5,main]) started.

> Task :generateTestEffectiveLombokConfig FROM-CACHE
Custom actions are attached to task ':generateTestEffectiveLombokConfig'.
Build cache key for task ':generateTestEffectiveLombokConfig' is e535631ce3b5819867ac95886adb0879
Task ':generateTestEffectiveLombokConfig' is not up-to-date because:
  Output property 'outputFile' file /Users/zweijia/IdeaProjects/OpenSearch/search-relevance/build/lombok/effective-config/lombok-test.config has been removed.
Loaded cache entry for task ':generateTestEffectiveLombokConfig' with cache key e535631ce3b5819867ac95886adb0879
Resolve mutations for :compileTestJava (Thread[#1765,Execution worker Thread 6,5,main]) started.
:compileTestJava (Thread[#1765,Execution worker Thread 6,5,main]) started.

> Task :compileTestJava FROM-CACHE
Build cache key for task ':compileTestJava' is d72290b3645c2fd761706026e8ce0bed
Task ':compileTestJava' is not up-to-date because:
  Output property 'destinationDirectory' file /Users/zweijia/IdeaProjects/OpenSearch/search-relevance/build/classes/java/test has been removed.
  Output property 'destinationDirectory' file /Users/zweijia/IdeaProjects/OpenSearch/search-relevance/build/classes/java/test/org has been removed.
  Output property 'destinationDirectory' file /Users/zweijia/IdeaProjects/OpenSearch/search-relevance/build/classes/java/test/org/opensearch has been removed.
  and more...
Loaded cache entry for task ':compileTestJava' with cache key d72290b3645c2fd761706026e8ce0bed
No compile result for :compileTestJava
Resolve mutations for :copyPluginPropertiesTemplate (Thread[#1765,Execution worker Thread 6,5,main]) started.
:copyPluginPropertiesTemplate (Thread[#1765,Execution worker Thread 6,5,main]) started.

> Task :copyPluginPropertiesTemplate
Custom actions are attached to task ':copyPluginPropertiesTemplate'.
Caching disabled for task ':copyPluginPropertiesTemplate' because:
  Gradle would require more information to cache this task
Task ':copyPluginPropertiesTemplate' is not up-to-date because:
  Output property '$1' file /Users/zweijia/IdeaProjects/OpenSearch/search-relevance/build/templates/plugin-descriptor.properties has been removed.
Resolve mutations for :pluginProperties (Thread[#1765,Execution worker Thread 6,5,main]) started.
:pluginProperties (Thread[#1765,Execution worker Thread 6,5,main]) started.

> Task :pluginProperties
Caching disabled for task ':pluginProperties' because:
  Not worth caching
Task ':pluginProperties' is not up-to-date because:
  Output property 'destinationDir' file /Users/zweijia/IdeaProjects/OpenSearch/search-relevance/build/generated-resources has been removed.
  Output property 'destinationDir' file /Users/zweijia/IdeaProjects/OpenSearch/search-relevance/build/generated-resources/plugin-descriptor.properties has been removed.
Resolve mutations for :copyYamlTestsTask (Thread[#1765,Execution worker Thread 6,5,main]) started.
:copyYamlTestsTask (Thread[#1765,Execution worker Thread 6,5,main]) started.

> Task :copyYamlTestsTask NO-SOURCE
Skipping task ':copyYamlTestsTask' as it has no source files and no previous output files.
Resolve mutations for :copyRestApiSpecsTask (Thread[#1765,Execution worker Thread 6,5,main]) started.
:copyRestApiSpecsTask (Thread[#1765,Execution worker Thread 6,5,main]) started.

> Task :copyRestApiSpecsTask
Caching disabled for task ':copyRestApiSpecsTask' because:
  Caching has not been enabled for the task
Task ':copyRestApiSpecsTask' is not up-to-date because:
  Output property 'outputDir' file /Users/zweijia/IdeaProjects/OpenSearch/search-relevance/build/resources/yamlRestTest/rest-api-spec/api has been removed.
  Output property 'outputDir' file /Users/zweijia/IdeaProjects/OpenSearch/search-relevance/build/resources/yamlRestTest/rest-api-spec/api/_common.json has been removed.
  Output property 'outputDir' file /Users/zweijia/IdeaProjects/OpenSearch/search-relevance/build/resources/yamlRestTest/rest-api-spec/api/bulk.json has been removed.
  and more...
Resolve mutations for :processTestResources (Thread[#1765,Execution worker Thread 6,5,main]) started.
:processTestResources (Thread[#1765,Execution worker Thread 6,5,main]) started.

> Task :processTestResources
Caching disabled for task ':processTestResources' because:
  Not worth caching
Task ':processTestResources' is not up-to-date because:
  Output property 'destinationDir' file /Users/zweijia/IdeaProjects/OpenSearch/search-relevance/build/resources/test has been removed.
  Output property 'destinationDir' file /Users/zweijia/IdeaProjects/OpenSearch/search-relevance/build/resources/test/data_esci has been removed.
  Output property 'destinationDir' file /Users/zweijia/IdeaProjects/OpenSearch/search-relevance/build/resources/test/data_esci/BulkIngestDocuments.json has been removed.
  and more...
Resolve mutations for :testClasses (Thread[#1765,Execution worker Thread 6,5,main]) started.
:testClasses (Thread[#1765,Execution worker Thread 6,5,main]) started.

> Task :testClasses
Skipping task ':testClasses' as it has no actions.
Resolve mutations for :processTestFixturesResources (Thread[#1765,Execution worker Thread 6,5,main]) started.
:processTestFixturesResources (Thread[#1765,Execution worker Thread 6,5,main]) started.

> Task :processTestFixturesResources NO-SOURCE
Skipping task ':processTestFixturesResources' as it has no source files and no previous output files.
Resolve mutations for :testFixturesClasses (Thread[#1765,Execution worker Thread 6,5,main]) started.
:testFixturesClasses (Thread[#1765,Execution worker Thread 6,5,main]) started.

> Task :testFixturesClasses UP-TO-DATE
Skipping task ':testFixturesClasses' as it has no actions.
Resolve mutations for :forbiddenApisResources (Thread[#1765,Execution worker Thread 6,5,main]) started.
:forbiddenApisResources (Thread[#1765,Execution worker Thread 6,5,main]) started.

> Task :forbiddenApisResources
Classpath: /Users/zweijia/.gradle/wrapper/dists/gradle-9.2.0-all/nt91iow53c3jp9bx2j9i769a/gradle-9.2.0/lib/gradle-daemon-main-9.2.0.jar
Caching disabled for task ':forbiddenApisResources' because:
  Caching has not been enabled for the task
Task ':forbiddenApisResources' is not up-to-date because:
  Output property 'outputDir' file /Users/zweijia/IdeaProjects/OpenSearch/search-relevance/build/forbidden-apis-config has been removed.
  Output property 'outputDir' file /Users/zweijia/IdeaProjects/OpenSearch/search-relevance/build/forbidden-apis-config/forbidden has been removed.
  Output property 'outputDir' file /Users/zweijia/IdeaProjects/OpenSearch/search-relevance/build/forbidden-apis-config/forbidden/http-signatures.txt has been removed.
  and more...
Resolve mutations for :forbiddenApisMain (Thread[#1765,Execution worker Thread 6,5,main]) started.
:forbiddenApisMain (Thread[#1765,Execution worker Thread 6,5,main]) started.

> Task :forbiddenApisMain UP-TO-DATE
Caching disabled for task ':forbiddenApisMain' because:
  Caching has not been enabled for the task
Skipping task ':forbiddenApisMain' as it is up-to-date.
Resolve mutations for :jar (Thread[#1765,Execution worker Thread 6,5,main]) started.
:jar (Thread[#1765,Execution worker Thread 6,5,main]) started.

> Task :jar
Custom actions are attached to task ':jar'.
Caching disabled for task ':jar' because:
  Not worth caching
Task ':jar' is not up-to-date because:
  Output property 'archiveFile' file /Users/zweijia/IdeaProjects/OpenSearch/search-relevance/build/distributions/opensearch-search-relevance-3.3.0.0-SNAPSHOT.jar has been removed.
work action resolve opensearch-search-relevance-3.3.0.0-SNAPSHOT.jar (root project :) (Thread[#1765,Execution worker Thread 6,5,main]) started.
Resolve mutations for :testFixturesJar (Thread[#1765,Execution worker Thread 6,5,main]) started.
:testFixturesJar (Thread[#1765,Execution worker Thread 6,5,main]) started.

> Task :testFixturesJar
Custom actions are attached to task ':testFixturesJar'.
Caching disabled for task ':testFixturesJar' because:
  Not worth caching
Task ':testFixturesJar' is not up-to-date because:
  Output property 'archiveFile' file /Users/zweijia/IdeaProjects/OpenSearch/search-relevance/build/distributions/opensearch-search-relevance-3.3.0.0-SNAPSHOT-test-fixtures.jar has been removed.
file or directory '/Users/zweijia/IdeaProjects/OpenSearch/search-relevance/build/classes/java/testFixtures', not found
file or directory '/Users/zweijia/IdeaProjects/OpenSearch/search-relevance/build/resources/testFixtures', not found
work action resolve opensearch-search-relevance-3.3.0.0-SNAPSHOT-test-fixtures.jar (root project :) (Thread[#1765,Execution worker Thread 6,5,main]) started.
Resolve mutations for :forbiddenApisTest (Thread[#1765,Execution worker Thread 6,5,main]) started.
:forbiddenApisTest (Thread[#1765,Execution worker Thread 6,5,main]) started.

> Task :forbiddenApisTest UP-TO-DATE
Caching disabled for task ':forbiddenApisTest' because:
  Caching has not been enabled for the task
Skipping task ':forbiddenApisTest' as it is up-to-date.
Resolve mutations for :forbiddenApisTestFixtures (Thread[#1765,Execution worker Thread 6,5,main]) started.
:forbiddenApisTestFixtures (Thread[#1765,Execution worker Thread 6,5,main]) started.

> Task :forbiddenApisTestFixtures NO-SOURCE
Skipping task ':forbiddenApisTestFixtures' as it has no source files and no previous output files.
Resolve mutations for :generateYamlRestTestEffectiveLombokConfig (Thread[#1765,Execution worker Thread 6,5,main]) started.
:generateYamlRestTestEffectiveLombokConfig (Thread[#1765,Execution worker Thread 6,5,main]) started.

> Task :generateYamlRestTestEffectiveLombokConfig FROM-CACHE
Custom actions are attached to task ':generateYamlRestTestEffectiveLombokConfig'.
Build cache key for task ':generateYamlRestTestEffectiveLombokConfig' is c0ba7e611783ae1b04d1cf8ebdc3a304
Task ':generateYamlRestTestEffectiveLombokConfig' is not up-to-date because:
  Output property 'outputFile' file /Users/zweijia/IdeaProjects/OpenSearch/search-relevance/build/lombok/effective-config/lombok-yamlRestTest.config has been removed.
Loaded cache entry for task ':generateYamlRestTestEffectiveLombokConfig' with cache key c0ba7e611783ae1b04d1cf8ebdc3a304
Resolve mutations for :compileYamlRestTestJava (Thread[#1765,Execution worker Thread 6,5,main]) started.
:compileYamlRestTestJava (Thread[#1765,Execution worker Thread 6,5,main]) started.

> Task :compileYamlRestTestJava FROM-CACHE
Build cache key for task ':compileYamlRestTestJava' is ad0aa4b0d35491526ed7ad716bad7b42
Task ':compileYamlRestTestJava' is not up-to-date because:
  Output property 'destinationDirectory' file /Users/zweijia/IdeaProjects/OpenSearch/search-relevance/build/classes/java/yamlRestTest has been removed.
  Output property 'destinationDirectory' file /Users/zweijia/IdeaProjects/OpenSearch/search-relevance/build/classes/java/yamlRestTest/org has been removed.
  Output property 'destinationDirectory' file /Users/zweijia/IdeaProjects/OpenSearch/search-relevance/build/classes/java/yamlRestTest/org/opensearch has been removed.
  and more...
Loaded cache entry for task ':compileYamlRestTestJava' with cache key ad0aa4b0d35491526ed7ad716bad7b42
No compile result for :compileYamlRestTestJava
Resolve mutations for :processYamlRestTestResources (Thread[#1765,Execution worker Thread 6,5,main]) started.
:processYamlRestTestResources (Thread[#1765,Execution worker Thread 6,5,main]) started.

> Task :processYamlRestTestResources
Caching disabled for task ':processYamlRestTestResources' because:
  Not worth caching
Task ':processYamlRestTestResources' is not up-to-date because:
  Output property 'destinationDir' file /Users/zweijia/IdeaProjects/OpenSearch/search-relevance/build/resources/yamlRestTest/rest-api-spec/test has been removed.
  Output property 'destinationDir' file /Users/zweijia/IdeaProjects/OpenSearch/search-relevance/build/resources/yamlRestTest/rest-api-spec/test/10_basic.yml has been removed.
Resolve mutations for :yamlRestTestClasses (Thread[#1765,Execution worker Thread 6,5,main]) started.
:yamlRestTestClasses (Thread[#1765,Execution worker Thread 6,5,main]) started.

> Task :yamlRestTestClasses
Skipping task ':yamlRestTestClasses' as it has no actions.
Resolve mutations for :forbiddenApisYamlRestTest (Thread[#1765,Execution worker Thread 6,5,main]) started.
:forbiddenApisYamlRestTest (Thread[#1765,Execution worker Thread 6,5,main]) started.

> Task :forbiddenApisYamlRestTest UP-TO-DATE
Caching disabled for task ':forbiddenApisYamlRestTest' because:
  Caching has not been enabled for the task
Skipping task ':forbiddenApisYamlRestTest' as it is up-to-date.
Resolve mutations for :forbiddenApis (Thread[#1765,Execution worker Thread 6,5,main]) started.
:forbiddenApis (Thread[#1765,Execution worker Thread 6,5,main]) started.

> Task :forbiddenApis UP-TO-DATE
Skipping task ':forbiddenApis' as it has no actions.
Resolve mutations for :dependencyLicenses (Thread[#1765,Execution worker Thread 6,5,main]) started.
:dependencyLicenses (Thread[#1765,Execution worker Thread 6,5,main]) started.

> Task :dependencyLicenses SKIPPED
Skipping task ':dependencyLicenses' as task onlyIf 'Task is enabled' is false.
Resolve mutations for :filepermissions (Thread[#1759,included builds,5,main]) started.
:filepermissions (Thread[#1759,included builds,5,main]) started.

> Task :filepermissions
Caching disabled for task ':filepermissions' because:
  Caching has not been enabled for the task
Task ':filepermissions' is not up-to-date because:
  Output property 'outputMarker' file /Users/zweijia/IdeaProjects/OpenSearch/search-relevance/build/markers/filePermissions has been removed.
file or directory '/Users/zweijia/IdeaProjects/OpenSearch/search-relevance/src/testFixtures/resources', not found
file or directory '/Users/zweijia/IdeaProjects/OpenSearch/search-relevance/src/testFixtures/java', not found
Resolve mutations for :forbiddenPatterns (Thread[#1759,included builds,5,main]) started.
:forbiddenPatterns (Thread[#1759,included builds,5,main]) started.

> Task :forbiddenPatterns
Caching disabled for task ':forbiddenPatterns' because:
  Caching has not been enabled for the task
Task ':forbiddenPatterns' is not up-to-date because:
  Output property 'outputMarker' file /Users/zweijia/IdeaProjects/OpenSearch/search-relevance/build/markers/forbiddenPatterns has been removed.
file or directory '/Users/zweijia/IdeaProjects/OpenSearch/search-relevance/src/testFixtures/resources', not found
file or directory '/Users/zweijia/IdeaProjects/OpenSearch/search-relevance/src/testFixtures/java', not found
Resolve mutations for :jarHell (Thread[#1759,included builds,5,main]) started.
:jarHell (Thread[#1759,included builds,5,main]) started.

> Task :jarHell FROM-CACHE
Build cache key for task ':jarHell' is 9acc0d7085af8f95f2a3e5646c00ffab
Task ':jarHell' is not up-to-date because:
  Output property 'successMarker' file /Users/zweijia/IdeaProjects/OpenSearch/search-relevance/build/markers/jarHell has been removed.
Loaded cache entry for task ':jarHell' with cache key 9acc0d7085af8f95f2a3e5646c00ffab
Resolve mutations for :licenseHeaders (Thread[#1759,included builds,5,main]) started.
:licenseHeaders (Thread[#1759,included builds,5,main]) started.

> Task :licenseHeaders
Caching disabled for task ':licenseHeaders' because:
  Caching has not been enabled for the task
Task ':licenseHeaders' is not up-to-date because:
  Output property 'reportFile' file /Users/zweijia/IdeaProjects/OpenSearch/search-relevance/build/reports/licenseHeaders/rat.log has been removed.
Resolve mutations for :loggerUsageCheck (Thread[#1759,included builds,5,main]) started.
:loggerUsageCheck (Thread[#1759,included builds,5,main]) started.

> Task :loggerUsageCheck SKIPPED
Skipping task ':loggerUsageCheck' as task onlyIf 'Task is enabled' is false.
Resolve mutations for :testingConventions (Thread[#1759,included builds,5,main]) started.
:testingConventions (Thread[#1759,included builds,5,main]) started.

> Task :testingConventions
Caching disabled for task ':testingConventions' because:
  Caching has not been enabled for the task
Task ':testingConventions' is not up-to-date because:
  Output property 'successMarker' file /Users/zweijia/IdeaProjects/OpenSearch/search-relevance/build/markers/testingConventions has been removed.
Resolve mutations for :thirdPartyAuditResources (Thread[#1759,included builds,5,main]) started.
:thirdPartyAuditResources (Thread[#1759,included builds,5,main]) started.

> Task :thirdPartyAuditResources
Classpath: /Users/zweijia/.gradle/wrapper/dists/gradle-9.2.0-all/nt91iow53c3jp9bx2j9i769a/gradle-9.2.0/lib/gradle-daemon-main-9.2.0.jar
Caching disabled for task ':thirdPartyAuditResources' because:
  Caching has not been enabled for the task
Task ':thirdPartyAuditResources' is not up-to-date because:
  Output property 'outputDir' file /Users/zweijia/IdeaProjects/OpenSearch/search-relevance/build/third-party-audit-config has been removed.
  Output property 'outputDir' file /Users/zweijia/IdeaProjects/OpenSearch/search-relevance/build/third-party-audit-config/forbidden has been removed.
  Output property 'outputDir' file /Users/zweijia/IdeaProjects/OpenSearch/search-relevance/build/third-party-audit-config/forbidden/third-party-audit.txt has been removed.
Resolve mutations for :thirdPartyAudit (Thread[#1759,included builds,5,main]) started.
:thirdPartyAudit (Thread[#1759,included builds,5,main]) started.

> Task :thirdPartyAudit SKIPPED
Skipping task ':thirdPartyAudit' as task onlyIf 'Task is enabled' is false.
Resolve mutations for :generatePomFileForNebulaPublication (Thread[#1759,included builds,5,main]) started.
:generatePomFileForNebulaPublication (Thread[#1759,included builds,5,main]) started.

> Task :generatePomFileForNebulaPublication
Caching disabled for task ':generatePomFileForNebulaPublication' because:
  Task is untracked because: Gradle doesn't understand the data structures used to configure this task
Task ':generatePomFileForNebulaPublication' is not up-to-date because:
  Task is untracked because: Gradle doesn't understand the data structures used to configure this task
Maven publication 'nebula' pom metadata warnings (silence with 'suppressPomMetadataWarningsFor(variant)'):
  - Variant testFixturesApiElements:
      - Declares capability org.opensearch:opensearch-search-relevance-test-fixtures:3.3.0.0-SNAPSHOT which cannot be mapped to Maven
  - Variant testFixturesRuntimeElements:
      - Declares capability org.opensearch:opensearch-search-relevance-test-fixtures:3.3.0.0-SNAPSHOT which cannot be mapped to Maven
These issues indicate information that is lost in the published 'pom' metadata file, which may be an issue if the published library is consumed by an old Gradle version or Apache Maven.
The 'module' metadata file, which is used by Gradle 6+ is not affected.
Resolve mutations for :generatePomFileForPluginZipPublication (Thread[#1759,included builds,5,main]) started.
:generatePomFileForPluginZipPublication (Thread[#1759,included builds,5,main]) started.

> Task :generatePomFileForPluginZipPublication
Caching disabled for task ':generatePomFileForPluginZipPublication' because:
  Task is untracked because: Gradle doesn't understand the data structures used to configure this task
Task ':generatePomFileForPluginZipPublication' is not up-to-date because:
  Task is untracked because: Gradle doesn't understand the data structures used to configure this task
Resolve mutations for :validateNebulaPom (Thread[#1759,included builds,5,main]) started.
:validateNebulaPom (Thread[#1759,included builds,5,main]) started.

> Task :validateNebulaPom SKIPPED
Skipping task ':validateNebulaPom' as task onlyIf 'Task is enabled' is false.
Resolve mutations for :validatePluginZipPom (Thread[#1759,included builds,5,main]) started.
:validatePluginZipPom (Thread[#1759,included builds,5,main]) started.

> Task :validatePluginZipPom
Caching disabled for task ':validatePluginZipPom' because:
  Caching has not been enabled for the task
Task ':validatePluginZipPom' is not up-to-date because:
  Output property 'successMarker' file /Users/zweijia/IdeaProjects/OpenSearch/search-relevance/build/markers/validatePluginZipPom has been removed.
groupId with value org.opensearch.plugin is validated.
artifactId with value opensearch-search-relevance is validated.
version with value 3.3.0.0-SNAPSHOT is validated.
name with value opensearch-search-relevance is validated.
description with value opensearch plugin that enables users to fine tuning search based on search relevance judgments is validated.
url with value https://github.com/weijia-aws/search-relevance is validated.
licenses.name with value The Apache License, Version 2.0 is validated.
licenses.url with value http://www.apache.org/licenses/LICENSE-2.0.txt is validated.
developers.name with value OpenSearch is validated.
developers.url with value https://github.com/opensearch-project/search-relevance is validated.
scm.url with value git@github.com:weijia-aws/search-relevance.git is validated.
Resolve mutations for :validatePom (Thread[#1759,included builds,5,main]) started.
:validatePom (Thread[#1759,included builds,5,main]) started.

> Task :validatePom
Skipping task ':validatePom' as it has no actions.
Resolve mutations for :precommit (Thread[#1759,included builds,5,main]) started.
:precommit (Thread[#1759,included builds,5,main]) started.

> Task :precommit
Skipping task ':precommit' as it has no actions.
Resolve mutations for :generateNotice (Thread[#1759,included builds,5,main]) started.
:generateNotice (Thread[#1759,included builds,5,main]) started.

> Task :generateNotice
Caching disabled for task ':generateNotice' because:
  Caching has not been enabled for the task
Task ':generateNotice' is not up-to-date because:
  Output property 'outputFile' file /Users/zweijia/IdeaProjects/OpenSearch/search-relevance/build/notices/generateNotice/NOTICE.txt has been removed.
Resolve mutations for :bundlePlugin (Thread[#1759,included builds,5,main]) started.
:bundlePlugin (Thread[#1759,included builds,5,main]) started.

> Task :bundlePlugin
Caching disabled for task ':bundlePlugin' because:
  Not worth caching
Task ':bundlePlugin' is not up-to-date because:
  Output property 'archiveFile' file /Users/zweijia/IdeaProjects/OpenSearch/search-relevance/build/distributions/opensearch-search-relevance-3.3.0.0-SNAPSHOT.zip has been removed.
file or directory '/Users/zweijia/IdeaProjects/OpenSearch/search-relevance/src/main/packaging', not found
Resolve mutations for :prepareJavaAgent (Thread[#1759,included builds,5,main]) started.
:prepareJavaAgent (Thread[#1759,included builds,5,main]) started.

> Task :prepareJavaAgent
Caching disabled for task ':prepareJavaAgent' because:
  Not worth caching
Task ':prepareJavaAgent' is not up-to-date because:
  Output property 'destinationDir' file /Users/zweijia/IdeaProjects/OpenSearch/search-relevance/build/agent has been removed.
  Output property 'destinationDir' file /Users/zweijia/IdeaProjects/OpenSearch/search-relevance/build/agent/byte-buddy-1.17.7.jar has been removed.
  Output property 'destinationDir' file /Users/zweijia/IdeaProjects/OpenSearch/search-relevance/build/agent/opensearch-agent-3.3.0-SNAPSHOT.jar has been removed.
  and more...
Resolve mutations for :integTest (Thread[#1759,included builds,5,main]) started.
:integTest (Thread[#1759,included builds,5,main]) started.

> Task :integTest
Custom actions are attached to task ':integTest'.
Build cache key for task ':integTest' is b383a17bee16a55bb59c48bf3804c935
Task ':integTest' is not up-to-date because:
  Value of input property 'systemProperties' has changed for task ':integTest'
Starting `node{::integTest-0}`
Tweak jvm options /Users/zweijia/IdeaProjects/OpenSearch/search-relevance/build/testclusters/integTest-0/config/jvm.options.
Written config file:/Users/zweijia/IdeaProjects/OpenSearch/search-relevance/build/testclusters/integTest-0/config/opensearch.yml for node{::integTest-0}
Starting process 'command './bin/opensearch-plugin''. Working directory: /Users/zweijia/IdeaProjects/OpenSearch/search-relevance/build/testclusters/integTest-0/distro/3.3.0-ARCHIVE Command: ./bin/opensearch-plugin install --batch file:/Users/zweijia/.gradle/caches/modules-2/files-2.1/org.opensearch.plugin/opensearch-job-scheduler/3.3.0.0-SNAPSHOT/18df9038face890abedd80e519b81ceea1b2df77/opensearch-job-scheduler-3.3.0.0-SNAPSHOT.zip file:/Users/zweijia/.gradle/caches/modules-2/files-2.1/org.opensearch.plugin/opensearch-ml-plugin/3.3.0.0-SNAPSHOT/4f0a81f497d39998045d264ca3dcf9553e324478/opensearch-ml-plugin-3.3.0.0-SNAPSHOT.zip file:/Users/zweijia/.gradle/caches/modules-2/files-2.1/org.opensearch.plugin/opensearch-knn/3.3.0.0-SNAPSHOT/3967e50814cc251b2c9f1b1466b9ca4dcd9811bd/opensearch-knn-3.3.0.0-SNAPSHOT.zip file:/Users/zweijia/.gradle/caches/modules-2/files-2.1/org.opensearch.plugin/neural-search/3.3.0.0-SNAPSHOT/76475680de0c863b6263968e7ea08f2698cde190/neural-search-3.3.0.0-SNAPSHOT.zip file:/Users/zweijia/.gradle/caches/modules-2/files-2.1/org.opensearch.plugin/opensearch-ubi/3.3.0.0-SNAPSHOT/3d1631ce155fddd74f6c02c18a7f3385e6eddc05/opensearch-ubi-3.3.0.0-SNAPSHOT.zip file:/Users/zweijia/IdeaProjects/OpenSearch/search-relevance/build/distributions/opensearch-search-relevance-3.3.0.0-SNAPSHOT.zip
Successfully started process 'command './bin/opensearch-plugin''
-> Installing file:/Users/zweijia/.gradle/caches/modules-2/files-2.1/org.opensearch.plugin/opensearch-job-scheduler/3.3.0.0-SNAPSHOT/18df9038face890abedd80e519b81ceea1b2df77/opensearch-job-scheduler-3.3.0.0-SNAPSHOT.zip
-> Downloading file:/Users/zweijia/.gradle/caches/modules-2/files-2.1/org.opensearch.plugin/opensearch-job-scheduler/3.3.0.0-SNAPSHOT/18df9038face890abedd80e519b81ceea1b2df77/opensearch-job-scheduler-3.3.0.0-SNAPSHOT.zip
-> Installed opensearch-job-scheduler with folder name opensearch-job-scheduler
-> Installing file:/Users/zweijia/.gradle/caches/modules-2/files-2.1/org.opensearch.plugin/opensearch-ml-plugin/3.3.0.0-SNAPSHOT/4f0a81f497d39998045d264ca3dcf9553e324478/opensearch-ml-plugin-3.3.0.0-SNAPSHOT.zip
-> Downloading file:/Users/zweijia/.gradle/caches/modules-2/files-2.1/org.opensearch.plugin/opensearch-ml-plugin/3.3.0.0-SNAPSHOT/4f0a81f497d39998045d264ca3dcf9553e324478/opensearch-ml-plugin-3.3.0.0-SNAPSHOT.zip
13:30:50.523 [main] WARN  org.opensearch.plugins.PluginsService - Missing plugin [opensearch-security], dependency of [opensearch-ml]
13:30:50.524 [main] WARN  org.opensearch.plugins.PluginsService - Some features of this plugin may not function without the dependencies being installed.

@@@@@@@@@@@@@@@@@@@@@@@@@@@@@@@@@@@@@@@@@@@@@@@@@@@@@@@@@@@
@     WARNING: plugin requires additional permissions     @
@@@@@@@@@@@@@@@@@@@@@@@@@@@@@@@@@@@@@@@@@@@@@@@@@@@@@@@@@@@
* java.io.FilePermission /Users/zweijia/.aws/- read
* java.io.FilePermission <<ALL FILES>> read
* java.lang.RuntimePermission accessDeclaredMembers
* java.lang.RuntimePermission accessUserInformation
* java.lang.RuntimePermission createClassLoader
* java.lang.RuntimePermission getClassLoader
* java.lang.RuntimePermission getFileSystemAttributes
* java.lang.RuntimePermission loadLibrary.*
* java.lang.RuntimePermission setContextClassLoader
* java.lang.RuntimePermission shutdownHooks
* java.net.NetPermission accessUnixDomainSocket
* java.net.SocketPermission * connect,resolve
* java.util.PropertyPermission * read,write
* java.util.PropertyPermission DJL_CACHE_DIR read,write
* java.util.PropertyPermission PYTORCH_PRECXX11 read,write
* java.util.PropertyPermission java.library.path read,write
See http://docs.oracle.com/javase/8/docs/technotes/guides/security/permissions.html
for descriptions of what these permissions allow and the associated risks.
-> Installed opensearch-ml with folder name opensearch-ml
-> Installing file:/Users/zweijia/.gradle/caches/modules-2/files-2.1/org.opensearch.plugin/opensearch-knn/3.3.0.0-SNAPSHOT/3967e50814cc251b2c9f1b1466b9ca4dcd9811bd/opensearch-knn-3.3.0.0-SNAPSHOT.zip
-> Downloading file:/Users/zweijia/.gradle/caches/modules-2/files-2.1/org.opensearch.plugin/opensearch-knn/3.3.0.0-SNAPSHOT/3967e50814cc251b2c9f1b1466b9ca4dcd9811bd/opensearch-knn-3.3.0.0-SNAPSHOT.zip
13:30:51.014 [main] WARN  org.opensearch.plugins.PluginsService - Missing plugin [opensearch-security], dependency of [opensearch-ml]
13:30:51.014 [main] WARN  org.opensearch.plugins.PluginsService - Some features of this plugin may not function without the dependencies being installed.

@@@@@@@@@@@@@@@@@@@@@@@@@@@@@@@@@@@@@@@@@@@@@@@@@@@@@@@@@@@
@     WARNING: plugin requires additional permissions     @
@@@@@@@@@@@@@@@@@@@@@@@@@@@@@@@@@@@@@@@@@@@@@@@@@@@@@@@@@@@
* java.io.FilePermission /proc/cpuinfo read
* java.lang.RuntimePermission accessDeclaredMembers
* java.lang.RuntimePermission loadLibrary.opensearchknn_common
* java.lang.RuntimePermission loadLibrary.opensearchknn_faiss
* java.lang.RuntimePermission loadLibrary.opensearchknn_faiss_avx2
* java.lang.RuntimePermission loadLibrary.opensearchknn_faiss_avx512
* java.lang.RuntimePermission loadLibrary.opensearchknn_faiss_avx512_spr
* java.lang.RuntimePermission loadLibrary.opensearchknn_nmslib
* java.net.SocketPermission * connect,resolve
See http://docs.oracle.com/javase/8/docs/technotes/guides/security/permissions.html
for descriptions of what these permissions allow and the associated risks.
-> Installed opensearch-knn with folder name opensearch-knn
-> Installing file:/Users/zweijia/.gradle/caches/modules-2/files-2.1/org.opensearch.plugin/neural-search/3.3.0.0-SNAPSHOT/76475680de0c863b6263968e7ea08f2698cde190/neural-search-3.3.0.0-SNAPSHOT.zip
-> Downloading file:/Users/zweijia/.gradle/caches/modules-2/files-2.1/org.opensearch.plugin/neural-search/3.3.0.0-SNAPSHOT/76475680de0c863b6263968e7ea08f2698cde190/neural-search-3.3.0.0-SNAPSHOT.zip
13:30:51.581 [main] WARN  org.opensearch.plugins.PluginsService - Missing plugin [opensearch-security], dependency of [opensearch-ml]
13:30:51.582 [main] WARN  org.opensearch.plugins.PluginsService - Some features of this plugin may not function without the dependencies being installed.

@@@@@@@@@@@@@@@@@@@@@@@@@@@@@@@@@@@@@@@@@@@@@@@@@@@@@@@@@@@
@     WARNING: plugin requires additional permissions     @
@@@@@@@@@@@@@@@@@@@@@@@@@@@@@@@@@@@@@@@@@@@@@@@@@@@@@@@@@@@
* java.lang.RuntimePermission accessDeclaredMembers
* java.lang.RuntimePermission getClassLoader
* java.lang.RuntimePermission setContextClassLoader
See http://docs.oracle.com/javase/8/docs/technotes/guides/security/permissions.html
for descriptions of what these permissions allow and the associated risks.
-> Installed opensearch-neural-search with folder name opensearch-neural-search
-> Installing file:/Users/zweijia/.gradle/caches/modules-2/files-2.1/org.opensearch.plugin/opensearch-ubi/3.3.0.0-SNAPSHOT/3d1631ce155fddd74f6c02c18a7f3385e6eddc05/opensearch-ubi-3.3.0.0-SNAPSHOT.zip
-> Downloading file:/Users/zweijia/.gradle/caches/modules-2/files-2.1/org.opensearch.plugin/opensearch-ubi/3.3.0.0-SNAPSHOT/3d1631ce155fddd74f6c02c18a7f3385e6eddc05/opensearch-ubi-3.3.0.0-SNAPSHOT.zip
13:30:52.016 [main] WARN  org.opensearch.plugins.PluginsService - Missing plugin [opensearch-security], dependency of [opensearch-ml]
13:30:52.016 [main] WARN  org.opensearch.plugins.PluginsService - Some features of this plugin may not function without the dependencies being installed.

-> Installed opensearch-ubi with folder name opensearch-ubi
-> Installing file:/Users/zweijia/IdeaProjects/OpenSearch/search-relevance/build/distributions/opensearch-search-relevance-3.3.0.0-SNAPSHOT.zip
-> Downloading file:/Users/zweijia/IdeaProjects/OpenSearch/search-relevance/build/distributions/opensearch-search-relevance-3.3.0.0-SNAPSHOT.zip
13:30:52.905 [main] WARN  org.opensearch.plugins.PluginsService - Missing plugin [opensearch-security], dependency of [opensearch-ml]
13:30:52.905 [main] WARN  org.opensearch.plugins.PluginsService - Some features of this plugin may not function without the dependencies being installed.

@@@@@@@@@@@@@@@@@@@@@@@@@@@@@@@@@@@@@@@@@@@@@@@@@@@@@@@@@@@
@     WARNING: plugin requires additional permissions     @
@@@@@@@@@@@@@@@@@@@@@@@@@@@@@@@@@@@@@@@@@@@@@@@@@@@@@@@@@@@
* java.lang.RuntimePermission accessDeclaredMembers
* java.lang.RuntimePermission getClassLoader
* java.lang.RuntimePermission setContextClassLoader
See http://docs.oracle.com/javase/8/docs/technotes/guides/security/permissions.html
for descriptions of what these permissions allow and the associated risks.
-> Installed opensearch-search-relevance with folder name opensearch-search-relevance
Starting process 'command './bin/opensearch-keystore''. Working directory: /Users/zweijia/IdeaProjects/OpenSearch/search-relevance/build/testclusters/integTest-0/distro/3.3.0-ARCHIVE Command: ./bin/opensearch-keystore -v create
Successfully started process 'command './bin/opensearch-keystore''
Created opensearch keystore in /Users/zweijia/IdeaProjects/OpenSearch/search-relevance/build/testclusters/integTest-0/config/opensearch.keystore
Not installing 0(s) since the [testclusters--integTest-0-3.3.0-SNAPSHOT-_archive_3.3.0-SNAPSHOT] distribution already has them
Running `[/Users/zweijia/IdeaProjects/OpenSearch/search-relevance/build/testclusters/integTest-0/distro/3.3.0-ARCHIVE/./bin/opensearch]` in `/Users/zweijia/IdeaProjects/OpenSearch/search-relevance/build/testclusters/integTest-0` for node{::integTest-0} env: {OPENSEARCH_PATH_CONF=/Users/zweijia/IdeaProjects/OpenSearch/search-relevance/build/testclusters/integTest-0/config, OPENSEARCH_TMPDIR=/Users/zweijia/IdeaProjects/OpenSearch/search-relevance/build/testclusters/integTest-0/tmp, JAVA_HOME=/Users/zweijia/.sdkman/candidates/java/21.0.2-open, OPENSEARCH_JAVA_OPTS=-Xms512m -Xmx512m -ea -esa   , HOSTNAME=LinuxDarwinHostname, TMP=/Users/zweijia/IdeaProjects/OpenSearch/search-relevance/build/testclusters/integTest-0/tmp, COMPUTERNAME=WindowsComputername}
Copying reaper.jar...
Launching reaper: /Users/zweijia/.sdkman/candidates/java/21.0.2-open/bin/java -Xms4m -Xmx16m -jar /Users/zweijia/IdeaProjects/OpenSearch/search-relevance/build/reaper/reaper.jar /Users/zweijia/IdeaProjects/OpenSearch/search-relevance/.gradle/reaper/build-83574
node{::integTest-0}: ports files took 6.042 seconds
node{::integTest-0}: ports files took 0.001 seconds
Starting to wait for cluster to form
cluster{::integTest}: cluster health yellow took 0.236 seconds
node{::integTest-0}: ports files took 0.0 seconds
Starting to wait for cluster to form
cluster{::integTest}: cluster health yellow took 0.004 seconds
node{::integTest-0}: ports files took 0.0 seconds
node{::integTest-0}: ports files took 0.0 seconds
Starting to wait for cluster to form
cluster{::integTest}: cluster health yellow took 0.005 seconds
node{::integTest-0}: ports files took 0.0 seconds
Starting process 'Gradle Test Executor 26'. Working directory: /Users/zweijia/IdeaProjects/OpenSearch/search-relevance/build/testrun/integTest Command: /Users/zweijia/.sdkman/candidates/java/21.0.2-open/bin/java -DbuildDir=/Users/zweijia/IdeaProjects/OpenSearch/search-relevance/build -Dcluster.debug=false -Dcluster.number_of_nodes=1 -Dgradle.dist.lib=/Users/zweijia/.gradle/wrapper/dists/gradle-9.2.0-all/nt91iow53c3jp9bx2j9i769a/gradle-9.2.0/lib -Dgradle.user.home=/Users/zweijia/.gradle -Dgradle.worker.jar=/Users/zweijia/.gradle/caches/9.2.0/workerMain/gradle-worker.jar -Dhttps=false -Dio.netty.noKeySetOptimization=true -Dio.netty.noUnsafe=true -Dio.netty.recycler.maxCapacityPerThread=0 -Djava.awt.headless=true -Djava.locale.providers=SPI,CLDR -Djna.nosys=true -Dopensearch.scripting.update.ctx_in_params=false -Dopensearch.search.rewrite_sort=true -Dopensearch.transport.cname_in_publish_address=true -Dorg.gradle.internal.worker.tmpdir=/Users/zweijia/IdeaProjects/OpenSearch/search-relevance/build/tmp/integTest/work -Dpassword=admin -Dsecurity=false -Dtests.artifact=opensearch-search-relevance -Dtests.cluster=[::1]:64039,127.0.0.1:64040 -Dtests.clustername=integTest -Dtests.gradle=true -Dtests.logger.level=WARN -Dtests.rest.cluster=[::1]:64041,127.0.0.1:64042 -Dtests.rest.load_packaged=false -Dtests.security.manager=false -Dtests.seed=C6D2CAB28C79FEB5 -Dtests.task=:integTest -Dubi.available=true -Duser=admin -XX:+HeapDumpOnOutOfMemoryError -esa -javaagent:/Users/zweijia/IdeaProjects/OpenSearch/search-relevance/build/agent/opensearch-agent-3.3.0-SNAPSHOT.jar -XX:HeapDumpPath=/Users/zweijia/IdeaProjects/OpenSearch/search-relevance/build/heapdump -javaagent:/Users/zweijia/IdeaProjects/OpenSearch/search-relevance/build/tmp/.cache/expanded/zip_9892ccb804f78c0637616b68610d363f/jacocoagent.jar=destfile=../../jacoco/integTest.exec,append=true,inclnolocationclasses=false,dumponexit=true,output=file,jmx=false @/Users/zweijia/.gradle/.tmp/gradle-worker-classpath1652940341800402682txt -Xms512m -Xmx512m -Dfile.encoding=UTF-8 -Djava.io.tmpdir=/Users/zweijia/IdeaProjects/OpenSearch/search-relevance/build/testrun/integTest/temp -Duser.country=US -Duser.language=en -Duser.variant -ea worker.org.gradle.process.internal.worker.GradleWorkerMain 'Gradle Test Executor 26'
Successfully started process 'Gradle Test Executor 26'

Gradle Test Executor 26 started executing tests.

> Task :integTest

CalculateJudgmentsIT STANDARD_ERROR
    Nov 21, 2025 1:31:03 PM org.apache.lucene.internal.vectorization.VectorizationProvider lookup
    WARNING: Java vector incubator module is not readable. For optimal vector performance, pass '--add-modules jdk.incubator.vector' to enable Vector API.

CalculateJudgmentsIT > testCalculateJudgments STANDARD_OUT
    [2025-11-22T09:31:03,253][INFO ][o.o.s.a.j.CalculateJudgmentsIT] [testCalculateJudgments] before test
    [2025-11-22T09:31:03,392][INFO ][o.o.s.a.j.CalculateJudgmentsIT] [testCalculateJudgments] initializing REST clients against [http://[::1]:64041, http://127.0.0.1:64042]

CalculateJudgmentsIT > testCalculateJudgments STANDARD_ERROR
    SLF4J(W): No SLF4J providers were found.
    SLF4J(W): Defaulting to no-operation (NOP) logger implementation
    SLF4J(W): See https://www.slf4j.org/codes.html#noProviders for further details.

CalculateJudgmentsIT > testCalculateJudgments STANDARD_OUT
    [2025-11-22T09:31:11,433][INFO ][o.o.s.a.j.CalculateJudgmentsIT] [testCalculateJudgments] after test

JudgmentsIT > testMainActions_whenImportReadJudgments_thenSuccessful STANDARD_OUT
    [2025-11-21T17:31:11,493][INFO ][o.o.s.a.j.JudgmentsIT    ] [testMainActions_whenImportReadJudgments_thenSuccessful] before test
    [2025-11-21T17:31:11,497][INFO ][o.o.s.a.j.JudgmentsIT    ] [testMainActions_whenImportReadJudgments_thenSuccessful] initializing REST clients against [http://[::1]:64041, http://127.0.0.1:64042]
    [2025-11-21T17:31:14,154][INFO ][o.o.s.a.j.JudgmentsIT    ] [testMainActions_whenImportReadJudgments_thenSuccessful] after test

QuerySetIT > testMainActions_whenCreateReadDeleteQuerySet_thenSuccessful STANDARD_OUT
    [2025-11-21T17:31:14,184][INFO ][o.o.s.a.q.QuerySetIT     ] [testMainActions_whenCreateReadDeleteQuerySet_thenSuccessful] before test
    [2025-11-21T17:31:14,189][INFO ][o.o.s.a.q.QuerySetIT     ] [testMainActions_whenCreateReadDeleteQuerySet_thenSuccessful] initializing REST clients against [http://[::1]:64041, http://127.0.0.1:64042]
    [2025-11-21T17:31:14,603][INFO ][o.o.s.a.q.QuerySetIT     ] [testMainActions_whenCreateReadDeleteQuerySet_thenSuccessful] after test

ScheduledJobsIT > testMainActions_whenCreateReadDeleteScheduledExperiment_thenSuccessful STANDARD_OUT
    [2025-11-22T10:31:14,624][INFO ][o.o.s.a.s.ScheduledJobsIT] [testMainActions_whenCreateReadDeleteScheduledExperiment_thenSuccessful] before test
    [2025-11-22T10:31:14,628][INFO ][o.o.s.a.s.ScheduledJobsIT] [testMainActions_whenCreateReadDeleteScheduledExperiment_thenSuccessful] initializing REST clients against [http://[::1]:64041, http://127.0.0.1:64042]
    [2025-11-22T10:32:47,850][INFO ][o.o.s.a.s.ScheduledJobsIT] [testMainActions_whenCreateReadDeleteScheduledExperiment_thenSuccessful] after test

SearchConfigurationIT > testMainActions_whenCreateReadDeleteSearchConfig_thenSuccessful STANDARD_OUT
    [2025-11-21T17:32:47,869][INFO ][o.o.s.a.s.SearchConfigurationIT] [testMainActions_whenCreateReadDeleteSearchConfig_thenSuccessful] before test
    [2025-11-21T17:32:47,871][INFO ][o.o.s.a.s.SearchConfigurationIT] [testMainActions_whenCreateReadDeleteSearchConfig_thenSuccessful] initializing REST clients against [http://[::1]:64041, http://127.0.0.1:64042]
    [2025-11-21T17:32:48,242][INFO ][o.o.s.a.s.SearchConfigurationIT] [testMainActions_whenCreateReadDeleteSearchConfig_thenSuccessful] after test

HybridOptimizerExperimentIT > testHybridOptimizerExperiment_whenHybridQueries_thenSuccessful STANDARD_OUT
    [2025-11-22T01:32:48,259][INFO ][o.o.s.e.HybridOptimizerExperimentIT] [testHybridOptimizerExperiment_whenHybridQueries_thenSuccessful] before test
    [2025-11-22T01:32:48,261][INFO ][o.o.s.e.HybridOptimizerExperimentIT] [testHybridOptimizerExperiment_whenHybridQueries_thenSuccessful] initializing REST clients against [http://[::1]:64041, http://127.0.0.1:64042]

HybridOptimizerExperimentIT > testHybridOptimizerExperiment_whenHybridQueries_thenSuccessful STANDARD_ERROR
    Moj 22, 2025 1:33:15 WICHISHU org.opensearch.client.RestClient logResponse
    WARNING: request [GET http://127.0.0.1:64042/.plugins-search-relevance-experiment/_doc/5e9cbdf2-ff89-4146-8e68-5267a931c169] returned 1 warnings: [299 OpenSearch-3.3.0-SNAPSHOT-e972d15408320e6be84c64bb0fdc076ca7696ea2 "this request accesses system indices: [.plugins-search-relevance-experiment], but in a future major version, direct access to system indices will be prevented by default"]

HybridOptimizerExperimentIT > testHybridOptimizerExperiment_whenHybridQueries_thenSuccessful STANDARD_OUT
    [2025-11-22T01:34:01,913][INFO ][o.o.s.e.HybridOptimizerExperimentIT] [testHybridOptimizerExperiment_whenHybridQueries_thenSuccessful] after test

PointwiseExperimentIT > testPointwiseEvaluationExperiment_whenQueryWithPlaceholder_thenSuccessful STANDARD_OUT
    [2025-11-21T23:34:01,930][INFO ][o.o.s.e.PointwiseExperimentIT] [testPointwiseEvaluationExperiment_whenQueryWithPlaceholder_thenSuccessful] before test
    [2025-11-21T23:34:01,931][INFO ][o.o.s.e.PointwiseExperimentIT] [testPointwiseEvaluationExperiment_whenQueryWithPlaceholder_thenSuccessful] initializing REST clients against [http://[::1]:64041, http://127.0.0.1:64042]
    [2025-11-21T23:34:28,847][INFO ][o.o.s.e.PointwiseExperimentIT] [testPointwiseEvaluationExperiment_whenQueryWithPlaceholder_thenSuccessful] after test

SearchEvaluationExperimentIT > testSearchEvaluationExperiment_whenSimpleMatchQuery_thenSuccessful STANDARD_OUT
    [2025-11-22T05:34:28,866][INFO ][o.o.s.e.SearchEvaluationExperimentIT] [testSearchEvaluationExperiment_whenSimpleMatchQuery_thenSuccessful] before test
    [2025-11-22T05:34:28,869][INFO ][o.o.s.e.SearchEvaluationExperimentIT] [testSearchEvaluationExperiment_whenSimpleMatchQuery_thenSuccessful] initializing REST clients against [http://[::1]:64041, http://127.0.0.1:64042]
    [2025-11-22T05:34:53,846][INFO ][o.o.s.e.SearchEvaluationExperimentIT] [testSearchEvaluationExperiment_whenSimpleMatchQuery_thenSuccessful] after test

LtrSltrRescoreIT > testRescoreParsingWithSltr STANDARD_OUT
    [2025-11-22T07:34:53,861][INFO ][o.o.s.i.LtrSltrRescoreIT ] [testRescoreParsingWithSltr] before test
    [2025-11-22T07:34:53,865][INFO ][o.o.s.i.LtrSltrRescoreIT ] [testRescoreParsingWithSltr] initializing REST clients against [http://[::1]:64041, http://127.0.0.1:64042]
    [2025-11-22T07:34:54,196][INFO ][o.o.s.i.LtrSltrRescoreIT ] [testRescoreParsingWithSltr] after test

SearchRelevancePluginIT > testPluginInstalled STANDARD_OUT
    [2025-11-21T17:34:54,212][INFO ][o.o.s.p.SearchRelevancePluginIT] [testPluginInstalled] before test
    [2025-11-21T17:34:54,214][INFO ][o.o.s.p.SearchRelevancePluginIT] [testPluginInstalled] initializing REST clients against [http://[::1]:64041, http://127.0.0.1:64042]
    [2025-11-21T17:34:54,290][INFO ][o.o.s.p.SearchRelevancePluginIT] [testPluginInstalled] response body: integTest-0 opensearch-job-scheduler    3.3.0.0-SNAPSHOT
    integTest-0 opensearch-knn              3.3.0.0-SNAPSHOT
    integTest-0 opensearch-ml               3.3.0.0-SNAPSHOT
    integTest-0 opensearch-neural-search    3.3.0.0-SNAPSHOT
    integTest-0 opensearch-search-relevance 3.3.0.0-SNAPSHOT
    integTest-0 opensearch-ubi              3.3.0.0-SNAPSHOT

    [2025-11-21T17:34:54,357][INFO ][o.o.s.p.SearchRelevancePluginIT] [testPluginInstalled] after test

Gradle Test Executor 26 finished executing tests.

> Task :integTest
Finished generating test XML results (0.001 secs) into: /Users/zweijia/IdeaProjects/OpenSearch/search-relevance/build/test-results/integTest
Generating HTML test report...
Finished generating test html results (0.003 secs) into: /Users/zweijia/IdeaProjects/OpenSearch/search-relevance/build/reports/tests/integTest
Stored cache entry for task ':integTest' with cache key b383a17bee16a55bb59c48bf3804c935
Stopping `node{::integTest-0}`, tailLogs: false
Terminating opensearch process forcibly : commandLine:`/Users/zweijia/.sdkman/candidates/java/21.0.2-open/bin/java -Xshare:auto -Dopensearch.networkaddress.cache.ttl=60 -Dopensearch.networkaddress.cache.negative.ttl=10 -XX:+AlwaysPreTouch -Xss1m -Djava.awt.headless=true -Dfile.encoding=UTF-8 -Djna.nosys=true -XX:-OmitStackTraceInFastThrow -XX:+ShowCodeDetailsInExceptionMessages -Dio.netty.noUnsafe=true -Dio.netty.noKeySetOptimization=true -Dio.netty.recycler.maxCapacityPerThread=0 -Dio.netty.allocator.numDirectArenas=0 -Dlog4j.shutdownHookEnabled=false -Dlog4j2.disable.jmx=true -Djava.locale.providers=SPI,CLDR -Xms1g -Xmx1g -XX:+UseG1GC -XX:G1ReservePercent=25 -XX:InitiatingHeapOccupancyPercent=30 -Djava.io.tmpdir=/Users/zweijia/IdeaProjects/OpenSearch/search-relevance/build/testclusters/integTest-0/tmp -XX:+HeapDumpOnOutOfMemoryError -XX:HeapDumpPath=logs -XX:ErrorFile=logs/hs_err_pid%p.log -Xlog:gc*,gc+age=trace,safepoint:file=logs/gc.log:utctime,pid,tags:filecount=32,filesize=64m --add-modules=jdk.incubator.vector -javaagent:agent/opensearch-agent.jar --add-opens=java.base/java.nio=org.apache.arrow.memory.core,ALL-UNNAMED -Dorg.apache.lucene.store.MMapDirectory.sharedArenaMaxPermits=1 -Xms512m -Xmx512m -ea -esa -XX:MaxDirectMemorySize=268435456 -Dopensearch.path.home=/Users/zweijia/IdeaProjects/OpenSearch/search-relevance/build/testclusters/integTest-0/distro/3.3.0-ARCHIVE -Dopensearch.path.conf=/Users/zweijia/IdeaProjects/OpenSearch/search-relevance/build/testclusters/integTest-0/config -Dopensearch.distribution.type=tar -Dopensearch.bundled_jdk=true -cp /Users/zweijia/IdeaProjects/OpenSearch/search-relevance/build/testclusters/integTest-0/distro/3.3.0-ARCHIVE/lib/* org.opensearch.bootstrap.OpenSearch` command:`/Users/zweijia/.sdkman/candidates/java/21.0.2-open/bin/java` args:`'-Xshare:auto' '-Dopensearch.networkaddress.cache.ttl=60' '-Dopensearch.networkaddress.cache.negative.ttl=10' '-XX:+AlwaysPreTouch' '-Xss1m' '-Djava.awt.headless=true' '-Dfile.encoding=UTF-8' '-Djna.nosys=true' '-XX:-OmitStackTraceInFastThrow' '-XX:+ShowCodeDetailsInExceptionMessages' '-Dio.netty.noUnsafe=true' '-Dio.netty.noKeySetOptimization=true' '-Dio.netty.recycler.maxCapacityPerThread=0' '-Dio.netty.allocator.numDirectArenas=0' '-Dlog4j.shutdownHookEnabled=false' '-Dlog4j2.disable.jmx=true' '-Djava.locale.providers=SPI,CLDR' '-Xms1g' '-Xmx1g' '-XX:+UseG1GC' '-XX:G1ReservePercent=25' '-XX:InitiatingHeapOccupancyPercent=30' '-Djava.io.tmpdir=/Users/zweijia/IdeaProjects/OpenSearch/search-relevance/build/testclusters/integTest-0/tmp' '-XX:+HeapDumpOnOutOfMemoryError' '-XX:HeapDumpPath=logs' '-XX:ErrorFile=logs/hs_err_pid%p.log' '-Xlog:gc*,gc+age=trace,safepoint:file=logs/gc.log:utctime,pid,tags:filecount=32,filesize=64m' '--add-modules=jdk.incubator.vector' '-javaagent:agent/opensearch-agent.jar' '--add-opens=java.base/java.nio=org.apache.arrow.memory.core,ALL-UNNAMED' '-Dorg.apache.lucene.store.MMapDirectory.sharedArenaMaxPermits=1' '-Xms512m' '-Xmx512m' '-ea' '-esa' '-XX:MaxDirectMemorySize=268435456' '-Dopensearch.path.home=/Users/zweijia/IdeaProjects/OpenSearch/search-relevance/build/testclusters/integTest-0/distro/3.3.0-ARCHIVE' '-Dopensearch.path.conf=/Users/zweijia/IdeaProjects/OpenSearch/search-relevance/build/testclusters/integTest-0/config' '-Dopensearch.distribution.type=tar' '-Dopensearch.bundled_jdk=true' '-cp' '/Users/zweijia/IdeaProjects/OpenSearch/search-relevance/build/testclusters/integTest-0/distro/3.3.0-ARCHIVE/lib/*' 'org.opensearch.bootstrap.OpenSearch'`
Resolve mutations for :test (Thread[#1759,included builds,5,main]) started.
:test (Thread[#1759,included builds,5,main]) started.

> Task :test
Custom actions are attached to task ':test'.
Build cache key for task ':test' is 7c032ee069d095eb1bc6c0102a3604ff
Task ':test' is not up-to-date because:
  Value of input property 'systemProperties' has changed for task ':test'
Starting process 'Gradle Test Executor 27'. Working directory: /Users/zweijia/IdeaProjects/OpenSearch/search-relevance/build/testrun/test Command: /Users/zweijia/.sdkman/candidates/java/21.0.2-open/bin/java -Dgradle.dist.lib=/Users/zweijia/.gradle/wrapper/dists/gradle-9.2.0-all/nt91iow53c3jp9bx2j9i769a/gradle-9.2.0/lib -Dgradle.user.home=/Users/zweijia/.gradle -Dgradle.worker.jar=/Users/zweijia/.gradle/caches/9.2.0/workerMain/gradle-worker.jar -Dio.netty.noKeySetOptimization=true -Dio.netty.noUnsafe=true -Dio.netty.recycler.maxCapacityPerThread=0 -Djava.awt.headless=true -Djava.locale.providers=SPI,CLDR -Djna.nosys=true -Dopensearch.scripting.update.ctx_in_params=false -Dopensearch.search.rewrite_sort=true -Dopensearch.transport.cname_in_publish_address=true -Dorg.gradle.internal.worker.tmpdir=/Users/zweijia/IdeaProjects/OpenSearch/search-relevance/build/tmp/test/work -Dtests.artifact=opensearch-search-relevance -Dtests.gradle=true -Dtests.logger.level=WARN -Dtests.security.manager=false -Dtests.seed=C6D2CAB28C79FEB5 -Dtests.task=:test -XX:+HeapDumpOnOutOfMemoryError -esa -javaagent:/Users/zweijia/IdeaProjects/OpenSearch/search-relevance/build/agent/opensearch-agent-3.3.0-SNAPSHOT.jar -XX:HeapDumpPath=/Users/zweijia/IdeaProjects/OpenSearch/search-relevance/build/heapdump -javaagent:/Users/zweijia/IdeaProjects/OpenSearch/search-relevance/build/tmp/.cache/expanded/zip_9892ccb804f78c0637616b68610d363f/jacocoagent.jar=destfile=../../jacoco/test.exec,append=true,inclnolocationclasses=false,dumponexit=true,output=file,jmx=false @/Users/zweijia/.gradle/.tmp/gradle-worker-classpath7138303276122969265txt -Xms512m -Xmx512m -Dfile.encoding=UTF-8 -Djava.io.tmpdir=/Users/zweijia/IdeaProjects/OpenSearch/search-relevance/build/testrun/test/temp -Duser.country=US -Duser.language=en -Duser.variant -ea worker.org.gradle.process.internal.worker.GradleWorkerMain 'Gradle Test Executor 27'
Starting process 'Gradle Test Executor 31'. Working directory: /Users/zweijia/IdeaProjects/OpenSearch/search-relevance/build/testrun/test Command: /Users/zweijia/.sdkman/candidates/java/21.0.2-open/bin/java -Dgradle.dist.lib=/Users/zweijia/.gradle/wrapper/dists/gradle-9.2.0-all/nt91iow53c3jp9bx2j9i769a/gradle-9.2.0/lib -Dgradle.user.home=/Users/zweijia/.gradle -Dgradle.worker.jar=/Users/zweijia/.gradle/caches/9.2.0/workerMain/gradle-worker.jar -Dio.netty.noKeySetOptimization=true -Dio.netty.noUnsafe=true -Dio.netty.recycler.maxCapacityPerThread=0 -Djava.awt.headless=true -Djava.locale.providers=SPI,CLDR -Djna.nosys=true -Dopensearch.scripting.update.ctx_in_params=false -Dopensearch.search.rewrite_sort=true -Dopensearch.transport.cname_in_publish_address=true -Dorg.gradle.internal.worker.tmpdir=/Users/zweijia/IdeaProjects/OpenSearch/search-relevance/build/tmp/test/work -Dtests.artifact=opensearch-search-relevance -Dtests.gradle=true -Dtests.logger.level=WARN -Dtests.security.manager=false -Dtests.seed=C6D2CAB28C79FEB5 -Dtests.task=:test -XX:+HeapDumpOnOutOfMemoryError -esa -javaagent:/Users/zweijia/IdeaProjects/OpenSearch/search-relevance/build/agent/opensearch-agent-3.3.0-SNAPSHOT.jar -XX:HeapDumpPath=/Users/zweijia/IdeaProjects/OpenSearch/search-relevance/build/heapdump -javaagent:/Users/zweijia/IdeaProjects/OpenSearch/search-relevance/build/tmp/.cache/expanded/zip_9892ccb804f78c0637616b68610d363f/jacocoagent.jar=destfile=../../jacoco/test.exec,append=true,inclnolocationclasses=false,dumponexit=true,output=file,jmx=false @/Users/zweijia/.gradle/.tmp/gradle-worker-classpath12767937451356301615txt -Xms512m -Xmx512m -Dfile.encoding=UTF-8 -Djava.io.tmpdir=/Users/zweijia/IdeaProjects/OpenSearch/search-relevance/build/testrun/test/temp -Duser.country=US -Duser.language=en -Duser.variant -ea worker.org.gradle.process.internal.worker.GradleWorkerMain 'Gradle Test Executor 31'
Starting process 'Gradle Test Executor 30'. Working directory: /Users/zweijia/IdeaProjects/OpenSearch/search-relevance/build/testrun/test Command: /Users/zweijia/.sdkman/candidates/java/21.0.2-open/bin/java -Dgradle.dist.lib=/Users/zweijia/.gradle/wrapper/dists/gradle-9.2.0-all/nt91iow53c3jp9bx2j9i769a/gradle-9.2.0/lib -Dgradle.user.home=/Users/zweijia/.gradle -Dgradle.worker.jar=/Users/zweijia/.gradle/caches/9.2.0/workerMain/gradle-worker.jar -Dio.netty.noKeySetOptimization=true -Dio.netty.noUnsafe=true -Dio.netty.recycler.maxCapacityPerThread=0 -Djava.awt.headless=true -Djava.locale.providers=SPI,CLDR -Djna.nosys=true -Dopensearch.scripting.update.ctx_in_params=false -Dopensearch.search.rewrite_sort=true -Dopensearch.transport.cname_in_publish_address=true -Dorg.gradle.internal.worker.tmpdir=/Users/zweijia/IdeaProjects/OpenSearch/search-relevance/build/tmp/test/work -Dtests.artifact=opensearch-search-relevance -Dtests.gradle=true -Dtests.logger.level=WARN -Dtests.security.manager=false -Dtests.seed=C6D2CAB28C79FEB5 -Dtests.task=:test -XX:+HeapDumpOnOutOfMemoryError -esa -javaagent:/Users/zweijia/IdeaProjects/OpenSearch/search-relevance/build/agent/opensearch-agent-3.3.0-SNAPSHOT.jar -XX:HeapDumpPath=/Users/zweijia/IdeaProjects/OpenSearch/search-relevance/build/heapdump -javaagent:/Users/zweijia/IdeaProjects/OpenSearch/search-relevance/build/tmp/.cache/expanded/zip_9892ccb804f78c0637616b68610d363f/jacocoagent.jar=destfile=../../jacoco/test.exec,append=true,inclnolocationclasses=false,dumponexit=true,output=file,jmx=false @/Users/zweijia/.gradle/.tmp/gradle-worker-classpath7972675343995916075txt -Xms512m -Xmx512m -Dfile.encoding=UTF-8 -Djava.io.tmpdir=/Users/zweijia/IdeaProjects/OpenSearch/search-relevance/build/testrun/test/temp -Duser.country=US -Duser.language=en -Duser.variant -ea worker.org.gradle.process.internal.worker.GradleWorkerMain 'Gradle Test Executor 30'
Starting process 'Gradle Test Executor 29'. Working directory: /Users/zweijia/IdeaProjects/OpenSearch/search-relevance/build/testrun/test Command: /Users/zweijia/.sdkman/candidates/java/21.0.2-open/bin/java -Dgradle.dist.lib=/Users/zweijia/.gradle/wrapper/dists/gradle-9.2.0-all/nt91iow53c3jp9bx2j9i769a/gradle-9.2.0/lib -Dgradle.user.home=/Users/zweijia/.gradle -Dgradle.worker.jar=/Users/zweijia/.gradle/caches/9.2.0/workerMain/gradle-worker.jar -Dio.netty.noKeySetOptimization=true -Dio.netty.noUnsafe=true -Dio.netty.recycler.maxCapacityPerThread=0 -Djava.awt.headless=true -Djava.locale.providers=SPI,CLDR -Djna.nosys=true -Dopensearch.scripting.update.ctx_in_params=false -Dopensearch.search.rewrite_sort=true -Dopensearch.transport.cname_in_publish_address=true -Dorg.gradle.internal.worker.tmpdir=/Users/zweijia/IdeaProjects/OpenSearch/search-relevance/build/tmp/test/work -Dtests.artifact=opensearch-search-relevance -Dtests.gradle=true -Dtests.logger.level=WARN -Dtests.security.manager=false -Dtests.seed=C6D2CAB28C79FEB5 -Dtests.task=:test -XX:+HeapDumpOnOutOfMemoryError -esa -javaagent:/Users/zweijia/IdeaProjects/OpenSearch/search-relevance/build/agent/opensearch-agent-3.3.0-SNAPSHOT.jar -XX:HeapDumpPath=/Users/zweijia/IdeaProjects/OpenSearch/search-relevance/build/heapdump -javaagent:/Users/zweijia/IdeaProjects/OpenSearch/search-relevance/build/tmp/.cache/expanded/zip_9892ccb804f78c0637616b68610d363f/jacocoagent.jar=destfile=../../jacoco/test.exec,append=true,inclnolocationclasses=false,dumponexit=true,output=file,jmx=false @/Users/zweijia/.gradle/.tmp/gradle-worker-classpath6884697248207573127txt -Xms512m -Xmx512m -Dfile.encoding=UTF-8 -Djava.io.tmpdir=/Users/zweijia/IdeaProjects/OpenSearch/search-relevance/build/testrun/test/temp -Duser.country=US -Duser.language=en -Duser.variant -ea worker.org.gradle.process.internal.worker.GradleWorkerMain 'Gradle Test Executor 29'
Starting process 'Gradle Test Executor 28'. Working directory: /Users/zweijia/IdeaProjects/OpenSearch/search-relevance/build/testrun/test Command: /Users/zweijia/.sdkman/candidates/java/21.0.2-open/bin/java -Dgradle.dist.lib=/Users/zweijia/.gradle/wrapper/dists/gradle-9.2.0-all/nt91iow53c3jp9bx2j9i769a/gradle-9.2.0/lib -Dgradle.user.home=/Users/zweijia/.gradle -Dgradle.worker.jar=/Users/zweijia/.gradle/caches/9.2.0/workerMain/gradle-worker.jar -Dio.netty.noKeySetOptimization=true -Dio.netty.noUnsafe=true -Dio.netty.recycler.maxCapacityPerThread=0 -Djava.awt.headless=true -Djava.locale.providers=SPI,CLDR -Djna.nosys=true -Dopensearch.scripting.update.ctx_in_params=false -Dopensearch.search.rewrite_sort=true -Dopensearch.transport.cname_in_publish_address=true -Dorg.gradle.internal.worker.tmpdir=/Users/zweijia/IdeaProjects/OpenSearch/search-relevance/build/tmp/test/work -Dtests.artifact=opensearch-search-relevance -Dtests.gradle=true -Dtests.logger.level=WARN -Dtests.security.manager=false -Dtests.seed=C6D2CAB28C79FEB5 -Dtests.task=:test -XX:+HeapDumpOnOutOfMemoryError -esa -javaagent:/Users/zweijia/IdeaProjects/OpenSearch/search-relevance/build/agent/opensearch-agent-3.3.0-SNAPSHOT.jar -XX:HeapDumpPath=/Users/zweijia/IdeaProjects/OpenSearch/search-relevance/build/heapdump -javaagent:/Users/zweijia/IdeaProjects/OpenSearch/search-relevance/build/tmp/.cache/expanded/zip_9892ccb804f78c0637616b68610d363f/jacocoagent.jar=destfile=../../jacoco/test.exec,append=true,inclnolocationclasses=false,dumponexit=true,output=file,jmx=false @/Users/zweijia/.gradle/.tmp/gradle-worker-classpath13028298895283574532txt -Xms512m -Xmx512m -Dfile.encoding=UTF-8 -Djava.io.tmpdir=/Users/zweijia/IdeaProjects/OpenSearch/search-relevance/build/testrun/test/temp -Duser.country=US -Duser.language=en -Duser.variant -ea worker.org.gradle.process.internal.worker.GradleWorkerMain 'Gradle Test Executor 28'
Starting process 'Gradle Test Executor 32'. Working directory: /Users/zweijia/IdeaProjects/OpenSearch/search-relevance/build/testrun/test Command: /Users/zweijia/.sdkman/candidates/java/21.0.2-open/bin/java -Dgradle.dist.lib=/Users/zweijia/.gradle/wrapper/dists/gradle-9.2.0-all/nt91iow53c3jp9bx2j9i769a/gradle-9.2.0/lib -Dgradle.user.home=/Users/zweijia/.gradle -Dgradle.worker.jar=/Users/zweijia/.gradle/caches/9.2.0/workerMain/gradle-worker.jar -Dio.netty.noKeySetOptimization=true -Dio.netty.noUnsafe=true -Dio.netty.recycler.maxCapacityPerThread=0 -Djava.awt.headless=true -Djava.locale.providers=SPI,CLDR -Djna.nosys=true -Dopensearch.scripting.update.ctx_in_params=false -Dopensearch.search.rewrite_sort=true -Dopensearch.transport.cname_in_publish_address=true -Dorg.gradle.internal.worker.tmpdir=/Users/zweijia/IdeaProjects/OpenSearch/search-relevance/build/tmp/test/work -Dtests.artifact=opensearch-search-relevance -Dtests.gradle=true -Dtests.logger.level=WARN -Dtests.security.manager=false -Dtests.seed=C6D2CAB28C79FEB5 -Dtests.task=:test -XX:+HeapDumpOnOutOfMemoryError -esa -javaagent:/Users/zweijia/IdeaProjects/OpenSearch/search-relevance/build/agent/opensearch-agent-3.3.0-SNAPSHOT.jar -XX:HeapDumpPath=/Users/zweijia/IdeaProjects/OpenSearch/search-relevance/build/heapdump -javaagent:/Users/zweijia/IdeaProjects/OpenSearch/search-relevance/build/tmp/.cache/expanded/zip_9892ccb804f78c0637616b68610d363f/jacocoagent.jar=destfile=../../jacoco/test.exec,append=true,inclnolocationclasses=false,dumponexit=true,output=file,jmx=false @/Users/zweijia/.gradle/.tmp/gradle-worker-classpath16319362361486966185txt -Xms512m -Xmx512m -Dfile.encoding=UTF-8 -Djava.io.tmpdir=/Users/zweijia/IdeaProjects/OpenSearch/search-relevance/build/testrun/test/temp -Duser.country=US -Duser.language=en -Duser.variant -ea worker.org.gradle.process.internal.worker.GradleWorkerMain 'Gradle Test Executor 32'
Successfully started process 'Gradle Test Executor 27'
Successfully started process 'Gradle Test Executor 32'
Successfully started process 'Gradle Test Executor 28'
Successfully started process 'Gradle Test Executor 29'
Successfully started process 'Gradle Test Executor 30'
Successfully started process 'Gradle Test Executor 31'

Gradle Test Executor 27 started executing tests.
Gradle Test Executor 32 started executing tests.
Gradle Test Executor 28 started executing tests.
Gradle Test Executor 29 started executing tests.
Gradle Test Executor 30 started executing tests.
Gradle Test Executor 31 started executing tests.

> Task :test

GetJudgmentActionTests STANDARD_ERROR
    Nov 21, 2025 1:34:59 PM org.apache.lucene.internal.vectorization.VectorizationProvider lookup
    WARNING: Java vector incubator module is not readable. For optimal vector performance, pass '--add-modules jdk.incubator.vector' to enable Vector API.

GetJudgmentActionTests > testRequestValidation STANDARD_OUT
    [2025-11-22T05:34:59,708][INFO ][o.o.s.a.j.GetJudgmentActionTests] [testRequestValidation] before test

PutExperimentActionTests STANDARD_ERROR
    Nov 21, 2025 1:34:59 PM org.apache.lucene.internal.vectorization.VectorizationProvider lookup
    WARNING: Java vector incubator module is not readable. For optimal vector performance, pass '--add-modules jdk.incubator.vector' to enable Vector API.

GetExperimentActionTests STANDARD_ERROR
    Nov 21, 2025 1:34:59 PM org.apache.lucene.internal.vectorization.VectorizationProvider lookup
    WARNING: Java vector incubator module is not readable. For optimal vector performance, pass '--add-modules jdk.incubator.vector' to enable Vector API.

GetJudgmentActionTests > testRequestValidation STANDARD_OUT
    [2025-11-22T05:35:00,097][INFO ][o.o.s.a.j.GetJudgmentActionTests] [testRequestValidation] after test

GetJudgmentActionTests > testRequestValidation STANDARD_ERROR
    SLF4J(W): No SLF4J providers were found.
    SLF4J(W): Defaulting to no-operation (NOP) logger implementation
    SLF4J(W): See https://www.slf4j.org/codes.html#noProviders for further details.

GetJudgmentActionTests > testStreams STANDARD_OUT
    [2025-11-22T05:35:00,117][INFO ][o.o.s.a.j.GetJudgmentActionTests] [testStreams] before test

DeleteJudgmentActionTests STANDARD_ERROR
    Nov 21, 2025 1:35:00 PM org.apache.lucene.internal.vectorization.VectorizationProvider lookup
    WARNING: Java vector incubator module is not readable. For optimal vector performance, pass '--add-modules jdk.incubator.vector' to enable Vector API.

GetJudgmentActionTests > testStreams STANDARD_OUT
    [2025-11-22T05:35:00,147][INFO ][o.o.s.a.j.GetJudgmentActionTests] [testStreams] after test

PutExperimentActionTests > testRequestValidation STANDARD_OUT
    [2025-11-22T05:35:00,131][INFO ][o.o.s.a.e.PutExperimentActionTests] [testRequestValidation] before test

DeleteScheduledExperimentActionTests > testRequestValidation STANDARD_OUT
    [2025-11-21T16:35:00,259][INFO ][o.o.s.a.s.DeleteScheduledExperimentActionTests] [testRequestValidation] before test
    [2025-11-21T16:35:00,262][INFO ][o.o.s.a.s.DeleteScheduledExperimentActionTests] [testRequestValidation] after test

DeleteScheduledExperimentActionTests > testStreams STANDARD_OUT
    [2025-11-21T16:35:00,266][INFO ][o.o.s.a.s.DeleteScheduledExperimentActionTests] [testStreams] before test
    [2025-11-21T16:35:00,267][INFO ][o.o.s.a.s.DeleteScheduledExperimentActionTests] [testStreams] after test

GetExperimentActionTests > testRequestValidation STANDARD_OUT
    [2025-11-21T18:35:00,239][INFO ][o.o.s.a.e.GetExperimentActionTests] [testRequestValidation] before test

DeleteExperimentActionTests STANDARD_ERROR
    Nov 21, 2025 1:35:00 PM org.apache.lucene.internal.vectorization.VectorizationProvider lookup
    WARNING: Java vector incubator module is not readable. For optimal vector performance, pass '--add-modules jdk.incubator.vector' to enable Vector API.

DeleteJudgmentActionTests > testRequestValidation STANDARD_OUT
    [2025-11-22T03:35:00,476][INFO ][o.o.s.a.j.DeleteJudgmentActionTests] [testRequestValidation] before test

ExperimentRunningManagerTests > testExperimentRunningManagerExperimentEvaluationCancellation STANDARD_OUT
    [2025-11-22T08:35:00,529][INFO ][o.o.s.e.ExperimentRunningManagerTests] [testExperimentRunningManagerExperimentEvaluationCancellation] before test
    [2025-11-22T08:35:00,548][INFO ][o.o.s.e.ExperimentRunningManager] [testExperimentRunningManagerExperimentEvaluationCancellation] Scheduled experiment based on underlying experiment experimentId has been timed out while executing experiments for each queryText on queryText, queryText. Completed 0 queries out of 1 queries

PutJudgmentActionTests STANDARD_ERROR
    Nov 21, 2025 1:35:00 PM org.apache.lucene.internal.vectorization.VectorizationProvider lookup
    WARNING: Java vector incubator module is not readable. For optimal vector performance, pass '--add-modules jdk.incubator.vector' to enable Vector API.

ExperimentRunningManagerTests > testExperimentRunningManagerExperimentEvaluationCancellation STANDARD_OUT
    [2025-11-22T08:35:00,553][ERROR][o.o.s.e.ExperimentRunningManager] [testExperimentRunningManagerExperimentEvaluationCancellation] Failed to process metrics for scheduled experiment: experimentId
    java.lang.Exception: Experiment cancelled
    	at org.opensearch.searchrelevance.executors.ExperimentRunningManager.executeExperimentEvaluation(ExperimentRunningManager.java:401) ~[opensearch-search-relevance-3.3.0.0-SNAPSHOT.jar:?]
    	at org.opensearch.searchrelevance.executors.ExperimentRunningManagerTests.testExperimentRunningManagerExperimentEvaluationCancellation(ExperimentRunningManagerTests.java:152) ~[test/:?]
    	at java.base/jdk.internal.reflect.DirectMethodHandleAccessor.invoke(DirectMethodHandleAccessor.java:103) ~[?:?]
    	at java.base/java.lang.reflect.Method.invoke(Method.java:580) ~[?:?]
    	at com.carrotsearch.randomizedtesting.RandomizedRunner.invoke(RandomizedRunner.java:1750) ~[randomizedtesting-runner-2.7.1.jar:?]
    	at com.carrotsearch.randomizedtesting.RandomizedRunner$8.evaluate(RandomizedRunner.java:938) ~[randomizedtesting-runner-2.7.1.jar:?]
    	at com.carrotsearch.randomizedtesting.RandomizedRunner$9.evaluate(RandomizedRunner.java:974) ~[randomizedtesting-runner-2.7.1.jar:?]
    	at com.carrotsearch.randomizedtesting.RandomizedRunner$10.evaluate(RandomizedRunner.java:988) ~[randomizedtesting-runner-2.7.1.jar:?]
    	at com.carrotsearch.randomizedtesting.rules.StatementAdapter.evaluate(StatementAdapter.java:36) ~[randomizedtesting-runner-2.7.1.jar:?]
    	at org.junit.rules.RunRules.evaluate(RunRules.java:20) ~[junit-4.13.2.jar:4.13.2]
    	at org.apache.lucene.tests.util.TestRuleSetupTeardownChained$1.evaluate(TestRuleSetupTeardownChained.java:48) ~[lucene-test-framework-10.3.1.jar:10.3.1 51190f35a16d2ce433139abfe0fd8365791b352a - 2025-10-02 09:50:16]
    	at org.apache.lucene.tests.util.AbstractBeforeAfterRule$1.evaluate(AbstractBeforeAfterRule.java:43) ~[lucene-test-framework-10.3.1.jar:10.3.1 51190f35a16d2ce433139abfe0fd8365791b352a - 2025-10-02 09:50:16]
    	at org.apache.lucene.tests.util.TestRuleThreadAndTestName$1.evaluate(TestRuleThreadAndTestName.java:45) ~[lucene-test-framework-10.3.1.jar:10.3.1 51190f35a16d2ce433139abfe0fd8365791b352a - 2025-10-02 09:50:16]
    	at org.apache.lucene.tests.util.TestRuleIgnoreAfterMaxFailures$1.evaluate(TestRuleIgnoreAfterMaxFailures.java:60) ~[lucene-test-framework-10.3.1.jar:10.3.1 51190f35a16d2ce433139abfe0fd8365791b352a - 2025-10-02 09:50:16]
    	at org.apache.lucene.tests.util.TestRuleMarkFailure$1.evaluate(TestRuleMarkFailure.java:44) ~[lucene-test-framework-10.3.1.jar:10.3.1 51190f35a16d2ce433139abfe0fd8365791b352a - 2025-10-02 09:50:16]
    	at org.junit.rules.RunRules.evaluate(RunRules.java:20) ~[junit-4.13.2.jar:4.13.2]
    	at com.carrotsearch.randomizedtesting.rules.StatementAdapter.evaluate(StatementAdapter.java:36) ~[randomizedtesting-runner-2.7.1.jar:?]
    	at com.carrotsearch.randomizedtesting.ThreadLeakControl$StatementRunner.run(ThreadLeakControl.java:368) ~[randomizedtesting-runner-2.7.1.jar:?]
    	at com.carrotsearch.randomizedtesting.ThreadLeakControl.forkTimeoutingTask(ThreadLeakControl.java:817) ~[randomizedtesting-runner-2.7.1.jar:?]
    	at com.carrotsearch.randomizedtesting.ThreadLeakControl$3.evaluate(ThreadLeakControl.java:468) ~[randomizedtesting-runner-2.7.1.jar:?]
    	at com.carrotsearch.randomizedtesting.RandomizedRunner.runSingleTest(RandomizedRunner.java:947) ~[randomizedtesting-runner-2.7.1.jar:?]
    	at com.carrotsearch.randomizedtesting.RandomizedRunner$5.evaluate(RandomizedRunner.java:832) ~[randomizedtesting-runner-2.7.1.jar:?]
    	at com.carrotsearch.randomizedtesting.RandomizedRunner$6.evaluate(RandomizedRunner.java:883) ~[randomizedtesting-runner-2.7.1.jar:?]
    	at com.carrotsearch.randomizedtesting.RandomizedRunner$7.evaluate(RandomizedRunner.java:894) ~[randomizedtesting-runner-2.7.1.jar:?]
    	at org.apache.lucene.tests.util.AbstractBeforeAfterRule$1.evaluate(AbstractBeforeAfterRule.java:43) ~[lucene-test-framework-10.3.1.jar:10.3.1 51190f35a16d2ce433139abfe0fd8365791b352a - 2025-10-02 09:50:16]
    	at com.carrotsearch.randomizedtesting.rules.StatementAdapter.evaluate(StatementAdapter.java:36) ~[randomizedtesting-runner-2.7.1.jar:?]
    	at org.apache.lucene.tests.util.TestRuleStoreClassName$1.evaluate(TestRuleStoreClassName.java:38) ~[lucene-test-framework-10.3.1.jar:10.3.1 51190f35a16d2ce433139abfe0fd8365791b352a - 2025-10-02 09:50:16]
    	at com.carrotsearch.randomizedtesting.rules.NoShadowingOrOverridesOnMethodsRule$1.evaluate(NoShadowingOrOverridesOnMethodsRule.java:40) ~[randomizedtesting-runner-2.7.1.jar:?]
    	at com.carrotsearch.randomizedtesting.rules.NoShadowingOrOverridesOnMethodsRule$1.evaluate(NoShadowingOrOverridesOnMethodsRule.java:40) ~[randomizedtesting-runner-2.7.1.jar:?]
    	at com.carrotsearch.randomizedtesting.rules.StatementAdapter.evaluate(StatementAdapter.java:36) ~[randomizedtesting-runner-2.7.1.jar:?]
    	at com.carrotsearch.randomizedtesting.rules.StatementAdapter.evaluate(StatementAdapter.java:36) ~[randomizedtesting-runner-2.7.1.jar:?]
    	at org.apache.lucene.tests.util.TestRuleAssertionsRequired$1.evaluate(TestRuleAssertionsRequired.java:53) ~[lucene-test-framework-10.3.1.jar:10.3.1 51190f35a16d2ce433139abfe0fd8365791b352a - 2025-10-02 09:50:16]
    	at org.apache.lucene.tests.util.AbstractBeforeAfterRule$1.evaluate(AbstractBeforeAfterRule.java:43) ~[lucene-test-framework-10.3.1.jar:10.3.1 51190f35a16d2ce433139abfe0fd8365791b352a - 2025-10-02 09:50:16]
    	at org.apache.lucene.tests.util.TestRuleMarkFailure$1.evaluate(TestRuleMarkFailure.java:44) ~[lucene-test-framework-10.3.1.jar:10.3.1 51190f35a16d2ce433139abfe0fd8365791b352a - 2025-10-02 09:50:16]
    	at org.apache.lucene.tests.util.TestRuleIgnoreAfterMaxFailures$1.evaluate(TestRuleIgnoreAfterMaxFailures.java:60) ~[lucene-test-framework-10.3.1.jar:10.3.1 51190f35a16d2ce433139abfe0fd8365791b352a - 2025-10-02 09:50:16]
    	at org.apache.lucene.tests.util.TestRuleIgnoreTestSuites$1.evaluate(TestRuleIgnoreTestSuites.java:47) ~[lucene-test-framework-10.3.1.jar:10.3.1 51190f35a16d2ce433139abfe0fd8365791b352a - 2025-10-02 09:50:16]
    	at org.junit.rules.RunRules.evaluate(RunRules.java:20) ~[junit-4.13.2.jar:4.13.2]
    	at com.carrotsearch.randomizedtesting.rules.StatementAdapter.evaluate(StatementAdapter.java:36) ~[randomizedtesting-runner-2.7.1.jar:?]
    	at com.carrotsearch.randomizedtesting.ThreadLeakControl$StatementRunner.run(ThreadLeakControl.java:368) ~[randomizedtesting-runner-2.7.1.jar:?]
    	at java.base/java.lang.Thread.run(Thread.java:1583) [?:?]
    [2025-11-22T08:35:00,566][INFO ][o.o.s.e.ExperimentRunningManager] [testExperimentRunningManagerExperimentEvaluationCancellation] Updated scheduled experiment experimentId status to ERROR
    [2025-11-22T08:35:00,568][INFO ][o.o.s.e.ExperimentRunningManagerTests] [testExperimentRunningManagerExperimentEvaluationCancellation] after test

ExperimentRunningManagerTests > testExperimentRunningManagerSearchConfigurationCancellation STANDARD_OUT
    [2025-11-22T08:35:00,573][INFO ][o.o.s.e.ExperimentRunningManagerTests] [testExperimentRunningManagerSearchConfigurationCancellation] before test

PutExperimentActionTests > testRequestValidation STANDARD_OUT
    [2025-11-22T05:35:00,578][INFO ][o.o.s.a.e.PutExperimentActionTests] [testRequestValidation] after test

PutExperimentActionTests > testRequestValidation STANDARD_ERROR
    SLF4J(W): No SLF4J providers were found.
    SLF4J(W): Defaulting to no-operation (NOP) logger implementation
    SLF4J(W): See https://www.slf4j.org/codes.html#noProviders for further details.

PutExperimentActionTests > testStreams STANDARD_OUT
    [2025-11-22T05:35:00,606][INFO ][o.o.s.a.e.PutExperimentActionTests] [testStreams] before test
    [2025-11-22T05:35:00,620][INFO ][o.o.s.a.e.PutExperimentActionTests] [testStreams] after test

ExperimentRunningManagerTests > testExperimentRunningManagerSearchConfigurationCancellation STANDARD_OUT
    [2025-11-22T08:35:00,710][INFO ][o.o.s.e.ExperimentRunningManager] [testExperimentRunningManagerSearchConfigurationCancellation] Experiment experimentId has been timed out while search configuration fetching id config1
    [2025-11-22T08:35:00,711][ERROR][o.o.s.e.ExperimentRunningManager] [testExperimentRunningManagerSearchConfigurationCancellation] Failed to process metrics for scheduled experiment: experimentId
    java.util.concurrent.ExecutionException: java.lang.Exception: Experiment Cancelled
    	at java.base/java.util.concurrent.CompletableFuture.reportGet(CompletableFuture.java:396) ~[?:?]
    	at java.base/java.util.concurrent.CompletableFuture.get(CompletableFuture.java:2073) ~[?:?]
    	at org.opensearch.searchrelevance.executors.ExperimentRunningManager.fetchSearchConfigurationsAsync(ExperimentRunningManager.java:205) ~[opensearch-search-relevance-3.3.0.0-SNAPSHOT.jar:?]
    	at org.opensearch.searchrelevance.executors.ExperimentRunningManagerTests.testExperimentRunningManagerSearchConfigurationCancellation(ExperimentRunningManagerTests.java:111) ~[test/:?]
    	at java.base/jdk.internal.reflect.DirectMethodHandleAccessor.invoke(DirectMethodHandleAccessor.java:103) ~[?:?]
    	at java.base/java.lang.reflect.Method.invoke(Method.java:580) ~[?:?]
    	at com.carrotsearch.randomizedtesting.RandomizedRunner.invoke(RandomizedRunner.java:1750) ~[randomizedtesting-runner-2.7.1.jar:?]
    	at com.carrotsearch.randomizedtesting.RandomizedRunner$8.evaluate(RandomizedRunner.java:938) ~[randomizedtesting-runner-2.7.1.jar:?]
    	at com.carrotsearch.randomizedtesting.RandomizedRunner$9.evaluate(RandomizedRunner.java:974) ~[randomizedtesting-runner-2.7.1.jar:?]
    	at com.carrotsearch.randomizedtesting.RandomizedRunner$10.evaluate(RandomizedRunner.java:988) ~[randomizedtesting-runner-2.7.1.jar:?]
    	at com.carrotsearch.randomizedtesting.rules.StatementAdapter.evaluate(StatementAdapter.java:36) ~[randomizedtesting-runner-2.7.1.jar:?]
    	at org.junit.rules.RunRules.evaluate(RunRules.java:20) ~[junit-4.13.2.jar:4.13.2]
    	at org.apache.lucene.tests.util.TestRuleSetupTeardownChained$1.evaluate(TestRuleSetupTeardownChained.java:48) ~[lucene-test-framework-10.3.1.jar:10.3.1 51190f35a16d2ce433139abfe0fd8365791b352a - 2025-10-02 09:50:16]
    	at org.apache.lucene.tests.util.AbstractBeforeAfterRule$1.evaluate(AbstractBeforeAfterRule.java:43) ~[lucene-test-framework-10.3.1.jar:10.3.1 51190f35a16d2ce433139abfe0fd8365791b352a - 2025-10-02 09:50:16]
    	at org.apache.lucene.tests.util.TestRuleThreadAndTestName$1.evaluate(TestRuleThreadAndTestName.java:45) ~[lucene-test-framework-10.3.1.jar:10.3.1 51190f35a16d2ce433139abfe0fd8365791b352a - 2025-10-02 09:50:16]
    	at org.apache.lucene.tests.util.TestRuleIgnoreAfterMaxFailures$1.evaluate(TestRuleIgnoreAfterMaxFailures.java:60) ~[lucene-test-framework-10.3.1.jar:10.3.1 51190f35a16d2ce433139abfe0fd8365791b352a - 2025-10-02 09:50:16]
    	at org.apache.lucene.tests.util.TestRuleMarkFailure$1.evaluate(TestRuleMarkFailure.java:44) ~[lucene-test-framework-10.3.1.jar:10.3.1 51190f35a16d2ce433139abfe0fd8365791b352a - 2025-10-02 09:50:16]
    	at org.junit.rules.RunRules.evaluate(RunRules.java:20) ~[junit-4.13.2.jar:4.13.2]
    	at com.carrotsearch.randomizedtesting.rules.StatementAdapter.evaluate(StatementAdapter.java:36) ~[randomizedtesting-runner-2.7.1.jar:?]
    	at com.carrotsearch.randomizedtesting.ThreadLeakControl$StatementRunner.run(ThreadLeakControl.java:368) ~[randomizedtesting-runner-2.7.1.jar:?]
    	at com.carrotsearch.randomizedtesting.ThreadLeakControl.forkTimeoutingTask(ThreadLeakControl.java:817) ~[randomizedtesting-runner-2.7.1.jar:?]
    	at com.carrotsearch.randomizedtesting.ThreadLeakControl$3.evaluate(ThreadLeakControl.java:468) ~[randomizedtesting-runner-2.7.1.jar:?]
    	at com.carrotsearch.randomizedtesting.RandomizedRunner.runSingleTest(RandomizedRunner.java:947) ~[randomizedtesting-runner-2.7.1.jar:?]
    	at com.carrotsearch.randomizedtesting.RandomizedRunner$5.evaluate(RandomizedRunner.java:832) ~[randomizedtesting-runner-2.7.1.jar:?]
    	at com.carrotsearch.randomizedtesting.RandomizedRunner$6.evaluate(RandomizedRunner.java:883) ~[randomizedtesting-runner-2.7.1.jar:?]
    	at com.carrotsearch.randomizedtesting.RandomizedRunner$7.evaluate(RandomizedRunner.java:894) ~[randomizedtesting-runner-2.7.1.jar:?]
    	at org.apache.lucene.tests.util.AbstractBeforeAfterRule$1.evaluate(AbstractBeforeAfterRule.java:43) ~[lucene-test-framework-10.3.1.jar:10.3.1 51190f35a16d2ce433139abfe0fd8365791b352a - 2025-10-02 09:50:16]
    	at com.carrotsearch.randomizedtesting.rules.StatementAdapter.evaluate(StatementAdapter.java:36) ~[randomizedtesting-runner-2.7.1.jar:?]
    	at org.apache.lucene.tests.util.TestRuleStoreClassName$1.evaluate(TestRuleStoreClassName.java:38) ~[lucene-test-framework-10.3.1.jar:10.3.1 51190f35a16d2ce433139abfe0fd8365791b352a - 2025-10-02 09:50:16]
    	at com.carrotsearch.randomizedtesting.rules.NoShadowingOrOverridesOnMethodsRule$1.evaluate(NoShadowingOrOverridesOnMethodsRule.java:40) ~[randomizedtesting-runner-2.7.1.jar:?]
    	at com.carrotsearch.randomizedtesting.rules.NoShadowingOrOverridesOnMethodsRule$1.evaluate(NoShadowingOrOverridesOnMethodsRule.java:40) ~[randomizedtesting-runner-2.7.1.jar:?]
    	at com.carrotsearch.randomizedtesting.rules.StatementAdapter.evaluate(StatementAdapter.java:36) ~[randomizedtesting-runner-2.7.1.jar:?]
    	at com.carrotsearch.randomizedtesting.rules.StatementAdapter.evaluate(StatementAdapter.java:36) ~[randomizedtesting-runner-2.7.1.jar:?]
    	at org.apache.lucene.tests.util.TestRuleAssertionsRequired$1.evaluate(TestRuleAssertionsRequired.java:53) ~[lucene-test-framework-10.3.1.jar:10.3.1 51190f35a16d2ce433139abfe0fd8365791b352a - 2025-10-02 09:50:16]
    	at org.apache.lucene.tests.util.AbstractBeforeAfterRule$1.evaluate(AbstractBeforeAfterRule.java:43) ~[lucene-test-framework-10.3.1.jar:10.3.1 51190f35a16d2ce433139abfe0fd8365791b352a - 2025-10-02 09:50:16]
    	at org.apache.lucene.tests.util.TestRuleMarkFailure$1.evaluate(TestRuleMarkFailure.java:44) ~[lucene-test-framework-10.3.1.jar:10.3.1 51190f35a16d2ce433139abfe0fd8365791b352a - 2025-10-02 09:50:16]
    	at org.apache.lucene.tests.util.TestRuleIgnoreAfterMaxFailures$1.evaluate(TestRuleIgnoreAfterMaxFailures.java:60) ~[lucene-test-framework-10.3.1.jar:10.3.1 51190f35a16d2ce433139abfe0fd8365791b352a - 2025-10-02 09:50:16]
    	at org.apache.lucene.tests.util.TestRuleIgnoreTestSuites$1.evaluate(TestRuleIgnoreTestSuites.java:47) ~[lucene-test-framework-10.3.1.jar:10.3.1 51190f35a16d2ce433139abfe0fd8365791b352a - 2025-10-02 09:50:16]
    	at org.junit.rules.RunRules.evaluate(RunRules.java:20) ~[junit-4.13.2.jar:4.13.2]
    	at com.carrotsearch.randomizedtesting.rules.StatementAdapter.evaluate(StatementAdapter.java:36) ~[randomizedtesting-runner-2.7.1.jar:?]
    	at com.carrotsearch.randomizedtesting.ThreadLeakControl$StatementRunner.run(ThreadLeakControl.java:368) ~[randomizedtesting-runner-2.7.1.jar:?]
    	at java.base/java.lang.Thread.run(Thread.java:1583) [?:?]
    Caused by: java.lang.Exception: Experiment Cancelled
    	at org.opensearch.searchrelevance.executors.ExperimentRunningManager.lambda$fetchSingleSearchConfigurationAsync$6(ExperimentRunningManager.java:258) ~[opensearch-search-relevance-3.3.0.0-SNAPSHOT.jar:?]
    	at org.opensearch.core.action.ActionListener$1.onResponse(ActionListener.java:82) ~[opensearch-core-3.3.0-SNAPSHOT.jar:3.3.0-SNAPSHOT]
    	at org.opensearch.searchrelevance.executors.ExperimentRunningManagerTests.lambda$setUp$1(ExperimentRunningManagerTests.java:94) ~[test/:?]
    	at org.mockito.internal.stubbing.StubbedInvocationMatcher.answer(StubbedInvocationMatcher.java:42) ~[mockito-core-5.16.1.jar:?]
    	at org.mockito.internal.handler.MockHandlerImpl.handle(MockHandlerImpl.java:103) ~[mockito-core-5.16.1.jar:?]
    	at org.mockito.internal.handler.NullResultGuardian.handle(NullResultGuardian.java:29) ~[mockito-core-5.16.1.jar:?]
    	at org.mockito.internal.handler.InvocationNotifierHandler.handle(InvocationNotifierHandler.java:34) ~[mockito-core-5.16.1.jar:?]
    	at org.mockito.internal.creation.bytebuddy.access.MockMethodInterceptor.doIntercept(MockMethodInterceptor.java:84) ~[mockito-core-5.16.1.jar:?]
    	at org.mockito.internal.creation.bytebuddy.access.MockMethodInterceptor.doIntercept(MockMethodInterceptor.java:58) ~[mockito-core-5.16.1.jar:?]
    	at org.mockito.internal.creation.bytebuddy.access.MockMethodInterceptor$DispatcherDefaultingToRealMethod.interceptSuperCallable(MockMethodInterceptor.java:147) ~[mockito-core-5.16.1.jar:?]
    	at org.opensearch.sear
    chrelevance.dao.SearchConfigurationDao$MockitoMock$fMPqswqS.getSearchConfiguration(Unknown Source) ~[opensearch-search-relevance-3.3.0.0-SNAPSHOT.jar:3.3.0.0-SNAPSHOT]
    	at org.opensearch.searchrelevance.executors.ExperimentRunningManager.fetchSingleSearchConfigurationAsync(ExperimentRunningManager.java:254) ~[opensearch-search-relevance-3.3.0.0-SNAPSHOT.jar:?]
    	at org.opensearch.searchrelevance.executors.ExperimentRunningManager.fetchSearchConfigurationsAsync(ExperimentRunningManager.java:176) ~[opensearch-search-relevance-3.3.0.0-SNAPSHOT.jar:?]
    	... 39 more
    [2025-11-22T08:35:00,715][INFO ][o.o.s.e.ExperimentRunningManager] [testExperimentRunningManagerSearchConfigurationCancellation] Updated scheduled experiment experimentId status to ERROR
    [2025-11-22T08:35:00,716][INFO ][o.o.s.e.ExperimentRunningManagerTests] [testExperimentRunningManagerSearchConfigurationCancellation] after test

ExperimentRunningManagerTests > testStartExperimentRunReject STANDARD_OUT
    [2025-11-22T08:35:00,719][INFO ][o.o.s.e.ExperimentRunningManagerTests] [testStartExperimentRunReject] before test
    [2025-11-22T08:35:00,721][ERROR][o.o.s.e.ExperimentRunningManager] [testStartExperimentRunReject] There is a running scheduled run with the same scheduled experiment id for scheduled experiment: experimentId
    java.lang.Exception: Cannot run experiment!
    	at org.opensearch.searchrelevance.executors.ExperimentRunningManager.startExperimentRun(ExperimentRunningManager.java:117) ~[opensearch-search-relevance-3.3.0.0-SNAPSHOT.jar:?]
    	at org.opensearch.searchrelevance.executors.ExperimentRunningManagerTests.testStartExperimentRunReject(ExperimentRunningManagerTests.java:209) ~[test/:?]
    	at java.base/jdk.internal.reflect.DirectMethodHandleAccessor.invoke(DirectMethodHandleAccessor.java:103) ~[?:?]
    	at java.base/java.lang.reflect.Method.invoke(Method.java:580) ~[?:?]
    	at com.carrotsearch.randomizedtesting.RandomizedRunner.invoke(RandomizedRunner.java:1750) ~[randomizedtesting-runner-2.7.1.jar:?]
    	at com.carrotsearch.randomizedtesting.RandomizedRunner$8.evaluate(RandomizedRunner.java:938) ~[randomizedtesting-runner-2.7.1.jar:?]
    	at com.carrotsearch.randomizedtesting.RandomizedRunner$9.evaluate(RandomizedRunner.java:974) ~[randomizedtesting-runner-2.7.1.jar:?]
    	at com.carrotsearch.randomizedtesting.RandomizedRunner$10.evaluate(RandomizedRunner.java:988) ~[randomizedtesting-runner-2.7.1.jar:?]
    	at com.carrotsearch.randomizedtesting.rules.StatementAdapter.evaluate(StatementAdapter.java:36) ~[randomizedtesting-runner-2.7.1.jar:?]
    	at org.junit.rules.RunRules.evaluate(RunRules.java:20) ~[junit-4.13.2.jar:4.13.2]
    	at org.apache.lucene.tests.util.TestRuleSetupTeardownChained$1.evaluate(TestRuleSetupTeardownChained.java:48) ~[lucene-test-framework-10.3.1.jar:10.3.1 51190f35a16d2ce433139abfe0fd8365791b352a - 2025-10-02 09:50:16]
    	at org.apache.lucene.tests.util.AbstractBeforeAfterRule$1.evaluate(AbstractBeforeAfterRule.java:43) ~[lucene-test-framework-10.3.1.jar:10.3.1 51190f35a16d2ce433139abfe0fd8365791b352a - 2025-10-02 09:50:16]
    	at org.apache.lucene.tests.util.TestRuleThreadAndTestName$1.evaluate(TestRuleThreadAndTestName.java:45) ~[lucene-test-framework-10.3.1.jar:10.3.1 51190f35a16d2ce433139abfe0fd8365791b352a - 2025-10-02 09:50:16]
    	at org.apache.lucene.tests.util.TestRuleIgnoreAfterMaxFailures$1.evaluate(TestRuleIgnoreAfterMaxFailures.java:60) ~[lucene-test-framework-10.3.1.jar:10.3.1 51190f35a16d2ce433139abfe0fd8365791b352a - 2025-10-02 09:50:16]
    	at org.apache.lucene.tests.util.TestRuleMarkFailure$1.evaluate(TestRuleMarkFailure.java:44) ~[lucene-test-framework-10.3.1.jar:10.3.1 51190f35a16d2ce433139abfe0fd8365791b352a - 2025-10-02 09:50:16]
    	at org.junit.rules.RunRules.evaluate(RunRules.java:20) ~[junit-4.13.2.jar:4.13.2]
    	at com.carrotsearch.randomizedtesting.rules.StatementAdapter.evaluate(StatementAdapter.java:36) ~[randomizedtesting-runner-2.7.1.jar:?]
    	at com.carrotsearch.randomizedtesting.ThreadLeakControl$StatementRunner.run(ThreadLeakControl.java:368) ~[randomizedtesting-runner-2.7.1.jar:?]
    	at com.carrotsearch.randomizedtesting.ThreadLeakControl.forkTimeoutingTask(ThreadLeakControl.java:817) ~[randomizedtesting-runner-2.7.1.jar:?]
    	at com.carrotsearch.randomizedtesting.ThreadLeakControl$3.evaluate(ThreadLeakControl.java:468) ~[randomizedtesting-runner-2.7.1.jar:?]
    	at com.carrotsearch.randomizedtesting.RandomizedRunner.runSingleTest(RandomizedRunner.java:947) ~[randomizedtesting-runner-2.7.1.jar:?]
    	at com.carrotsearch.randomizedtesting.RandomizedRunner$5.evaluate(RandomizedRunner.java:832) ~[randomizedtesting-runner-2.7.1.jar:?]
    	at com.carrotsearch.randomizedtesting.RandomizedRunner$6.evaluate(RandomizedRunner.java:883) ~[randomizedtesting-runner-2.7.1.jar:?]
    	at com.carrotsearch.randomizedtesting.RandomizedRunner$7.evaluate(RandomizedRunner.java:894) ~[randomizedtesting-runner-2.7.1.jar:?]
    	at org.apache.lucene.tests.util.AbstractBeforeAfterRule$1.evaluate(AbstractBeforeAfterRule.java:43) ~[lucene-test-framework-10.3.1.jar:10.3.1 51190f35a16d2ce433139abfe0fd8365791b352a - 2025-10-02 09:50:16]
    	at com.carrotsearch.randomizedtesting.rules.StatementAdapter.evaluate(StatementAdapter.java:36) ~[randomizedtesting-runner-2.7.1.jar:?]
    	at org.apache.lucene.tests.util.TestRuleStoreClassName$1.evaluate(TestRuleStoreClassName.java:38) ~[lucene-test-framework-10.3.1.jar:10.3.1 51190f35a16d2ce433139abfe0fd8365791b352a - 2025-10-02 09:50:16]
    	at com.carrotsearch.randomizedtesting.rules.NoShadowingOrOverridesOnMethodsRule$1.evaluate(NoShadowingOrOverridesOnMethodsRule.java:40) ~[randomizedtesting-runner-2.7.1.jar:?]
    	at com.carrotsearch.randomizedtesting.rules.NoShadowingOrOverridesOnMethodsRule$1.evaluate(NoShadowingOrOverridesOnMethodsRule.java:40) ~[randomizedtesting-runner-2.7.1.jar:?]
    	at com.carrotsearch.randomizedtesting.rules.StatementAdapter.evaluate(StatementAdapter.java:36) ~[randomizedtesting-runner-2.7.1.jar:?]
    	at com.carrotsearch.randomizedtesting.rules.StatementAdapter.evaluate(StatementAdapter.java:36) ~[randomizedtesting-runner-2.7.1.jar:?]
    	at org.apache.lucene.tests.util.TestRuleAssertionsRequired$1.evaluate(TestRuleAssertionsRequired.java:53) ~[lucene-test-framework-10.3.1.jar:10.3.1 51190f35a16d2ce433139abfe0fd8365791b352a - 2025-10-02 09:50:16]
    	at org.apache.lucene.tests.util.AbstractBeforeAfterRule$1.evaluate(AbstractBeforeAfterRule.java:43) ~[lucene-test-framework-10.3.1.jar:10.3.1 51190f35a16d2ce433139abfe0fd8365791b352a - 2025-10-02 09:50:16]
    	at org.apache.lucene.tests.util.TestRuleMarkFailure$1.evaluate(TestRuleMarkFailure.java:44) ~[lucene-test-framework-10.3.1.jar:10.3.1 51190f35a16d2ce433139abfe0fd8365791b352a - 2025-10-02 09:50:16]
    	at org.apache.lucene.tests.util.TestRuleIgnoreAfterMaxFailures$1.evaluate(TestRuleIgnoreAfterMaxFailures.java:60) ~[lucene-test-framework-10.3.1.jar:10.3.1 51190f35a16d2ce433139abfe0fd8365791b352a - 2025-10-02 09:50:16]
    	at org.apache.lucene.tests.util.TestRuleIgnoreTestSuites$1.evaluate(TestRuleIgnoreTestSuites.java:47) ~[lucene-test-framework-10.3.1.jar:10.3.1 51190f35a16d2ce433139abfe0fd8365791b352a - 2025-10-02 09:50:16]
    	at org.junit.rules.RunRules.evaluate(RunRules.java:20) ~[junit-4.13.2.jar:4.13.2]
    	at com.carrotsearch.randomizedtesting.rules.StatementAdapter.evaluate(StatementAdapter.java:36) ~[randomizedtesting-runner-2.7.1.jar:?]
    	at com.carrotsearch.randomizedtesting.ThreadLeakControl$StatementRunner.run(ThreadLeakControl.java:368) ~[randomizedtesting-runner-2.7.1.jar:?]
    	at java.base/java.lang.Thread.run(Thread.java:1583) [?:?]
    [2025-11-22T08:35:00,723][INFO ][o.o.s.e.ExperimentRunningManager] [testStartExperimentRunReject] Updated scheduled experiment experimentId status to ERROR
    [2025-11-22T08:35:00,723][ERROR][o.o.s.e.ExperimentRunningManager] [testStartExperimentRunReject] Cannot run experiment as there is a running scheduled run with the same experiment id, experimentId

GetExperimentActionTests > testRequestValidation STANDARD_OUT
    [2025-11-21T18:35:00,724][INFO ][o.o.s.a.e.GetExperimentActionTests] [testRequestValidation] after test

ExperimentRunningManagerTests > testStartExperimentRunReject STANDARD_OUT
    [2025-11-22T08:35:00,727][INFO ][o.o.s.e.ExperimentRunningManagerTests] [testStartExperimentRunReject] after test

ExperimentRunningManagerTests > testExperimentRunningManagerSearchConfigurationSingleCancelled STANDARD_OUT
    [2025-11-22T08:35:00,729][INFO ][o.o.s.e.ExperimentRunningManagerTests] [testExperimentRunningManagerSearchConfigurationSingleCancelled] before test
    [2025-11-22T08:35:00,731][INFO ][o.o.s.e.ExperimentRunningManager] [testExperimentRunningManagerSearchConfigurationSingleCancelled] Experiment experimentId has been timed out while search configuration fetching id config1
    [2025-11-22T08:35:00,732][ERROR][o.o.s.e.ExperimentRunningManager] [testExperimentRunningManagerSearchConfigurationSingleCancelled] Failed to process metrics for scheduled experiment: experimentId
    java.util.concurrent.ExecutionException: java.lang.Exception: Experiment Cancelled
    	at java.base/java.util.concurrent.CompletableFuture.reportGet(CompletableFuture.java:396) ~[?:?]
    	at java.base/java.util.concurrent.CompletableFuture.get(CompletableFuture.java:2073) ~[?:?]
    	at org.opensearch.searchrelevance.executors.ExperimentRunningManager.fetchSearchConfigurationsAsync(ExperimentRunningManager.java:205) ~[opensearch-search-relevance-3.3.0.0-SNAPSHOT.jar:?]
    	at org.opensearch.searchrelevance.executors.ExperimentRunningManagerTests.testExperimentRunningManagerSearchConfigurationSingleCancelled(ExperimentRunningManagerTests.java:134) ~[test/:?]
    	at java.base/jdk.internal.reflect.DirectMethodHandleAccessor.invoke(DirectMethodHandleAccessor.java:103) ~[?:?]
    	at java.base/java.lang.reflect.Method.invoke(Method.java:580) ~[?:?]
    	at com.carrotsearch.randomizedtesting.RandomizedRunner.invoke(RandomizedRunner.java:1750) ~[randomizedtesting-runner-2.7.1.jar:?]
    	at com.carrotsearch.randomizedtesting.RandomizedRunner$8.evaluate(RandomizedRunner.java:938) ~[randomizedtesting-runner-2.7.1.jar:?]
    	at com.carrotsearch.randomizedtesting.RandomizedRunner$9.evaluate(RandomizedRunner.java:974) ~[randomizedtesting-runner-2.7.1.jar:?]
    	at com.carrotsearch.randomizedtesting.RandomizedRunner$10.evaluate(RandomizedRunner.java:988) ~[randomizedtesting-runner-2.7.1.jar:?]
    	at com.carrotsearch.randomizedtesting.rules.StatementAdapter.evaluate(StatementAdapter.java:36) ~[randomizedtesting-runner-2.7.1.jar:?]
    	at org.junit.rules.RunRules.evaluate(RunRules.java:20) ~[junit-4.13.2.jar:4.13.2]
    	at org.apache.lucene.tests.util.TestRuleSetupTeardownChained$1.evaluate(TestRuleSetupTeardownChained.java:48) ~[lucene-test-framework-10.3.1.jar:10.3.1 51190f35a16d2ce433139abfe0fd8365791b352a - 2025-10-02 09:50:16]
    	at org.apache.lucene.tests.util.AbstractBeforeAfterRule$1.evaluate(AbstractBeforeAfterRule.java:43) ~[lucene-test-framework-10.3.1.jar:10.3.1 51190f35a16d2ce433139abfe0fd8365791b352a - 2025-10-02 09:50:16]
    	at org.apache.lucene.tests.util.TestRuleThreadAndTestName$1.evaluate(TestRuleThreadAndTestName.java:45) ~[lucene-test-framework-10.3.1.jar:10.3.1 51190f35a16d2ce433139abfe0fd8365791b352a - 2025-10-02 09:50:16]
    	at org.apache.lucene.tests.util.TestRuleIgnoreAfterMaxFailures$1.evaluate(TestRuleIgnoreAfterMaxFailures.java:60) ~[lucene-test-framework-10.3.1.jar:10.3.1 51190f35a16d2ce433139abfe0fd8365791b352a - 2025-10-02 09:50:16]
    	at org.apache.lucene.tests.util.TestRuleMarkFailure$1.evaluate(TestRuleMarkFailure.java:44) ~[lucene-test-framework-10.3.1.jar:10.3.1 51190f35a16d2ce433139abfe0fd8365791b352a - 2025-10-02 09:50:16]
    	at org.junit.rules.RunRules.evaluate(RunRules.java:20) ~[junit-4.13.2.jar:4.13.2]
    	at com.carrotsearch.randomizedtesting.rules.StatementAdapter.evaluate(StatementAdapter.java:36) ~[randomizedtesting-runner-2.7.1.jar:?]
    	at com.carrotsearch.randomizedtesting.ThreadLeakControl$StatementRunner.run(ThreadLeakControl.java:368) ~[randomizedtesting-runner-2.7.1.jar:?]
    	at com.carrotsearch.randomizedtesting.ThreadLeakControl.forkTimeoutingTask(ThreadLeakControl.java:817) ~[randomizedtesting-runner-2.7.1.jar:?]
    	at com.carrotsearch.randomizedtesting.ThreadLeakControl$3.evaluate(ThreadLeakControl.java:468) ~[randomizedtesting-runner-2.7.1.jar:?]
    	at com.carrotsearch.randomizedtesting.RandomizedRunner.runSingleTest(RandomizedRunner.java:947) ~[randomizedtesting-runner-2.7.1.jar:?]
    	at com.carrotsearch.randomizedtesting.RandomizedRunner$5.evaluate(RandomizedRunner.java:832) ~[randomizedtesting-runner-2.7.1.jar:?]
    	at com.carrotsearch.randomizedtesting.RandomizedRunner$6.evaluate(RandomizedRunner.java:883) ~[randomizedtesting-runner-2.7.1.jar:?]
    	at com.carrotsearch.randomizedtesting.RandomizedRunner$7.evaluate(RandomizedRunner.java:894) ~[randomizedtesting-runner-2.7.1.jar:?]
    	at org.apache.lucene.tests.util.AbstractBeforeAfterRule$1.evaluate(AbstractBeforeAfterRule.java:43) ~[lucene-test-framework-10.3.1.jar:10.3.1 51190f35a16d2ce433139abfe0fd8365791b352a - 2025-10-02 09:50:16]
    	at com.carrotsearch.randomizedtesting.rules.StatementAdapter.evaluate(StatementAdapter.java:36) ~[randomizedtesting-runner-2.7.1.jar:?]
    	at org.apache.lucene.tests.util.TestRuleStoreClassName$1.evaluate(TestRuleStoreClassName.java:38) ~[lucene-test-framework-10.3.1.jar:10.3.1 51190f35a16d2ce433139abfe0fd8365791b352a - 2025-10-02 09:50:16]
    	at com.carrotsearch.randomizedtesting.rules.NoShadowingOrOverridesOnMethodsRule$1.evaluate(NoShadowingOrOverridesOnMethodsRule.java:40) ~[randomizedtesting-runner-2.7.1.jar:?]
    	at com.carrotsearch.randomizedtesting.rules.NoShadowingOrOverridesOnMethodsRule$1.evaluate(NoShadowingOrOverridesOnMethodsRule.java:40) ~[randomizedtesting-runner-2.7.1.jar:?]
    	at com.carrotsearch.randomizedtesting.rules.StatementAdapter.evaluate(StatementAdapter.java:36) ~[randomizedtesting-runner-2.7.1.jar:?]
    	at com.carrotsearch.randomizedtesting.rules.StatementAdapter.evaluate(StatementAdapter.java:36) ~[randomizedtesting-runner-2.7.1.jar:?]
    	at org.apache.lucene.tests.util.TestRuleAssertionsRequired$1.evaluate(TestRuleAssertionsRequired.java:53) ~[lucene-test-framework-10.3.1.jar:10.3.1 51190f35a16d2ce433139abfe0fd8365791b352a - 2025-10-02 09:50:16]
    	at org.apache.lucene.tests.util.AbstractBeforeAfterRule$1.evaluate(AbstractBeforeAfterRule.java:43) ~[lucene-test-framework-10.3.1.jar:10.3.1 51190f35a16d2ce433139abfe0fd8365791b352a - 2025-10-02 09:50:16]
    	at org.apache.lucene.tests.util.TestRuleMarkFailure$1.evaluate(TestRuleMarkFailure.java:44) ~[lucene-test-framework-10.3.1.jar:10.3.1 51190f35a16d2ce433139abfe0fd8365791b352a - 2025-10-02 09:50:16]
    	at org.apache.lucene.tests.util.TestRuleIgnoreAfterMaxFailures$1.evaluate(TestRuleIgnoreAfterMaxFailures.java:60) ~[lucene-test-framework-10.3.1.jar:10.3.1 51190f35a16d2ce433139abfe0fd8365791b352a - 2025-10-02 09:50:16]
    	at org.apache.lucene.tests.util.TestRuleIgnoreTestSuites$1.evaluate(TestRuleIgnoreTestSuites.java:47) ~[lucene-test-framework-10.3.1.jar:10.3.1 51190f35a16d2ce433139abfe0fd8365791b352a - 2025-10-02 09:50:16]
    	at org.junit.rules.RunRules.evaluate(RunRules.java:20) ~[junit-4.13.2.jar:4.13.2]
    	at com.carrotsearch.randomizedtesting.rules.StatementAdapter.evaluate(StatementAdapter.java:36) ~[randomizedtesting-runner-2.7.1.jar:?]
    	at com.carrotsearch.randomizedtesting.ThreadLeakControl$StatementRunner.run(ThreadLeakControl.java:368) ~[randomizedtesting-runner-2.7.1.jar:?]
    	at java.base/java.lang.Thread.run(Thread.java:1583) [?:?]
    Caused by: java.lang.Exception: Experiment Cancelled
    	at org.opensearch.searchrelevance.executors.ExperimentRunningManager.lambda$fetchSingleSearchConfigurationAsync$6(ExperimentRunningManager.java:258) ~[opensearch-search-relevance-3.3.0.0-SNAPSHOT.jar:?]
    	at org.opensearch.core.action.ActionListener$1.onResponse(ActionListener.java:82) ~[opensearch-core-3.3.0-SNAPSHOT.jar:3.3.0-SNAPSHOT]
    	at org.opensearch.searchrelevance.executors.ExperimentRunningManagerTests.lambda$testExperimentRunningManagerSearchConfigurationSingleCancelled$3(ExperimentRunningManagerTests.java:131) ~[test/:?]
    	at org.mockito.internal.stubbing.StubbedInvocationMatcher.answer(StubbedInvocationMatcher.java:42) ~[mockito-core-5.16.1.jar:?]
    	at org.mockito.internal.handler.MockHandlerImpl.handle(MockHandlerImpl.java:103) ~[mockito-core-5.16.1.jar:?]
    	at org.mockito.internal.handler.NullResultGuardian.handle(NullResultGuardian.java:29) ~[mockito-core-5.16.1.jar:?]
    	at org.mockito.internal.handler.InvocationNotifierHandler.handle(InvocationNotifierHandler.java:34) ~[mockito-core-5.16.1.jar:?]
    	at org.mockito.internal.creation.bytebuddy.access.MockMethodInterceptor.doIntercept(MockMethodInterceptor.java:84) ~[mockito-core-5.16.1.jar:?]
    	at org.mockito.internal.creation.bytebuddy.access.MockMethodInterceptor.doIntercept(MockMethodInterceptor.java:58) ~[mockito-core-5.16.1.jar:?]
    	at org.mockito.internal.creation.bytebuddy.access.MockMethodInterceptor$DispatcherDefaultingToRealMethod.interceptSuperCallable(MockMethodIntercepto
    r.java:147) ~[mockito-core-5.16.1.jar:?]
    	at org.opensearch.searchrelevance.dao.SearchConfigurationDao$MockitoMock$fMPqswqS.getSearchConfiguration(Unknown Source) ~[opensearch-search-relevance-3.3.0.0-SNAPSHOT.jar:3.3.0.0-SNAPSHOT]
    	at org.opensearch.searchrelevance.executors.ExperimentRunningManager.fetchSingleSearchConfigurationAsync(ExperimentRunningManager.java:254) ~[opensearch-search-relevance-3.3.0.0-SNAPSHOT.jar:?]
    	at org.opensearch.searchrelevance.executors.ExperimentRunningManager.fetchSearchConfigurationsAsync(ExperimentRunningManager.java:176) ~[opensearch-search-relevance-3.3.0.0-SNAPSHOT.jar:?]
    	... 39 more
    [2025-11-22T08:35:00,736][INFO ][o.o.s.e.ExperimentRunningManager] [testExperimentRunningManagerSearchConfigurationSingleCancelled] Updated scheduled experiment experimentId status to ERROR
    [2025-11-22T08:35:00,736][INFO ][o.o.s.e.ExperimentRunningManagerTests] [testExperimentRunningManagerSearchConfigurationSingleCancelled] after test

GetQuerySetActionTests > testRequestValidation STANDARD_OUT
    [2025-11-22T04:35:00,734][INFO ][o.o.s.a.q.GetQuerySetActionTests] [testRequestValidation] before test

ExperimentRunningManagerTests > testConcurrentFutureMapUpdates STANDARD_OUT
    [2025-11-22T08:35:00,741][INFO ][o.o.s.e.ExperimentRunningManagerTests] [testConcurrentFutureMapUpdates] before test
    [2025-11-22T08:35:00,742][INFO ][o.o.s.e.ExperimentRunningManagerTests] [testConcurrentFutureMapUpdates] after test

GetQuerySetActionTests > testRequestValidation STANDARD_OUT
    [2025-11-22T04:35:00,748][INFO ][o.o.s.a.q.GetQuerySetActionTests] [testRequestValidation] after test

GetQuerySetActionTests > testStreams STANDARD_OUT
    [2025-11-22T04:35:00,749][INFO ][o.o.s.a.q.GetQuerySetActionTests] [testStreams] before test

GetExperimentActionTests > testRequestValidation STANDARD_ERROR
    SLF4J(W): No SLF4J providers were found.
    SLF4J(W): Defaulting to no-operation (NOP) logger implementation
    SLF4J(W): See https://www.slf4j.org/codes.html#noProviders for further details.

GetQuerySetActionTests > testStreams STANDARD_OUT
    [2025-11-22T04:35:00,764][INFO ][o.o.s.a.q.GetQuerySetActionTests] [testStreams] after test

GetExperimentActionTests > testStreams STANDARD_OUT
    [2025-11-21T18:35:00,765][INFO ][o.o.s.a.e.GetExperimentActionTests] [testStreams] before test

SearchRelevanceExecutorTests > testGetThreadPoolName STANDARD_OUT
    [2025-11-21T17:35:00,772][INFO ][o.o.s.e.SearchRelevanceExecutorTests] [testGetThreadPoolName] before test
    [2025-11-21T17:35:00,778][INFO ][o.o.s.e.SearchRelevanceExecutorTests] [testGetThreadPoolName] after test

SearchRelevanceExecutorTests > testInitializeThrowsExceptionForNullThreadPool STANDARD_OUT
    [2025-11-21T17:35:00,780][INFO ][o.o.s.e.SearchRelevanceExecutorTests] [testInitializeThrowsExceptionForNullThreadPool] before test
    [2025-11-21T17:35:00,783][INFO ][o.o.s.e.SearchRelevanceExecutorTests] [testInitializeThrowsExceptionForNullThreadPool] after test

SearchRelevanceExecutorTests > testInitializeAndGetExecutor STANDARD_OUT
    [2025-11-21T17:35:00,786][INFO ][o.o.s.e.SearchRelevanceExecutorTests] [testInitializeAndGetExecutor] before test

GetSearchConfigurationActionTests > testRequestValidation STANDARD_OUT
    [2025-11-22T04:35:00,798][INFO ][o.o.s.a.s.GetSearchConfigurationActionTests] [testRequestValidation] before test
    [2025-11-22T04:35:00,804][INFO ][o.o.s.a.s.GetSearchConfigurationActionTests] [testRequestValidation] after test

GetSearchConfigurationActionTests > testStreams STANDARD_OUT
    [2025-11-22T04:35:00,806][INFO ][o.o.s.a.s.GetSearchConfigurationActionTests] [testStreams] before test
    [2025-11-22T04:35:00,807][INFO ][o.o.s.a.s.GetSearchConfigurationActionTests] [testStreams] after test

SearchRelevanceExecutorTests > testInitializeAndGetExecutor STANDARD_OUT
    [2025-11-21T17:35:00,839][INFO ][o.o.s.e.SearchRelevanceExecutorTests] [testInitializeAndGetExecutor] after test

SearchRelevanceExecutorTests > testGetExecutorWithoutInitialization STANDARD_OUT
    [2025-11-21T17:35:00,841][INFO ][o.o.s.e.SearchRelevanceExecutorTests] [testGetExecutorWithoutInitialization] before test
    [2025-11-21T17:35:00,842][INFO ][o.o.s.e.SearchRelevanceExecutorTests] [testGetExecutorWithoutInitialization] after test

SearchRelevanceExecutorTests > testGetExecutorBuilderWithMinThreadSize STANDARD_OUT
    [2025-11-21T17:35:00,843][INFO ][o.o.s.e.SearchRelevanceExecutorTests] [testGetExecutorBuilderWithMinThreadSize] before test
    [2025-11-21T17:35:00,843][INFO ][o.o.s.e.SearchRelevanceExecutorTests] [testGetExecutorBuilderWithMinThreadSize] after test

SearchRelevanceExecutorTests > testGetExecutorBuilder STANDARD_OUT
    [2025-11-21T17:35:00,846][INFO ][o.o.s.e.SearchRelevanceExecutorTests] [testGetExecutorBuilder] before test
    [2025-11-21T17:35:00,847][INFO ][o.o.s.e.SearchRelevanceExecutorTests] [testGetExecutorBuilder] after test

DeleteExperimentActionTests > testRequestValidation STANDARD_OUT
    [2025-11-21T18:35:00,846][INFO ][o.o.s.a.e.DeleteExperimentActionTests] [testRequestValidation] before test

GetExperimentActionTests > testStreams STANDARD_OUT
    [2025-11-21T18:35:00,860][INFO ][o.o.s.a.e.GetExperimentActionTests] [testStreams] after test

DeleteQuerySetActionTests > testRequestValidation STANDARD_OUT
    [2025-11-22T05:35:00,923][INFO ][o.o.s.a.q.DeleteQuerySetActionTests] [testRequestValidation] before test
    [2025-11-22T05:35:00,926][INFO ][o.o.s.a.q.DeleteQuerySetActionTests] [testRequestValidation] after test

DeleteQuerySetActionTests > testStreams STANDARD_OUT
    [2025-11-22T05:35:00,930][INFO ][o.o.s.a.q.DeleteQuerySetActionTests] [testStreams] before test
    [2025-11-22T05:35:00,931][INFO ][o.o.s.a.q.DeleteQuerySetActionTests] [testStreams] after test

DeleteSearchConfigurationActionTests > testRequestValidation STANDARD_OUT
    [2025-11-21T23:35:00,969][INFO ][o.o.s.a.s.DeleteSearchConfigurationActionTests] [testRequestValidation] before test
    [2025-11-21T23:35:00,972][INFO ][o.o.s.a.s.DeleteSearchConfigurationActionTests] [testRequestValidation] after test

DeleteSearchConfigurationActionTests > testStreams STANDARD_OUT
    [2025-11-21T23:35:00,974][INFO ][o.o.s.a.s.DeleteSearchConfigurationActionTests] [testStreams] before test
    [2025-11-21T23:35:00,974][INFO ][o.o.s.a.s.DeleteSearchConfigurationActionTests] [testStreams] after test

JudgmentDataTransformerTests > testCreateJudgmentResultMultipleRatingsOrder STANDARD_OUT
    [2025-11-21T21:35:01,005][INFO ][o.o.s.e.JudgmentDataTransformerTests] [testCreateJudgmentResultMultipleRatingsOrder] before test
    [2025-11-21T21:35:01,010][INFO ][o.o.s.e.JudgmentDataTransformerTests] [testCreateJudgmentResultMultipleRatingsOrder] after test

JudgmentDataTransformerTests > testCreateJudgmentResultWithNullRatings STANDARD_OUT
    [2025-11-21T21:35:01,012][INFO ][o.o.s.e.JudgmentDataTransformerTests] [testCreateJudgmentResultWithNullRatings] before test
    [2025-11-21T21:35:01,013][INFO ][o.o.s.e.JudgmentDataTransformerTests] [testCreateJudgmentResultWithNullRatings] after test

JudgmentDataTransformerTests > testCreateJudgmentResultWithZeroRating STANDARD_OUT
    [2025-11-21T21:35:01,014][INFO ][o.o.s.e.JudgmentDataTransformerTests] [testCreateJudgmentResultWithZeroRating] before test
    [2025-11-21T21:35:01,015][INFO ][o.o.s.e.JudgmentDataTransformerTests] [testCreateJudgmentResultWithZeroRating] after test

DeleteJudgmentActionTests > testRequestValidation STANDARD_OUT
    [2025-11-22T03:35:01,017][INFO ][o.o.s.a.j.DeleteJudgmentActionTests] [testRequestValidation] after test

JudgmentDataTransformerTests > testCreateJudgmentResultWithEmptyRatings STANDARD_OUT
    [2025-11-21T21:35:01,019][INFO ][o.o.s.e.JudgmentDataTransformerTests] [testCreateJudgmentResultWithEmptyRatings] before test
    [2025-11-21T21:35:01,019][INFO ][o.o.s.e.JudgmentDataTransformerTests] [testCreateJudgmentResultWithEmptyRatings] after test

JudgmentDataTransformerTests > testCreateJudgmentResultWithQueryOnly STANDARD_OUT
    [2025-11-21T21:35:01,023][INFO ][o.o.s.e.JudgmentDataTransformerTests] [testCreateJudgmentResultWithQueryOnly] before test
    [2025-11-21T21:35:01,024][INFO ][o.o.s.e.JudgmentDataTransformerTests] [testCreateJudgmentResultWithQueryOnly] after test

JudgmentDataTransformerTests > testCreateJudgmentResultWithRatings STANDARD_OUT
    [2025-11-21T21:35:01,026][INFO ][o.o.s.e.JudgmentDataTransformerTests] [testCreateJudgmentResultWithRatings] before test
    [2025-11-21T21:35:01,026][INFO ][o.o.s.e.JudgmentDataTransformerTests] [testCreateJudgmentResultWithRatings] after test

JudgmentDataTransformerTests > testCreateJudgmentResultRatingStructure STANDARD_OUT
    [2025-11-21T21:35:01,028][INFO ][o.o.s.e.JudgmentDataTransformerTests] [testCreateJudgmentResultRatingStructure] before test
    [2025-11-21T21:35:01,029][INFO ][o.o.s.e.JudgmentDataTransformerTests] [testCreateJudgmentResultRatingStructure] after test

JudgmentDataTransformerTests > testCreateJudgmentResultWithSpecialCharacters STANDARD_OUT
    [2025-11-21T21:35:01,032][INFO ][o.o.s.e.JudgmentDataTransformerTests] [testCreateJudgmentResultWithSpecialCharacters] before test
    [2025-11-21T21:35:01,033][INFO ][o.o.s.e.JudgmentDataTransformerTests] [testCreateJudgmentResultWithSpecialCharacters] after test

JudgmentDataTransformerTests > testCreateJudgmentResultWithMaxRating STANDARD_OUT
    [2025-11-21T21:35:01,037][INFO ][o.o.s.e.JudgmentDataTransformerTests] [testCreateJudgmentResultWithMaxRating] before test
    [2025-11-21T21:35:01,039][INFO ][o.o.s.e.JudgmentDataTransformerTests] [testCreateJudgmentResultWithMaxRating] after test

DeleteJudgmentActionTests > testRequestValidation STANDARD_ERROR
    SLF4J(W): No SLF4J providers were found.
    SLF4J(W): Defaulting to no-operation (NOP) logger implementation
    SLF4J(W): See https://www.slf4j.org/codes.html#noProviders for further details.

PutJudgmentActionTests > testStreams STANDARD_OUT
    [2025-11-21T18:35:00,976][INFO ][o.o.s.a.j.PutJudgmentActionTests] [testStreams] before test

DeleteJudgmentActionTests > testStreams STANDARD_OUT
    [2025-11-22T03:35:01,053][INFO ][o.o.s.a.j.DeleteJudgmentActionTests] [testStreams] before test

JudgmentResponseProcessorTests > testProcessCacheResponseNotFound STANDARD_OUT
    [2025-11-21T16:35:01,078][INFO ][o.o.s.e.JudgmentResponseProcessorTests] [testProcessCacheResponseNotFound] before test

HybridOptimizerExperimentProcessorTests > testRunExperimentAfterDeletedJudgment_TransitionsToError STANDARD_OUT
    [2025-11-22T02:35:01,086][INFO ][o.o.s.e.HybridOptimizerExperimentProcessorTests] [testRunExperimentAfterDeletedJudgment_TransitionsToError] before test

DeleteJudgmentActionTests > testStreams STANDARD_OUT
    [2025-11-22T03:35:01,101][INFO ][o.o.s.a.j.DeleteJudgmentActionTests] [testStreams] after test

JudgmentResponseProcessorTests > testProcessCacheResponseNotFound STANDARD_OUT
    [2025-11-21T16:35:01,147][INFO ][o.o.s.e.JudgmentResponseProcessorTests] [testProcessCacheResponseNotFound] after test

JudgmentResponseProcessorTests > testHandleLLMFailureWithIgnoreFailureFalse STANDARD_OUT
    [2025-11-21T16:35:01,149][INFO ][o.o.s.e.JudgmentResponseProcessorTests] [testHandleLLMFailureWithIgnoreFailureFalse] before test

PutQuerySetActionTests > testRequestValidation STANDARD_OUT
    [2025-11-22T03:05:01,170][INFO ][o.o.s.a.q.PutQuerySetActionTests] [testRequestValidation] before test
    [2025-11-22T03:05:01,180][INFO ][o.o.s.a.q.PutQuerySetActionTests] [testRequestValidation] after test

PutQuerySetActionTests > testStreams STANDARD_OUT
    [2025-11-22T03:05:01,182][INFO ][o.o.s.a.q.PutQuerySetActionTests] [testStreams] before test
    [2025-11-22T03:05:01,183][INFO ][o.o.s.a.q.PutQuerySetActionTests] [testStreams] after test

JudgmentResponseProcessorTests > testHandleLLMFailureWithIgnoreFailureFalse STANDARD_OUT
    [2025-11-21T16:35:01,155][ERROR][o.o.s.e.JudgmentResponseProcessor] [testHandleLLMFailureWithIgnoreFailureFalse] LLM processing failed for query: test query
    java.lang.RuntimeException: LLM failed
    	at org.opensearch.searchrelevance.executors.JudgmentResponseProcessorTests.testHandleLLMFailureWithIgnoreFailureFalse(JudgmentResponseProcessorTests.java:154) ~[test/:?]
    	at java.base/jdk.internal.reflect.DirectMethodHandleAccessor.invoke(DirectMethodHandleAccessor.java:103) ~[?:?]
    	at java.base/java.lang.reflect.Method.invoke(Method.java:580) ~[?:?]
    	at com.carrotsearch.randomizedtesting.RandomizedRunner.invoke(RandomizedRunner.java:1750) ~[randomizedtesting-runner-2.7.1.jar:?]
    	at com.carrotsearch.randomizedtesting.RandomizedRunner$8.evaluate(RandomizedRunner.java:938) ~[randomizedtesting-runner-2.7.1.jar:?]
    	at com.carrotsearch.randomizedtesting.RandomizedRunner$9.evaluate(RandomizedRunner.java:974) ~[randomizedtesting-runner-2.7.1.jar:?]
    	at com.carrotsearch.randomizedtesting.RandomizedRunner$10.evaluate(RandomizedRunner.java:988) ~[randomizedtesting-runner-2.7.1.jar:?]
    	at com.carrotsearch.randomizedtesting.rules.StatementAdapter.evaluate(StatementAdapter.java:36) ~[randomizedtesting-runner-2.7.1.jar:?]
    	at org.junit.rules.RunRules.evaluate(RunRules.java:20) ~[junit-4.13.2.jar:4.13.2]
    	at org.apache.lucene.tests.util.TestRuleSetupTeardownChained$1.evaluate(TestRuleSetupTeardownChained.java:48) ~[lucene-test-framework-10.3.1.jar:10.3.1 51190f35a16d2ce433139abfe0fd8365791b352a - 2025-10-02 09:50:16]
    	at org.apache.lucene.tests.util.AbstractBeforeAfterRule$1.evaluate(AbstractBeforeAfterRule.java:43) ~[lucene-test-framework-10.3.1.jar:10.3.1 51190f35a16d2ce433139abfe0fd8365791b352a - 2025-10-02 09:50:16]
    	at org.apache.lucene.tests.util.TestRuleThreadAndTestName$1.evaluate(TestRuleThreadAndTestName.java:45) ~[lucene-test-framework-10.3.1.jar:10.3.1 51190f35a16d2ce433139abfe0fd8365791b352a - 2025-10-02 09:50:16]
    	at org.apache.lucene.tests.util.TestRuleIgnoreAfterMaxFailures$1.evaluate(TestRuleIgnoreAfterMaxFailures.java:60) ~[lucene-test-framework-10.3.1.jar:10.3.1 51190f35a16d2ce433139abfe0fd8365791b352a - 2025-10-02 09:50:16]
    	at org.apache.lucene.tests.util.TestRuleMarkFailure$1.evaluate(TestRuleMarkFailure.java:44) ~[lucene-test-framework-10.3.1.jar:10.3.1 51190f35a16d2ce433139abfe0fd8365791b352a - 2025-10-02 09:50:16]
    	at org.junit.rules.RunRules.evaluate(RunRules.java:20) ~[junit-4.13.2.jar:4.13.2]
    	at com.carrotsearch.randomizedtesting.rules.StatementAdapter.evaluate(StatementAdapter.java:36) ~[randomizedtesting-runner-2.7.1.jar:?]
    	at com.carrotsearch.randomizedtesting.ThreadLeakControl$StatementRunner.run(ThreadLeakControl.java:368) ~[randomizedtesting-runner-2.7.1.jar:?]
    	at com.carrotsearch.randomizedtesting.ThreadLeakControl.forkTimeoutingTask(ThreadLeakControl.java:817) ~[randomizedtesting-runner-2.7.1.jar:?]
    	at com.carrotsearch.randomizedtesting.ThreadLeakControl$3.evaluate(ThreadLeakControl.java:468) ~[randomizedtesting-runner-2.7.1.jar:?]
    	at com.carrotsearch.randomizedtesting.RandomizedRunner.runSingleTest(RandomizedRunner.java:947) ~[randomizedtesting-runner-2.7.1.jar:?]
    	at com.carrotsearch.randomizedtesting.RandomizedRunner$5.evaluate(RandomizedRunner.java:832) ~[randomizedtesting-runner-2.7.1.jar:?]
    	at com.carrotsearch.randomizedtesting.RandomizedRunner$6.evaluate(RandomizedRunner.java:883) ~[randomizedtesting-runner-2.7.1.jar:?]
    	at com.carrotsearch.randomizedtesting.RandomizedRunner$7.evaluate(RandomizedRunner.java:894) ~[randomizedtesting-runner-2.7.1.jar:?]
    	at org.apache.lucene.tests.util.AbstractBeforeAfterRule$1.evaluate(AbstractBeforeAfterRule.java:43) ~[lucene-test-framework-10.3.1.jar:10.3.1 51190f35a16d2ce433139abfe0fd8365791b352a - 2025-10-02 09:50:16]
    	at com.carrotsearch.randomizedtesting.rules.StatementAdapter.evaluate(StatementAdapter.java:36) ~[randomizedtesting-runner-2.7.1.jar:?]
    	at org.apache.lucene.tests.util.TestRuleStoreClassName$1.evaluate(TestRuleStoreClassName.java:38) ~[lucene-test-framework-10.3.1.jar:10.3.1 51190f35a16d2ce433139abfe0fd8365791b352a - 2025-10-02 09:50:16]
    	at com.carrotsearch.randomizedtesting.rules.NoShadowingOrOverridesOnMethodsRule$1.evaluate(NoShadowingOrOverridesOnMethodsRule.java:40) ~[randomizedtesting-runner-2.7.1.jar:?]
    	at com.carrotsearch.randomizedtesting.rules.NoShadowingOrOverridesOnMethodsRule$1.evaluate(NoShadowingOrOverridesOnMethodsRule.java:40) ~[randomizedtesting-runner-2.7.1.jar:?]
    	at com.carrotsearch.randomizedtesting.rules.StatementAdapter.evaluate(StatementAdapter.java:36) ~[randomizedtesting-runner-2.7.1.jar:?]
    	at com.carrotsearch.randomizedtesting.rules.StatementAdapter.evaluate(StatementAdapter.java:36) ~[randomizedtesting-runner-2.7.1.jar:?]
    	at org.apache.lucene.tests.util.TestRuleAssertionsRequired$1.evaluate(TestRuleAssertionsRequired.java:53) ~[lucene-test-framework-10.3.1.jar:10.3.1 51190f35a16d2ce433139abfe0fd8365791b352a - 2025-10-02 09:50:16]
    	at org.apache.lucene.tests.util.AbstractBeforeAfterRule$1.evaluate(AbstractBeforeAfterRule.java:43) ~[lucene-test-framework-10.3.1.jar:10.3.1 51190f35a16d2ce433139abfe0fd8365791b352a - 2025-10-02 09:50:16]
    	at org.apache.lucene.tests.util.TestRuleMarkFailure$1.evaluate(TestRuleMarkFailure.java:44) ~[lucene-test-framework-10.3.1.jar:10.3.1 51190f35a16d2ce433139abfe0fd8365791b352a - 2025-10-02 09:50:16]
    	at org.apache.lucene.tests.util.TestRuleIgnoreAfterMaxFailures$1.evaluate(TestRuleIgnoreAfterMaxFailures.java:60) ~[lucene-test-framework-10.3.1.jar:10.3.1 51190f35a16d2ce433139abfe0fd8365791b352a - 2025-10-02 09:50:16]
    	at org.apache.lucene.tests.util.TestRuleIgnoreTestSuites$1.evaluate(TestRuleIgnoreTestSuites.java:47) ~[lucene-test-framework-10.3.1.jar:10.3.1 51190f35a16d2ce433139abfe0fd8365791b352a - 2025-10-02 09:50:16]
    	at org.junit.rules.RunRules.evaluate(RunRules.java:20) ~[junit-4.13.2.jar:4.13.2]
    	at com.carrotsearch.randomizedtesting.rules.StatementAdapter.evaluate(StatementAdapter.java:36) ~[randomizedtesting-runner-2.7.1.jar:?]
    	at com.carrotsearch.randomizedtesting.ThreadLeakControl$StatementRunner.run(ThreadLeakControl.java:368) ~[randomizedtesting-runner-2.7.1.jar:?]
    	at java.base/java.lang.Thread.run(Thread.java:1583) [?:?]

PutSearchConfigurationActionTests > testRequestValidation STANDARD_OUT
    [2025-11-21T18:35:01,213][INFO ][o.o.s.a.s.PutSearchConfigurationActionTests] [testRequestValidation] before test
    [2025-11-21T18:35:01,218][INFO ][o.o.s.a.s.PutSearchConfigurationActionTests] [testRequestValidation] after test

PutSearchConfigurationActionTests > testStreams STANDARD_OUT
    [2025-11-21T18:35:01,220][INFO ][o.o.s.a.s.PutSearchConfigurationActionTests] [testStreams] before test
    [2025-11-21T18:35:01,221][INFO ][o.o.s.a.s.PutSearchConfigurationActionTests] [testStreams] after test

JudgmentResponseProcessorTests > testHandleLLMFailureWithIgnoreFailureFalse STANDARD_OUT
    [2025-11-21T16:35:01,221][INFO ][o.o.s.e.JudgmentResponseProcessorTests] [testHandleLLMFailureWithIgnoreFailureFalse] after test

JudgmentResponseProcessorTests > testHandleLLMFailureWithIgnoreFailureTrue STANDARD_OUT
    [2025-11-21T16:35:01,233][INFO ][o.o.s.e.JudgmentResponseProcessorTests] [testHandleLLMFailureWithIgnoreFailureTrue] before test
    [2025-11-21T16:35:01,236][ERROR][o.o.s.e.JudgmentResponseProcessor] [testHandleLLMFailureWithIgnoreFailureTrue] LLM processing failed for query: test query
    java.lang.RuntimeException: LLM failed
    	at org.opensearch.searchrelevance.executors.JudgmentResponseProcessorTests.testHandleLLMFailureWithIgnoreFailureTrue(JudgmentResponseProcessorTests.java:168) ~[test/:?]
    	at java.base/jdk.internal.reflect.DirectMethodHandleAccessor.invoke(DirectMethodHandleAccessor.java:103) ~[?:?]
    	at java.base/java.lang.reflect.Method.invoke(Method.java:580) ~[?:?]
    	at com.carrotsearch.randomizedtesting.RandomizedRunner.invoke(RandomizedRunner.java:1750) ~[randomizedtesting-runner-2.7.1.jar:?]
    	at com.carrotsearch.randomizedtesting.RandomizedRunner$8.evaluate(RandomizedRunner.java:938) ~[randomizedtesting-runner-2.7.1.jar:?]
    	at com.carrotsearch.randomizedtesting.RandomizedRunner$9.evaluate(RandomizedRunner.java:974) ~[randomizedtesting-runner-2.7.1.jar:?]
    	at com.carrotsearch.randomizedtesting.RandomizedRunner$10.evaluate(RandomizedRunner.java:988) ~[randomizedtesting-runner-2.7.1.jar:?]
    	at com.carrotsearch.randomizedtesting.rules.StatementAdapter.evaluate(StatementAdapter.java:36) ~[randomizedtesting-runner-2.7.1.jar:?]
    	at org.junit.rules.RunRules.evaluate(RunRules.java:20) ~[junit-4.13.2.jar:4.13.2]
    	at org.apache.lucene.tests.util.TestRuleSetupTeardownChained$1.evaluate(TestRuleSetupTeardownChained.java:48) ~[lucene-test-framework-10.3.1.jar:10.3.1 51190f35a16d2ce433139abfe0fd8365791b352a - 2025-10-02 09:50:16]
    	at org.apache.lucene.tests.util.AbstractBeforeAfterRule$1.evaluate(AbstractBeforeAfterRule.java:43) ~[lucene-test-framework-10.3.1.jar:10.3.1 51190f35a16d2ce433139abfe0fd8365791b352a - 2025-10-02 09:50:16]
    	at org.apache.lucene.tests.util.TestRuleThreadAndTestName$1.evaluate(TestRuleThreadAndTestName.java:45) ~[lucene-test-framework-10.3.1.jar:10.3.1 51190f35a16d2ce433139abfe0fd8365791b352a - 2025-10-02 09:50:16]
    	at org.apache.lucene.tests.util.TestRuleIgnoreAfterMaxFailures$1.evaluate(TestRuleIgnoreAfterMaxFailures.java:60) ~[lucene-test-framework-10.3.1.jar:10.3.1 51190f35a16d2ce433139abfe0fd8365791b352a - 2025-10-02 09:50:16]
    	at org.apache.lucene.tests.util.TestRuleMarkFailure$1.evaluate(TestRuleMarkFailure.java:44) ~[lucene-test-framework-10.3.1.jar:10.3.1 51190f35a16d2ce433139abfe0fd8365791b352a - 2025-10-02 09:50:16]
    	at org.junit.rules.RunRules.evaluate(RunRules.java:20) ~[junit-4.13.2.jar:4.13.2]
    	at com.carrotsearch.randomizedtesting.rules.StatementAdapter.evaluate(StatementAdapter.java:36) ~[randomizedtesting-runner-2.7.1.jar:?]
    	at com.carrotsearch.randomizedtesting.ThreadLeakControl$StatementRunner.run(ThreadLeakControl.java:368) ~[randomizedtesting-runner-2.7.1.jar:?]
    	at com.carrotsearch.randomizedtesting.ThreadLeakControl.forkTimeoutingTask(ThreadLeakControl.java:817) ~[randomizedtesting-runner-2.7.1.jar:?]
    	at com.carrotsearch.randomizedtesting.ThreadLeakControl$3.evaluate(ThreadLeakControl.java:468) ~[randomizedtesting-runner-2.7.1.jar:?]
    	at com.carrotsearch.randomizedtesting.RandomizedRunner.runSingleTest(RandomizedRunner.java:947) ~[randomizedtesting-runner-2.7.1.jar:?]
    	at com.carrotsearch.randomizedtesting.RandomizedRunner$5.evaluate(RandomizedRunner.java:832) ~[randomizedtesting-runner-2.7.1.jar:?]
    	at com.carrotsearch.randomizedtesting.RandomizedRunner$6.evaluate(RandomizedRunner.java:883) ~[randomizedtesting-runner-2.7.1.jar:?]
    	at com.carrotsearch.randomizedtesting.RandomizedRunner$7.evaluate(RandomizedRunner.java:894) ~[randomizedtesting-runner-2.7.1.jar:?]
    	at org.apache.lucene.tests.util.AbstractBeforeAfterRule$1.evaluate(AbstractBeforeAfterRule.java:43) ~[lucene-test-framework-10.3.1.jar:10.3.1 51190f35a16d2ce433139abfe0fd8365791b352a - 2025-10-02 09:50:16]
    	at com.carrotsearch.randomizedtesting.rules.StatementAdapter.evaluate(StatementAdapter.java:36) ~[randomizedtesting-runner-2.7.1.jar:?]
    	at org.apache.lucene.tests.util.TestRuleStoreClassName$1.evaluate(TestRuleStoreClassName.java:38) ~[lucene-test-framework-10.3.1.jar:10.3.1 51190f35a16d2ce433139abfe0fd8365791b352a - 2025-10-02 09:50:16]
    	at com.carrotsearch.randomizedtesting.rules.NoShadowingOrOverridesOnMethodsRule$1.evaluate(NoShadowingOrOverridesOnMethodsRule.java:40) ~[randomizedtesting-runner-2.7.1.jar:?]
    	at com.carrotsearch.randomizedtesting.rules.NoShadowingOrOverridesOnMethodsRule$1.evaluate(NoShadowingOrOverridesOnMethodsRule.java:40) ~[randomizedtesting-runner-2.7.1.jar:?]
    	at com.carrotsearch.randomizedtesting.rules.StatementAdapter.evaluate(StatementAdapter.java:36) ~[randomizedtesting-runner-2.7.1.jar:?]
    	at com.carrotsearch.randomizedtesting.rules.StatementAdapter.evaluate(StatementAdapter.java:36) ~[randomizedtesting-runner-2.7.1.jar:?]
    	at org.apache.lucene.tests.util.TestRuleAssertionsRequired$1.evaluate(TestRuleAssertionsRequired.java:53) ~[lucene-test-framework-10.3.1.jar:10.3.1 51190f35a16d2ce433139abfe0fd8365791b352a - 2025-10-02 09:50:16]
    	at org.apache.lucene.tests.util.AbstractBeforeAfterRule$1.evaluate(AbstractBeforeAfterRule.java:43) ~[lucene-test-framework-10.3.1.jar:10.3.1 51190f35a16d2ce433139abfe0fd8365791b352a - 2025-10-02 09:50:16]
    	at org.apache.lucene.tests.util.TestRuleMarkFailure$1.evaluate(TestRuleMarkFailure.java:44) ~[lucene-test-framework-10.3.1.jar:10.3.1 51190f35a16d2ce433139abfe0fd8365791b352a - 2025-10-02 09:50:16]
    	at org.apache.lucene.tests.util.TestRuleIgnoreAfterMaxFailures$1.evaluate(TestRuleIgnoreAfterMaxFailures.java:60) ~[lucene-test-framework-10.3.1.jar:10.3.1 51190f35a16d2ce433139abfe0fd8365791b352a - 2025-10-02 09:50:16]
    	at org.apache.lucene.tests.util.TestRuleIgnoreTestSuites$1.evaluate(TestRuleIgnoreTestSuites.java:47) ~[lucene-test-framework-10.3.1.jar:10.3.1 51190f35a16d2ce433139abfe0fd8365791b352a - 2025-10-02 09:50:16]
    	at org.junit.rules.RunRules.evaluate(RunRules.java:20) ~[junit-4.13.2.jar:4.13.2]
    	at com.carrotsearch.randomizedtesting.rules.StatementAdapter.evaluate(StatementAdapter.java:36) ~[randomizedtesting-runner-2.7.1.jar:?]
    	at com.carrotsearch.randomizedtesting.ThreadLeakControl$StatementRunner.run(ThreadLeakControl.java:368) ~[randomizedtesting-runner-2.7.1.jar:?]
    	at java.base/java.lang.Thread.run(Thread.java:1583) [?:?]
    [2025-11-21T16:35:01,245][WARN ][o.o.s.e.JudgmentResponseProcessor] [testHandleLLMFailureWithIgnoreFailureTrue] Ignoring LLM failure due to ignoreFailure=true
    java.lang.RuntimeException: LLM failed
    	at org.opensearch.searchrelevance.executors.JudgmentResponseProcessorTests.testHandleLLMFailureWithIgnoreFailureTrue(JudgmentResponseProcessorTests.java:168) ~[test/:?]
    	at java.base/jdk.internal.reflect.DirectMethodHandleAccessor.invoke(DirectMethodHandleAccessor.java:103) ~[?:?]
    	at java.base/java.lang.reflect.Method.invoke(Method.java:580) ~[?:?]
    	at com.carrotsearch.randomizedtesting.RandomizedRunner.invoke(RandomizedRunner.java:1750) ~[randomizedtesting-runner-2.7.1.jar:?]
    	at com.carrotsearch.randomizedtesting.RandomizedRunner$8.evaluate(RandomizedRunner.java:938) ~[randomizedtesting-runner-2.7.1.jar:?]
    	at com.carrotsearch.randomizedtesting.RandomizedRunner$9.evaluate(RandomizedRunner.java:974) ~[randomizedtesting-runner-2.7.1.jar:?]
    	at com.carrotsearch.randomizedtesting.RandomizedRunner$10.evaluate(RandomizedRunner.java:988) ~[randomizedtesting-runner-2.7.1.jar:?]
    	at com.carrotsearch.randomizedtesting.rules.StatementAdapter.evaluate(StatementAdapter.java:36) ~[randomizedtesting-runner-2.7.1.jar:?]
    	at org.junit.rules.RunRules.evaluate(RunRules.java:20) ~[junit-4.13.2.jar:4.13.2]
    	at org.apache.lucene.tests.util.TestRuleSetupTeardownChained$1.evaluate(TestRuleSetupTeardownChained.java:48) ~[lucene-test-framework-10.3.1.jar:10.3.1 51190f35a16d2ce433139abfe0fd8365791b352a - 2025-10-02 09:50:16]
    	at org.apache.lucene.tests.util.AbstractBeforeAfterRule$1.evaluate(AbstractBeforeAfterRule.java:43) ~[lucene-test-framework-10.3.1.jar:10.3.1 51190f35a16d2ce433139abfe0fd8365791b352a - 2025-10-02 09:50:16]
    	at org.apache.lucene.tests.util.TestRuleThreadAndTestName$1.evaluate(TestRuleThreadAndTestName.java:45) ~[lucene-test-framework-10.3.1.jar:10.3.1 51190f35a16d2ce433139abfe0fd8365791b352a - 2025-10-02 09:50:16]
    	at org.apache.lucene.tests.util.TestRuleIgnoreAfterMaxFailures$1.evaluate(TestRuleIgnoreAfterMaxFailures.java:60) ~[lucene-test-framework-10.3.1.jar:10.3.1 51190f35a16d2ce433139abfe0fd8365791b352a - 2025-10-02 09:50:16]
    	at org.apache.lucene.tests.util.TestRuleMarkFailure$1.evaluate(TestRuleMarkFailure.java:44) ~[lucene-test-framework-10.3.1.jar:10.3.1 51190f35a16d2ce433139abfe0fd8365791b352a - 2025-10-02 09:50:16]
    	at org.junit.rules.RunRules.evaluate(RunRules.java:20) ~[junit-4.13.2.jar:4.13.2]
    	at com.carrotsearch.randomizedtesting.rules.StatementAdapter.evaluate(StatementAdapter.java:36) ~[randomizedtesting-runner-2.7.1.jar:?]
    	at com.carrotsearch.randomizedtesting.ThreadLeakControl$StatementRunner.run(ThreadLeakControl.java:368) ~[randomizedtesting-runner-2.7.1.jar:?]
    	at com.carrotsearch.randomizedtesting.ThreadLeakControl.forkTimeoutingTask(ThreadLeakControl.java:817) ~[randomizedtesting-runner-2.7.1.jar:?]
    	at com.carrotsearch.randomizedtesting.ThreadLeakControl$3.evaluate(ThreadLeakControl.java:468) ~[randomizedtesting-runner-2.7.1.jar:?]
    	at com.carrotsearch.randomizedtesting.RandomizedRunner.runSingleTest(RandomizedRunner.java:947) ~[randomizedtesting-runner-2.7.1.jar:?]
    	at com.carrotsearch.randomizedtesting.RandomizedRunner$5.evaluate(RandomizedRunner.java:832) ~[randomizedtesting-runner-2.7.1.jar:?]
    	at com.carrotsearch.randomizedtesting.RandomizedRunner$6.evaluate(RandomizedRunner.java:883) ~[randomizedtesting-runner-2.7.1.jar:?]
    	at com.carrotsearch.randomizedtesting.RandomizedRunner$7.evaluate(RandomizedRunner.java:894) ~[randomizedtesting-runner-2.7.1.jar:?]
    	at org.apache.lucene.tests.util.AbstractBeforeAfterRule$1.evaluate(AbstractBeforeAfterRule.java:43) ~[lucene-test-framework-10.3.1.jar:10.3.1 51190f35a16d2ce433139abfe0fd8365791b352a - 2025-10-02 09:50:16]
    	at com.carrotsearch.randomizedtesting.rules.StatementAdapter.evaluate(StatementAdapter.java:36) ~[randomizedtesting-runner-2.7.1.jar:?]
    	at org.apache.lucene.tests.util.TestRuleStoreClassName$1.evaluate(TestRuleStoreClassName.java:38) ~[lucene-test-framework-10.3.1.jar:10.3.1 51190f35a16d2ce433139abfe0fd8365791b352a - 2025-10-02 09:50:16]
    	at com.carrotsearch.randomizedtesting.rules.NoShadowingOrOverridesOnMethodsRule$1.evaluate(NoShadowingOrOverridesOnMethodsRule.java:40) ~[randomizedtesting-runner-2.7.1.jar:?]
    	at com.carrotsearch.randomizedtesting.rules.NoShadowingOrOverridesOnMethodsRule$1.evaluate(NoShadowingOrOverridesOnMethodsRule.java:40) ~[randomizedtesting-runner-2.7.1.jar:?]
    	at com.carrotsearch.randomizedtesting.rules.StatementAdapter.evaluate(StatementAdapter.java:36) ~[randomizedtesting-runner-2.7.1.jar:?]
    	at com.carrotsearch.randomizedtesting.rules.StatementAdapter.evaluate(StatementAdapter.java:36) ~[randomizedtesting-runner-2.7.1.jar:?]
    	at org.apache.lucene.tests.util.TestRuleAssertionsRequired$1.evaluate(TestRuleAssertionsRequired.java:53) ~[lucene-test-framework-10.3.1.jar:10.3.1 51190f35a16d2ce433139abfe0fd8365791b352a - 2025-10-02 09:50:16]
    	at org.apache.lucene.tests.util.AbstractBeforeAfterRule$1.evaluate(AbstractBeforeAfterRule.java:43) ~[lucene-test-framework-10.3.1.jar:10.3.1 51190f35a16d2ce433139abfe0fd8365791b352a - 2025-10-02 09:50:16]
    	at org.apache.lucene.tests.util.TestRuleMarkFailure$1.evaluate(TestRuleMarkFailure.java:44) ~[lucene-test-framework-10.3.1.jar:10.3.1 51190f35a16d2ce433139abfe0fd8365791b352a - 2025-10-02 09:50:16]
    	at org.apache.lucene.tests.util.TestRuleIgnoreAfterMaxFailures$1.evaluate(TestRuleIgnoreAfterMaxFailures.java:60) ~[lucene-test-framework-10.3.1.jar:10.3.1 51190f35a16d2ce433139abfe0fd8365791b352a - 2025-10-02 09:50:16]
    	at org.apache.lucene.tests.util.TestRuleIgnoreTestSuites$1.evaluate(TestRuleIgnoreTestSuites.java:47) ~[lucene-test-framework-10.3.1.jar:10.3.1 51190f35a16d2ce433139abfe0fd8365791b352a - 2025-10-02 09:50:16]
    	at org.junit.rules.RunRules.evaluate(RunRules.java:20) ~[junit-4.13.2.jar:4.13.2]
    	at com.carrotsearch.randomizedtesting.rules.StatementAdapter.evaluate(StatementAdapter.java:36) ~[randomizedtesting-runner-2.7.1.jar:?]
    	at com.carrotsearch.randomizedtesting.ThreadLeakControl$StatementRunner.run(ThreadLeakControl.java:368) ~[randomizedtesting-runner-2.7.1.jar:?]
    	at java.base/java.lang.Thread.run(Thread.java:1583) [?:?]
    [2025-11-21T16:35:01,252][INFO ][o.o.s.e.JudgmentResponseProcessorTests] [testHandleLLMFailureWithIgnoreFailureTrue] after test

JudgmentResponseProcessorTests > testProcessSearchResponseException STANDARD_OUT
    [2025-11-21T16:35:01,258][INFO ][o.o.s.e.JudgmentResponseProcessorTests] [testProcessSearchResponseException] before test
    [2025-11-21T16:35:01,260][ERROR][o.o.s.e.JudgmentResponseProcessor] [testProcessSearchResponseException] Failed to process search response for index: test-index
    java.lang.RuntimeException: Test exception
    	at org.opensearch.searchrelevance.executors.JudgmentResponseProcessor.processSearchResponse(JudgmentResponseProcessor.java:39) ~[opensearch-search-relevance-3.3.0.0-SNAPSHOT.jar:?]
    	at org.opensearch.searchrelevance.executors.JudgmentResponseProcessorTests.testProcessSearchResponseException(JudgmentResponseProcessorTests.java:79) ~[test/:?]
    	at java.base/jdk.internal.reflect.DirectMethodHandleAccessor.invoke(DirectMethodHandleAccessor.java:103) ~[?:?]
    	at java.base/java.lang.reflect.Method.invoke(Method.java:580) ~[?:?]
    	at com.carrotsearch.randomizedtesting.RandomizedRunner.invoke(RandomizedRunner.java:1750) ~[randomizedtesting-runner-2.7.1.jar:?]
    	at com.carrotsearch.randomizedtesting.RandomizedRunner$8.evaluate(RandomizedRunner.java:938) ~[randomizedtesting-runner-2.7.1.jar:?]
    	at com.carrotsearch.randomizedtesting.RandomizedRunner$9.evaluate(RandomizedRunner.java:974) ~[randomizedtesting-runner-2.7.1.jar:?]
    	at com.carrotsearch.randomizedtesting.RandomizedRunner$10.evaluate(RandomizedRunner.java:988) ~[randomizedtesting-runner-2.7.1.jar:?]
    	at com.carrotsearch.randomizedtesting.rules.StatementAdapter.evaluate(StatementAdapter.java:36) ~[randomizedtesting-runner-2.7.1.jar:?]
    	at org.junit.rules.RunRules.evaluate(RunRules.java:20) ~[junit-4.13.2.jar:4.13.2]
    	at org.apache.lucene.tests.util.TestRuleSetupTeardownChained$1.evaluate(TestRuleSetupTeardownChained.java:48) ~[lucene-test-framework-10.3.1.jar:10.3.1 51190f35a16d2ce433139abfe0fd8365791b352a - 2025-10-02 09:50:16]
    	at org.apache.lucene.tests.util.AbstractBeforeAfterRule$1.evaluate(AbstractBeforeAfterRule.java:43) ~[lucene-test-framework-10.3.1.jar:10.3.1 51190f35a16d2ce433139abfe0fd8365791b352a - 2025-10-02 09:50:16]
    	at org.apache.lucene.tests.util.TestRuleThreadAndTestName$1.evaluate(TestRuleThreadAndTestName.java:45) ~[lucene-test-framework-10.3.1.jar:10.3.1 51190f35a16d2ce433139abfe0fd8365791b352a - 2025-10-02 09:50:16]
    	at org.apache.lucene.tests.util.TestRuleIgnoreAfterMaxFailures$1.evaluate(TestRuleIgnoreAfterMaxFailures.java:60) ~[lucene-test-framework-10.3.1.jar:10.3.1 51190f35a16d2ce433139abfe0fd8365791b352a - 2025-10-02 09:50:16]
    	at org.apache.lucene.tests.util.TestRuleMarkFailure$1.evaluate(TestRuleMarkFailure.java:44) ~[lucene-test-framework-10.3.1.jar:10.3.1 51190f35a16d2ce433139abfe0fd8365791b352a - 2025-10-02 09:50:16]
    	at org.junit.rules.RunRules.evaluate(RunRules.java:20) ~[junit-4.13.2.jar:4.13.2]
    	at com.carrotsearch.randomizedtesting.rules.StatementAdapter.evaluate(StatementAdapter.java:36) ~[randomizedtesting-runner-2.7.1.jar:?]
    	at com.carrotsearch.randomizedtesting.ThreadLeakControl$StatementRunner.run(ThreadLeakControl.java:368) ~[randomizedtesting-runner-2.7.1.jar:?]
    	at com.carrotsearch.randomizedtesting.ThreadLeakControl.forkTimeoutingTask(ThreadLeakControl.java:817) ~[randomizedtesting-runner-2.7.1.jar:?]
    	at com.carrotsearch.randomizedtesting.ThreadLeakControl$3.evaluate(ThreadLeakControl.java:468) ~[randomizedtesting-runner-2.7.1.jar:?]
    	at com.carrotsearch.randomizedtesting.RandomizedRunner.runSingleTest(RandomizedRunner.java:947) ~[randomizedtesting-runner-2.7.1.jar:?]
    	at com.carrotsearch.randomizedtesting.RandomizedRunner$5.evaluate(RandomizedRunner.java:832) ~[randomizedtesting-runner-2.7.1.jar:?]
    	at com.carrotsearch.randomizedtesting.RandomizedRunner$6.evaluate(RandomizedRunner.java:883) ~[randomizedtesting-runner-2.7.1.jar:?]
    	at com.carrotsearch.randomizedtesting.RandomizedRunner$7.evaluate(RandomizedRunner.java:894) ~[randomizedtesting-runner-2.7.1.jar:?]
    	at org.apache.lucene.tests.util.AbstractBeforeAfterRule$1.evaluate(AbstractBeforeAfterRule.java:43) ~[lucene-test-framework-10.3.1.jar:10.3.1 51190f35a16d2ce433139abfe0fd8365791b352a - 2025-10-02 09:50:16]
    	at com.carrotsearch.randomizedtesting.rules.StatementAdapter.evaluate(StatementAdapter.java:36) ~[randomizedtesting-runner-2.7.1.jar:?]
    	at org.apache.lucene.tests.util.TestRuleStoreClassName$1.evaluate(TestRuleStoreClassName.java:38) ~[lucene-test-framework-10.3.1.jar:10.3.1 51190f35a16d2ce433139abfe0fd8365791b352a - 2025-10-02 09:50:16]
    	at com.carrotsearch.randomizedtesting.rules.NoShadowingOrOverridesOnMethodsRule$1.evaluate(NoShadowingOrOverridesOnMethodsRule.java:40) ~[randomizedtesting-runner-2.7.1.jar:?]
    	at com.carrotsearch.randomizedtesting.rules.NoShadowingOrOverridesOnMethodsRule$1.evaluate(NoShadowingOrOverridesOnMethodsRule.java:40) ~[randomizedtesting-runner-2.7.1.jar:?]
    	at com.carrotsearch.randomizedtesting.rules.StatementAdapter.evaluate(StatementAdapter.java:36) ~[randomizedtesting-runner-2.7.1.jar:?]
    	at com.carrotsearch.randomizedtesting.rules.StatementAdapter.evaluate(StatementAdapter.java:36) ~[randomizedtesting-runner-2.7.1.jar:?]
    	at org.apache.lucene.tests.util.TestRuleAssertionsRequired$1.evaluate(TestRuleAssertionsRequired.java:53) ~[lucene-test-framework-10.3.1.jar:10.3.1 51190f35a16d2ce433139abfe0fd8365791b352a - 2025-10-02 09:50:16]
    	at org.apache.lucene.tests.util.AbstractBeforeAfterRule$1.evaluate(AbstractBeforeAfterRule.java:43) ~[lucene-test-framework-10.3.1.jar:10.3.1 51190f35a16d2ce433139abfe0fd8365791b352a - 2025-10-02 09:50:16]
    	at org.apache.lucene.tests.util.TestRuleMarkFailure$1.evaluate(TestRuleMarkFailure.java:44) ~[lucene-test-framework-10.3.1.jar:10.3.1 51190f35a16d2ce433139abfe0fd8365791b352a - 2025-10-02 09:50:16]
    	at org.apache.lucene.tests.util.TestRuleIgnoreAfterMaxFailures$1.evaluate(TestRuleIgnoreAfterMaxFailures.java:60) ~[lucene-test-framework-10.3.1.jar:10.3.1 51190f35a16d2ce433139abfe0fd8365791b352a - 2025-10-02 09:50:16]
    	at org.apache.lucene.tests.util.TestRuleIgnoreTestSuites$1.evaluate(TestRuleIgnoreTestSuites.java:47) ~[lucene-test-framework-10.3.1.jar:10.3.1 51190f35a16d2ce433139abfe0fd8365791b352a - 2025-10-02 09:50:16]
    	at org.junit.rules.RunRules.evaluate(RunRules.java:20) ~[junit-4.13.2.jar:4.13.2]
    	at com.carrotsearch.randomizedtesting.rules.StatementAdapter.evaluate(StatementAdapter.java:36) ~[randomizedtesting-runner-2.7.1.jar:?]
    	at com.carrotsearch.randomizedtesting.ThreadLeakControl$StatementRunner.run(ThreadLeakControl.java:368) ~[randomizedtesting-runner-2.7.1.jar:?]
    	at java.base/java.lang.Thread.run(Thread.java:1583) [?:?]
    [2025-11-21T16:35:01,263][INFO ][o.o.s.e.JudgmentResponseProcessorTests] [testProcessSearchResponseException] after test

JudgmentTaskContextTests > testGetStatusPartialSuccess STANDARD_OUT
    [2025-11-21T13:35:01,261][INFO ][o.o.s.e.JudgmentTaskContextTests] [testGetStatusPartialSuccess] before test

JudgmentResponseProcessorTests > testHandleSearchFailureWithIgnoreFailureFalse STANDARD_OUT
    [2025-11-21T16:35:01,265][INFO ][o.o.s.e.JudgmentResponseProcessorTests] [testHandleSearchFailureWithIgnoreFailureFalse] before test
    [2025-11-21T16:35:01,265][ERROR][o.o.s.e.JudgmentResponseProcessor] [testHandleSearchFailureWithIgnoreFailureFalse] Search failed for index: test-index
    java.lang.RuntimeException: Search failed
    	at org.opensearch.searchrelevance.executors.JudgmentResponseProcessorTests.testHandleSearchFailureWithIgnoreFailureFalse(JudgmentResponseProcessorTests.java:129) ~[test/:?]
    	at java.base/jdk.internal.reflect.DirectMethodHandleAccessor.invoke(DirectMethodHandleAccessor.java:103) ~[?:?]
    	at java.base/java.lang.reflect.Method.invoke(Method.java:580) ~[?:?]
    	at com.carrotsearch.randomizedtesting.RandomizedRunner.invoke(RandomizedRunner.java:1750) ~[randomizedtesting-runner-2.7.1.jar:?]
    	at com.carrotsearch.randomizedtesting.RandomizedRunner$8.evaluate(RandomizedRunner.java:938) ~[randomizedtesting-runner-2.7.1.jar:?]
    	at com.carrotsearch.randomizedtesting.RandomizedRunner$9.evaluate(RandomizedRunner.java:974) ~[randomizedtesting-runner-2.7.1.jar:?]
    	at com.carrotsearch.randomizedtesting.RandomizedRunner$10.evaluate(RandomizedRunner.java:988) ~[randomizedtesting-runner-2.7.1.jar:?]
    	at com.carrotsearch.randomizedtesting.rules.StatementAdapter.evaluate(StatementAdapter.java:36) ~[randomizedtesting-runner-2.7.1.jar:?]
    	at org.junit.rules.RunRules.evaluate(RunRules.java:20) ~[junit-4.13.2.jar:4.13.2]
    	at org.apache.lucene.tests.util.TestRuleSetupTeardownChained$1.evaluate(TestRuleSetupTeardownChained.java:48) ~[lucene-test-framework-10.3.1.jar:10.3.1 51190f35a16d2ce433139abfe0fd8365791b352a - 2025-10-02 09:50:16]
    	at org.apache.lucene.tests.util.AbstractBeforeAfterRule$1.evaluate(AbstractBeforeAfterRule.java:43) ~[lucene-test-framework-10.3.1.jar:10.3.1 51190f35a16d2ce433139abfe0fd8365791b352a - 2025-10-02 09:50:16]
    	at org.apache.lucene.tests.util.TestRuleThreadAndTestName$1.evaluate(TestRuleThreadAndTestName.java:45) ~[lucene-test-framework-10.3.1.jar:10.3.1 51190f35a16d2ce433139abfe0fd8365791b352a - 2025-10-02 09:50:16]
    	at org.apache.lucene.tests.util.TestRuleIgnoreAfterMaxFailures$1.evaluate(TestRuleIgnoreAfterMaxFailures.java:60) ~[lucene-test-framework-10.3.1.jar:10.3.1 51190f35a16d2ce433139abfe0fd8365791b352a - 2025-10-02 09:50:16]
    	at org.apache.lucene.tests.util.TestRuleMarkFailure$1.evaluate(TestRuleMarkFailure.java:44) ~[lucene-test-framework-10.3.1.jar:10.3.1 51190f35a16d2ce433139abfe0fd8365791b352a - 2025-10-02 09:50:16]
    	at org.junit.rules.RunRules.evaluate(RunRules.java:20) ~[junit-4.13.2.jar:4.13.2]
    	at com.carrotsearch.randomizedtesting.rules.StatementAdapter.evaluate(StatementAdapter.java:36) ~[randomizedtesting-runner-2.7.1.jar:?]
    	at com.carrotsearch.randomizedtesting.ThreadLeakControl$StatementRunner.run(ThreadLeakControl.java:368) ~[randomizedtesting-runner-2.7.1.jar:?]
    	at com.carrotsearch.randomizedtesting.ThreadLeakControl.forkTimeoutingTask(ThreadLeakControl.java:817) ~[randomizedtesting-runner-2.7.1.jar:?]
    	at com.carrotsearch.randomizedtesting.ThreadLeakControl$3.evaluate(ThreadLeakControl.java:468) ~[randomizedtesting-runner-2.7.1.jar:?]
    	at com.carrotsearch.randomizedtesting.RandomizedRunner.runSingleTest(RandomizedRunner.java:947) ~[randomizedtesting-runner-2.7.1.jar:?]
    	at com.carrotsearch.randomizedtesting.RandomizedRunner$5.evaluate(RandomizedRunner.java:832) ~[randomizedtesting-runner-2.7.1.jar:?]
    	at com.carrotsearch.randomizedtesting.RandomizedRunner$6.evaluate(RandomizedRunner.java:883) ~[randomizedtesting-runner-2.7.1.jar:?]
    	at com.carrotsearch.randomizedtesting.RandomizedRunner$7.evaluate(RandomizedRunner.java:894) ~[randomizedtesting-runner-2.7.1.jar:?]
    	at org.apache.lucene.tests.util.AbstractBeforeAfterRule$1.evaluate(AbstractBeforeAfterRule.java:43) ~[lucene-test-framework-10.3.1.jar:10.3.1 51190f35a16d2ce433139abfe0fd8365791b352a - 2025-10-02 09:50:16]
    	at com.carrotsearch.randomizedtesting.rules.StatementAdapter.evaluate(StatementAdapter.java:36) ~[randomizedtesting-runner-2.7.1.jar:?]
    	at org.apache.lucene.tests.util.TestRuleStoreClassName$1.evaluate(TestRuleStoreClassName.java:38) ~[lucene-test-framework-10.3.1.jar:10.3.1 51190f35a16d2ce433139abfe0fd8365791b352a - 2025-10-02 09:50:16]
    	at com.carrotsearch.randomizedtesting.rules.NoShadowingOrOverridesOnMethodsRule$1.evaluate(NoShadowingOrOverridesOnMethodsRule.java:40) ~[randomizedtesting-runner-2.7.1.jar:?]
    	at com.carrotsearch.randomizedtesting.rules.NoShadowingOrOverridesOnMethodsRule$1.evaluate(NoShadowingOrOverridesOnMethodsRule.java:40) ~[randomizedtesting-runner-2.7.1.jar:?]
    	at com.carrotsearch.randomizedtesting.rules.StatementAdapter.evaluate(StatementAdapter.java:36) ~[randomizedtesting-runner-2.7.1.jar:?]
    	at com.carrotsearch.randomizedtesting.rules.StatementAdapter.evaluate(StatementAdapter.java:36) ~[randomizedtesting-runner-2.7.1.jar:?]
    	at org.apache.lucene.tests.util.TestRuleAssertionsRequired$1.evaluate(TestRuleAssertionsRequired.java:53) ~[lucene-test-framework-10.3.1.jar:10.3.1 51190f35a16d2ce433139abfe0fd8365791b352a - 2025-10-02 09:50:16]
    	at org.apache.lucene.tests.util.AbstractBeforeAfterRule$1.evaluate(AbstractBeforeAfterRule.java:43) ~[lucene-test-framework-10.3.1.jar:10.3.1 51190f35a16d2ce433139abfe0fd8365791b352a - 2025-10-02 09:50:16]
    	at org.apache.lucene.tests.util.TestRuleMarkFailure$1.evaluate(TestRuleMarkFailure.java:44) ~[lucene-test-framework-10.3.1.jar:10.3.1 51190f35a16d2ce433139abfe0fd8365791b352a - 2025-10-02 09:50:16]
    	at org.apache.lucene.tests.util.TestRuleIgnoreAfterMaxFailures$1.evaluate(TestRuleIgnoreAfterMaxFailures.java:60) ~[lucene-test-framework-10.3.1.jar:10.3.1 51190f35a16d2ce433139abfe0fd8365791b352a - 2025-10-02 09:50:16]
    	at org.apache.lucene.tests.util.TestRuleIgnoreTestSuites$1.evaluate(TestRuleIgnoreTestSuites.java:47) ~[lucene-test-framework-10.3.1.jar:10.3.1 51190f35a16d2ce433139abfe0fd8365791b352a - 2025-10-02 09:50:16]
    	at org.junit.rules.RunRules.evaluate(RunRules.java:20) ~[junit-4.13.2.jar:4.13.2]
    	at com.carrotsearch.randomizedtesting.rules.StatementAdapter.evaluate(StatementAdapter.java:36) ~[randomizedtesting-runner-2.7.1.jar:?]
    	at com.carrotsearch.randomizedtesting.ThreadLeakControl$StatementRunner.run(ThreadLeakControl.java:368) ~[randomizedtesting-runner-2.7.1.jar:?]
    	at java.base/java.lang.Thread.run(Thread.java:1583) [?:?]
    [2025-11-21T16:35:01,267][INFO ][o.o.s.e.JudgmentResponseProcessorTests] [testHandleSearchFailureWithIgnoreFailureFalse] after test

JudgmentResponseProcessorTests > testProcessSearchResponseNoHits STANDARD_OUT
    [2025-11-21T16:35:01,271][INFO ][o.o.s.e.JudgmentResponseProcessorTests] [testProcessSearchResponseNoHits] before test
    [2025-11-21T16:35:01,273][WARN ][o.o.s.e.JudgmentResponseProcessor] [testProcessSearchResponseNoHits] No hits found for search config index: test-index
    [2025-11-21T16:35:01,273][INFO ][o.o.s.e.JudgmentResponseProcessorTests] [testProcessSearchResponseNoHits] after test

JudgmentResponseProcessorTests > testHandleSearchFailure STANDARD_OUT
    [2025-11-21T16:35:01,277][INFO ][o.o.s.e.JudgmentResponseProcessorTests] [testHandleSearchFailure] before test
    [2025-11-21T16:35:01,277][ERROR][o.o.s.e.JudgmentResponseProcessor] [testHandleSearchFailure] Search failed for index: test-index
    java.lang.RuntimeException: Search failed
    	at org.opensearch.searchrelevance.executors.JudgmentResponseProcessorTests.testHandleSearchFailure(JudgmentResponseProcessorTests.java:116) ~[test/:?]
    	at java.base/jdk.internal.reflect.DirectMethodHandleAccessor.invoke(DirectMethodHandleAccessor.java:103) ~[?:?]
    	at java.base/java.lang.reflect.Method.invoke(Method.java:580) ~[?:?]
    	at com.carrotsearch.randomizedtesting.RandomizedRunner.invoke(RandomizedRunner.java:1750) ~[randomizedtesting-runner-2.7.1.jar:?]
    	at com.carrotsearch.randomizedtesting.RandomizedRunner$8.evaluate(RandomizedRunner.java:938) ~[randomizedtesting-runner-2.7.1.jar:?]
    	at com.carrotsearch.randomizedtesting.RandomizedRunner$9.evaluate(RandomizedRunner.java:974) ~[randomizedtesting-runner-2.7.1.jar:?]
    	at com.carrotsearch.randomizedtesting.RandomizedRunner$10.evaluate(RandomizedRunner.java:988) ~[randomizedtesting-runner-2.7.1.jar:?]
    	at com.carrotsearch.randomizedtesting.rules.StatementAdapter.evaluate(StatementAdapter.java:36) ~[randomizedtesting-runner-2.7.1.jar:?]
    	at org.junit.rules.RunRules.evaluate(RunRules.java:20) ~[junit-4.13.2.jar:4.13.2]
    	at org.apache.lucene.tests.util.TestRuleSetupTeardownChained$1.evaluate(TestRuleSetupTeardownChained.java:48) ~[lucene-test-framework-10.3.1.jar:10.3.1 51190f35a16d2ce433139abfe0fd8365791b352a - 2025-10-02 09:50:16]
    	at org.apache.lucene.tests.util.AbstractBeforeAfterRule$1.evaluate(AbstractBeforeAfterRule.java:43) ~[lucene-test-framework-10.3.1.jar:10.3.1 51190f35a16d2ce433139abfe0fd8365791b352a - 2025-10-02 09:50:16]
    	at org.apache.lucene.tests.util.TestRuleThreadAndTestName$1.evaluate(TestRuleThreadAndTestName.java:45) ~[lucene-test-framework-10.3.1.jar:10.3.1 51190f35a16d2ce433139abfe0fd8365791b352a - 2025-10-02 09:50:16]
    	at org.apache.lucene.tests.util.TestRuleIgnoreAfterMaxFailures$1.evaluate(TestRuleIgnoreAfterMaxFailures.java:60) ~[lucene-test-framework-10.3.1.jar:10.3.1 51190f35a16d2ce433139abfe0fd8365791b352a - 2025-10-02 09:50:16]
    	at org.apache.lucene.tests.util.TestRuleMarkFailure$1.evaluate(TestRuleMarkFailure.java:44) ~[lucene-test-framework-10.3.1.jar:10.3.1 51190f35a16d2ce433139abfe0fd8365791b352a - 2025-10-02 09:50:16]
    	at org.junit.rules.RunRules.evaluate(RunRules.java:20) ~[junit-4.13.2.jar:4.13.2]
    	at com.carrotsearch.randomizedtesting.rules.StatementAdapter.evaluate(StatementAdapter.java:36) ~[randomizedtesting-runner-2.7.1.jar:?]
    	at com.carrotsearch.randomizedtesting.ThreadLeakControl$StatementRunner.run(ThreadLeakControl.java:368) ~[randomizedtesting-runner-2.7.1.jar:?]
    	at com.carrotsearch.randomizedtesting.ThreadLeakControl.forkTimeoutingTask(ThreadLeakControl.java:817) ~[randomizedtesting-runner-2.7.1.jar:?]
    	at com.carrotsearch.randomizedtesting.ThreadLeakControl$3.evaluate(ThreadLeakControl.java:468) ~[randomizedtesting-runner-2.7.1.jar:?]
    	at com.carrotsearch.randomizedtesting.RandomizedRunner.runSingleTest(RandomizedRunner.java:947) ~[randomizedtesting-runner-2.7.1.jar:?]
    	at com.carrotsearch.randomizedtesting.RandomizedRunner$5.evaluate(RandomizedRunner.java:832) ~[randomizedtesting-runner-2.7.1.jar:?]
    	at com.carrotsearch.randomizedtesting.RandomizedRunner$6.evaluate(RandomizedRunner.java:883) ~[randomizedtesting-runner-2.7.1.jar:?]
    	at com.carrotsearch.randomizedtesting.RandomizedRunner$7.evaluate(RandomizedRunner.java:894) ~[randomizedtesting-runner-2.7.1.jar:?]
    	at org.apache.lucene.tests.util.AbstractBeforeAfterRule$1.evaluate(AbstractBeforeAfterRule.java:43) ~[lucene-test-framework-10.3.1.jar:10.3.1 51190f35a16d2ce433139abfe0fd8365791b352a - 2025-10-02 09:50:16]
    	at com.carrotsearch.randomizedtesting.rules.StatementAdapter.evaluate(StatementAdapter.java:36) ~[randomizedtesting-runner-2.7.1.jar:?]
    	at org.apache.lucene.tests.util.TestRuleStoreClassName$1.evaluate(TestRuleStoreClassName.java:38) ~[lucene-test-framework-10.3.1.jar:10.3.1 51190f35a16d2ce433139abfe0fd8365791b352a - 2025-10-02 09:50:16]
    	at com.carrotsearch.randomizedtesting.rules.NoShadowingOrOverridesOnMethodsRule$1.evaluate(NoShadowingOrOverridesOnMethodsRule.java:40) ~[randomizedtesting-runner-2.7.1.jar:?]
    	at com.carrotsearch.randomizedtesting.rules.NoShadowingOrOverridesOnMethodsRule$1.evaluate(NoShadowingOrOverridesOnMethodsRule.java:40) ~[randomizedtesting-runner-2.7.1.jar:?]
    	at com.carrotsearch.randomizedtesting.rules.StatementAdapter.evaluate(StatementAdapter.java:36) ~[randomizedtesting-runner-2.7.1.jar:?]
    	at com.carrotsearch.randomizedtesting.rules.StatementAdapter.evaluate(StatementAdapter.java:36) ~[randomizedtesting-runner-2.7.1.jar:?]
    	at org.apache.lucene.tests.util.TestRuleAssertionsRequired$1.evaluate(TestRuleAssertionsRequired.java:53) ~[lucene-test-framework-10.3.1.jar:10.3.1 51190f35a16d2ce433139abfe0fd8365791b352a - 2025-10-02 09:50:16]
    	at org.apache.lucene.tests.util.AbstractBeforeAfterRule$1.evaluate(AbstractBeforeAfterRule.java:43) ~[lucene-test-framework-10.3.1.jar:10.3.1 51190f35a16d2ce433139abfe0fd8365791b352a - 2025-10-02 09:50:16]
    	at org.apache.lucene.tests.util.TestRuleMarkFailure$1.evaluate(TestRuleMarkFailure.java:44) ~[lucene-test-framework-10.3.1.jar:10.3.1 51190f35a16d2ce433139abfe0fd8365791b352a - 2025-10-02 09:50:16]
    	at org.apache.lucene.tests.util.TestRuleIgnoreAfterMaxFailures$1.evaluate(TestRuleIgnoreAfterMaxFailures.java:60) ~[lucene-test-framework-10.3.1.jar:10.3.1 51190f35a16d2ce433139abfe0fd8365791b352a - 2025-10-02 09:50:16]
    	at org.apache.lucene.tests.util.TestRuleIgnoreTestSuites$1.evaluate(TestRuleIgnoreTestSuites.java:47) ~[lucene-test-framework-10.3.1.jar:10.3.1 51190f35a16d2ce433139abfe0fd8365791b352a - 2025-10-02 09:50:16]
    	at org.junit.rules.RunRules.evaluate(RunRules.java:20) ~[junit-4.13.2.jar:4.13.2]
    	at com.carrotsearch.randomizedtesting.rules.StatementAdapter.evaluate(StatementAdapter.java:36) ~[randomizedtesting-runner-2.7.1.jar:?]
    	at com.carrotsearch.randomizedtesting.ThreadLeakControl$StatementRunner.run(ThreadLeakControl.java:368) ~[randomizedtesting-runner-2.7.1.jar:?]
    	at java.base/java.lang.Thread.run(Thread.java:1583) [?:?]
    [2025-11-21T16:35:01,293][INFO ][o.o.s.e.JudgmentResponseProcessorTests] [testHandleSearchFailure] after test

JudgmentResponseProcessorTests > testProcessCacheResponseFound STANDARD_OUT
    [2025-11-21T16:35:01,296][INFO ][o.o.s.e.JudgmentResponseProcessorTests] [testProcessCacheResponseFound] before test

HybridOptimizerExperimentProcessorTests > testRunExperimentAfterDeletedJudgment_TransitionsToError STANDARD_OUT
    [2025-11-22T02:35:01,331][INFO ][o.o.s.e.HybridOptimizerExperimentProcessor] [testRunExperimentAfterDeletedJudgment_TransitionsToError] Starting hybrid optimizer experiment exp1 with 66 parameter combinations for query: hello world

DeleteExperimentActionTests > testRequestValidation STANDARD_OUT
    [2025-11-21T18:35:01,336][INFO ][o.o.s.a.e.DeleteExperimentActionTests] [testRequestValidation] after test

HybridOptimizerExperimentProcessorTests > testRunExperimentAfterDeletedJudgment_TransitionsToError STANDARD_OUT
    [2025-11-22T02:35:01,345][INFO ][o.o.s.e.HybridOptimizerExperimentProcessor] [testRunExperimentAfterDeletedJudgment_TransitionsToError] Experiment exp1: Created 66 experiment variants, proceeding to judgment processing
    [2025-11-22T02:35:01,345][INFO ][o.o.s.e.HybridOptimizerExperimentProcessor] [testRunExperimentAfterDeletedJudgment_TransitionsToError] Processing 1 judgments for query: hello world
    [2025-11-22T02:35:01,354][INFO ][o.o.s.e.HybridOptimizerExperimentProcessorTests] [testRunExperimentAfterDeletedJudgment_TransitionsToError] after test

JudgmentResponseProcessorTests > testProcessCacheResponseFound STANDARD_OUT
    [2025-11-21T16:35:01,359][INFO ][o.o.s.e.JudgmentResponseProcessor] [testProcessCacheResponseFound] Found existing judgment for docId: doc1, rating: 0.8, storedContextFields: field1,field2

HybridOptimizerExperimentProcessorTests > testConcurrentDeletedJudgments_SingleFailureNotification STANDARD_OUT
    [2025-11-22T02:35:01,359][INFO ][o.o.s.e.HybridOptimizerExperimentProcessorTests] [testConcurrentDeletedJudgments_SingleFailureNotification] before test

JudgmentResponseProcessorTests > testProcessCacheResponseFound STANDARD_OUT
    [2025-11-21T16:35:01,360][INFO ][o.o.s.e.JudgmentResponseProcessorTests] [testProcessCacheResponseFound] after test

JudgmentResponseProcessorTests > testProcessSearchResponseSuccess STANDARD_OUT
    [2025-11-21T16:35:01,363][INFO ][o.o.s.e.JudgmentResponseProcessorTests] [testProcessSearchResponseSuccess] before test

HybridOptimizerExperimentProcessorTests > testConcurrentDeletedJudgments_SingleFailureNotification STANDARD_OUT
    [2025-11-22T02:35:01,364][INFO ][o.o.s.e.HybridOptimizerExperimentProcessor] [testConcurrentDeletedJudgments_SingleFailureNotification] Starting hybrid optimizer experiment exp2 with 66 parameter combinations for query: query

JudgmentResponseProcessorTests > testProcessSearchResponseSuccess STANDARD_OUT
    [2025-11-21T16:35:01,365][INFO ][o.o.s.e.JudgmentResponseProcessorTests] [testProcessSearchResponseSuccess] after test

JudgmentResponseProcessorTests > testHandleCacheFailure STANDARD_OUT
    [2025-11-21T16:35:01,368][INFO ][o.o.s.e.JudgmentResponseProcessorTests] [testHandleCacheFailure] before test

HybridOptimizerExperimentProcessorTests > testConcurrentDeletedJudgments_SingleFailureNotification STANDARD_OUT
    [2025-11-22T02:35:01,368][INFO ][o.o.s.e.HybridOptimizerExperimentProcessor] [testConcurrentDeletedJudgments_SingleFailureNotification] Experiment exp2: Created 66 experiment variants, proceeding to judgment processing
    [2025-11-22T02:35:01,368][INFO ][o.o.s.e.HybridOptimizerExperimentProcessor] [testConcurrentDeletedJudgments_SingleFailureNotification] Processing 3 judgments for query: query
    [2025-11-22T02:35:01,369][INFO ][o.o.s.e.HybridOptimizerExperimentProcessorTests] [testConcurrentDeletedJudgments_SingleFailureNotification] after test

HybridOptimizerExperimentProcessorTests > testCancelWhenProcessingSearchConfigs STANDARD_OUT
    [2025-11-22T02:35:01,371][INFO ][o.o.s.e.HybridOptimizerExperimentProcessorTests] [testCancelWhenProcessingSearchConfigs] before test

JudgmentResponseProcessorTests > testHandleCacheFailure STANDARD_OUT
    [2025-11-21T16:35:01,368][ERROR][o.o.s.e.JudgmentResponseProcessor] [testHandleCacheFailure] Cache lookup failed for docId: doc1
    java.lang.RuntimeException: Cache failed
    	at org.opensearch.searchrelevance.executors.JudgmentResponseProcessorTests.testHandleCacheFailure(JudgmentResponseProcessorTests.java:142) ~[test/:?]
    	at java.base/jdk.internal.reflect.DirectMethodHandleAccessor.invoke(DirectMethodHandleAccessor.java:103) ~[?:?]
    	at java.base/java.lang.reflect.Method.invoke(Method.java:580) ~[?:?]
    	at com.carrotsearch.randomizedtesting.RandomizedRunner.invoke(RandomizedRunner.java:1750) ~[randomizedtesting-runner-2.7.1.jar:?]
    	at com.carrotsearch.randomizedtesting.RandomizedRunner$8.evaluate(RandomizedRunner.java:938) ~[randomizedtesting-runner-2.7.1.jar:?]
    	at com.carrotsearch.randomizedtesting.RandomizedRunner$9.evaluate(RandomizedRunner.java:974) ~[randomizedtesting-runner-2.7.1.jar:?]
    	at com.carrotsearch.randomizedtesting.RandomizedRunner$10.evaluate(RandomizedRunner.java:988) ~[randomizedtesting-runner-2.7.1.jar:?]
    	at com.carrotsearch.randomizedtesting.rules.StatementAdapter.evaluate(StatementAdapter.java:36) ~[randomizedtesting-runner-2.7.1.jar:?]
    	at org.junit.rules.RunRules.evaluate(RunRules.java:20) ~[junit-4.13.2.jar:4.13.2]
    	at org.apache.lucene.tests.util.TestRuleSetupTeardownChained$1.evaluate(TestRuleSetupTeardownChained.java:48) ~[lucene-test-framework-10.3.1.jar:10.3.1 51190f35a16d2ce433139abfe0fd8365791b352a - 2025-10-02 09:50:16]
    	at org.apache.lucene.tests.util.AbstractBeforeAfterRule$1.evaluate(AbstractBeforeAfterRule.java:43) ~[lucene-test-framework-10.3.1.jar:10.3.1 51190f35a16d2ce433139abfe0fd8365791b352a - 2025-10-02 09:50:16]
    	at org.apache.lucene.tests.util.TestRuleThreadAndTestName$1.evaluate(TestRuleThreadAndTestName.java:45) ~[lucene-test-framework-10.3.1.jar:10.3.1 51190f35a16d2ce433139abfe0fd8365791b352a - 2025-10-02 09:50:16]
    	at org.apache.lucene.tests.util.TestRuleIgnoreAfterMaxFailures$1.evaluate(TestRuleIgnoreAfterMaxFailures.java:60) ~[lucene-test-framework-10.3.1.jar:10.3.1 51190f35a16d2ce433139abfe0fd8365791b352a - 2025-10-02 09:50:16]
    	at org.apache.lucene.tests.util.TestRuleMarkFailure$1.evaluate(TestRuleMarkFailure.java:44) ~[lucene-test-framework-10.3.1.jar:10.3.1 51190f35a16d2ce433139abfe0fd8365791b352a - 2025-10-02 09:50:16]
    	at org.junit.rules.RunRules.evaluate(RunRules.java:20) ~[junit-4.13.2.jar:4.13.2]
    	at com.carrotsearch.randomizedtesting.rules.StatementAdapter.evaluate(StatementAdapter.java:36) ~[randomizedtesting-runner-2.7.1.jar:?]
    	at com.carrotsearch.randomizedtesting.ThreadLeakControl$StatementRunner.run(ThreadLeakControl.java:368) ~[randomizedtesting-runner-2.7.1.jar:?]
    	at com.carrotsearch.randomizedtesting.ThreadLeakControl.forkTimeoutingTask(ThreadLeakControl.java:817) ~[randomizedtesting-runner-2.7.1.jar:?]
    	at com.carrotsearch.randomizedtesting.ThreadLeakControl$3.evaluate(ThreadLeakControl.java:468) ~[randomizedtesting-runner-2.7.1.jar:?]
    	at com.carrotsearch.randomizedtesting.RandomizedRunner.runSingleTest(RandomizedRunner.java:947) ~[randomizedtesting-runner-2.7.1.jar:?]
    	at com.carrotsearch.randomizedtesting.RandomizedRunner$5.evaluate(RandomizedRunner.java:832) ~[randomizedtesting-runner-2.7.1.jar:?]
    	at com.carrotsearch.randomizedtesting.RandomizedRunner$6.evaluate(RandomizedRunner.java:883) ~[randomizedtesting-runner-2.7.1.jar:?]
    	at com.carrotsearch.randomizedtesting.RandomizedRunner$7.evaluate(RandomizedRunner.java:894) ~[randomizedtesting-runner-2.7.1.jar:?]
    	at org.apache.lucene.tests.util.AbstractBeforeAfterRule$1.evaluate(AbstractBeforeAfterRule.java:43) ~[lucene-test-framework-10.3.1.jar:10.3.1 51190f35a16d2ce433139abfe0fd8365791b352a - 2025-10-02 09:50:16]
    	at com.carrotsearch.randomizedtesting.rules.StatementAdapter.evaluate(StatementAdapter.java:36) ~[randomizedtesting-runner-2.7.1.jar:?]
    	at org.apache.lucene.tests.util.TestRuleStoreClassName$1.evaluate(TestRuleStoreClassName.java:38) ~[lucene-test-framework-10.3.1.jar:10.3.1 51190f35a16d2ce433139abfe0fd8365791b352a - 2025-10-02 09:50:16]
    	at com.carrotsearch.randomizedtesting.rules.NoShadowingOrOverridesOnMethodsRule$1.evaluate(NoShadowingOrOverridesOnMethodsRule.java:40) ~[randomizedtesting-runner-2.7.1.jar:?]
    	at com.carrotsearch.randomizedtesting.rules.NoShadowingOrOverridesOnMethodsRule$1.evaluate(NoShadowingOrOverridesOnMethodsRule.java:40) ~[randomizedtesting-runner-2.7.1.jar:?]
    	at com.carrotsearch.randomizedtesting.rules.StatementAdapter.evaluate(StatementAdapter.java:36) ~[randomizedtesting-runner-2.7.1.jar:?]
    	at com.carrotsearch.randomizedtesting.rules.StatementAdapter.evaluate(StatementAdapter.java:36) ~[randomizedtesting-runner-2.7.1.jar:?]
    	at org.apache.lucene.tests.util.TestRuleAssertionsRequired$1.evaluate(TestRuleAssertionsRequired.java:53) ~[lucene-test-framework-10.3.1.jar:10.3.1 51190f35a16d2ce433139abfe0fd8365791b352a - 2025-10-02 09:50:16]
    	at org.apache.lucene.tests.util.AbstractBeforeAfterRule$1.evaluate(AbstractBeforeAfterRule.java:43) ~[lucene-test-framework-10.3.1.jar:10.3.1 51190f35a16d2ce433139abfe0fd8365791b352a - 2025-10-02 09:50:16]
    	at org.apache.lucene.tests.util.TestRuleMarkFailure$1.evaluate(TestRuleMarkFailure.java:44) ~[lucene-test-framework-10.3.1.jar:10.3.1 51190f35a16d2ce433139abfe0fd8365791b352a - 2025-10-02 09:50:16]
    	at org.apache.lucene.tests.util.TestRuleIgnoreAfterMaxFailures$1.evaluate(TestRuleIgnoreAfterMaxFailures.java:60) ~[lucene-test-framework-10.3.1.jar:10.3.1 51190f35a16d2ce433139abfe0fd8365791b352a - 2025-10-02 09:50:16]
    	at org.apache.lucene.tests.util.TestRuleIgnoreTestSuites$1.evaluate(TestRuleIgnoreTestSuites.java:47) ~[lucene-test-framework-10.3.1.jar:10.3.1 51190f35a16d2ce433139abfe0fd8365791b352a - 2025-10-02 09:50:16]
    	at org.junit.rules.RunRules.evaluate(RunRules.java:20) ~[junit-4.13.2.jar:4.13.2]
    	at com.carrotsearch.randomizedtesting.rules.StatementAdapter.evaluate(StatementAdapter.java:36) ~[randomizedtesting-runner-2.7.1.jar:?]
    	at com.carrotsearch.randomizedtesting.ThreadLeakControl$StatementRunner.run(ThreadLeakControl.java:368) ~[randomizedtesting-runner-2.7.1.jar:?]
    	at java.base/java.lang.Thread.run(Thread.java:1583) [?:?]
    [2025-11-21T16:35:01,372][INFO ][o.o.s.e.JudgmentResponseProcessorTests] [testHandleCacheFailure] after test

HybridOptimizerExperimentProcessorTests > testCancelWhenProcessingSearchConfigs STANDARD_OUT
    [2025-11-22T02:35:01,374][INFO ][o.o.s.e.HybridOptimizerExperimentProcessor] [testCancelWhenProcessingSearchConfigs] When processing search configurations in HybridOptimizerExperimentProcessor, a timeout cancellation occured
    [2025-11-22T02:35:01,375][INFO ][o.o.s.e.HybridOptimizerExperimentProcessorTests] [testCancelWhenProcessingSearchConfigs] after test

DeleteExperimentActionTests > testRequestValidation STANDARD_ERROR
    SLF4J(W): No SLF4J providers were found.
    SLF4J(W): Defaulting to no-operation (NOP) logger implementation
    SLF4J(W): See https://www.slf4j.org/codes.html#noProviders for further details.

DeleteExperimentActionTests > testStreams STANDARD_OUT
    [2025-11-21T18:35:01,401][INFO ][o.o.s.a.e.DeleteExperimentActionTests] [testStreams] before test

PointwiseExperimentProcessorTests > testProcessPointwiseExperiment_Success STANDARD_OUT
    [2025-11-21T10:35:01,409][INFO ][o.o.s.e.PointwiseExperimentProcessorTests] [testProcessPointwiseExperiment_Success] before test

JudgmentTaskContextTests > testGetStatusPartialSuccess STANDARD_OUT
    [2025-11-21T13:35:01,414][INFO ][o.o.s.e.JudgmentTaskContext] [testGetStatusPartialSuccess] JudgmentTaskContext initialized for query: test query#reference answer with 2 search configurations
    [2025-11-21T13:35:01,414][WARN ][o.o.s.e.JudgmentTaskContext] [testGetStatusPartialSuccess] Search task failed for query: test query#reference answer (ignoreFailure=false)
    [2025-11-21T13:35:01,416][INFO ][o.o.s.e.JudgmentTaskContextTests] [testGetStatusPartialSuccess] after test

JudgmentTaskContextTests > testCompleteSearchTaskFailure STANDARD_OUT
    [2025-11-21T13:35:01,419][INFO ][o.o.s.e.JudgmentTaskContextTests] [testCompleteSearchTaskFailure] before test
    [2025-11-21T13:35:01,420][INFO ][o.o.s.e.JudgmentTaskContext] [testCompleteSearchTaskFailure] JudgmentTaskContext initialized for query: test query#reference answer with 2 search configurations
    [2025-11-21T13:35:01,421][WARN ][o.o.s.e.JudgmentTaskContext] [testCompleteSearchTaskFailure] Search task failed for query: test query#reference answer (ignoreFailure=false)
    [2025-11-21T13:35:01,421][INFO ][o.o.s.e.JudgmentTaskContextTests] [testCompleteSearchTaskFailure] after test

JudgmentTaskContextTests > testCompleteCacheTaskSuccess STANDARD_OUT
    [2025-11-21T13:35:01,423][INFO ][o.o.s.e.JudgmentTaskContextTests] [testCompleteCacheTaskSuccess] before test
    [2025-11-21T13:35:01,424][INFO ][o.o.s.e.JudgmentTaskContext] [testCompleteCacheTaskSuccess] JudgmentTaskContext initialized for query: test query#reference answer with 1 search configurations
    [2025-11-21T13:35:01,424][INFO ][o.o.s.e.JudgmentTaskContextTests] [testCompleteCacheTaskSuccess] after test

JudgmentTaskContextTests > testGetStatusAllFailed STANDARD_OUT
    [2025-11-21T13:35:01,427][INFO ][o.o.s.e.JudgmentTaskContextTests] [testGetStatusAllFailed] before test
    [2025-11-21T13:35:01,427][INFO ][o.o.s.e.JudgmentTaskContext] [testGetStatusAllFailed] JudgmentTaskContext initialized for query: test query#reference answer with 2 search configurations
    [2025-11-21T13:35:01,427][WARN ][o.o.s.e.JudgmentTaskContext] [testGetStatusAllFailed] Search task failed for query: test query#reference answer (ignoreFailure=false)
    [2025-11-21T13:35:01,427][WARN ][o.o.s.e.JudgmentTaskContext] [testGetStatusAllFailed] Search task failed for query: test query#reference answer (ignoreFailure=false)
    [2025-11-21T13:35:01,428][WARN ][o.o.s.e.JudgmentTaskContext] [testGetStatusAllFailed] Cache task failed for query: test query#reference answer (ignoreFailure=false)
    [2025-11-21T13:35:01,428][WARN ][o.o.s.e.JudgmentTaskContext] [testGetStatusAllFailed] Cache task failed for query: test query#reference answer (ignoreFailure=false)
    [2025-11-21T13:35:01,428][INFO ][o.o.s.e.JudgmentTaskContextTests] [testGetStatusAllFailed] after test

JudgmentTaskContextTests > testCompleteCacheTaskFailure STANDARD_OUT
    [2025-11-21T13:35:01,429][INFO ][o.o.s.e.JudgmentTaskContextTests] [testCompleteCacheTaskFailure] before test
    [2025-11-21T13:35:01,430][INFO ][o.o.s.e.JudgmentTaskContext] [testCompleteCacheTaskFailure] JudgmentTaskContext initialized for query: test query#reference answer with 1 search configurations
    [2025-11-21T13:35:01,430][WARN ][o.o.s.e.JudgmentTaskContext] [testCompleteCacheTaskFailure] Cache task failed for query: test query#reference answer (ignoreFailure=false)
    [2025-11-21T13:35:01,430][INFO ][o.o.s.e.JudgmentTaskContextTests] [testCompleteCacheTaskFailure] after test

JudgmentTaskContextTests > testCompleteJudgmentSuccess STANDARD_OUT
    [2025-11-21T13:35:01,432][INFO ][o.o.s.e.JudgmentTaskContextTests] [testCompleteJudgmentSuccess] before test
    [2025-11-21T13:35:01,439][INFO ][o.o.s.e.JudgmentTaskContext] [testCompleteJudgmentSuccess] JudgmentTaskContext initialized for query: test query with 1 search configurations
    [2025-11-21T13:35:01,439][INFO ][o.o.s.e.JudgmentTaskContext] [testCompleteJudgmentSuccess] Judgment completed for query: test query with 2 ratings (success: 0, failed: 0, status: SUCCESS)
    [2025-11-21T13:35:01,439][INFO ][o.o.s.e.JudgmentTaskContextTests] [testCompleteJudgmentSuccess] after test

JudgmentTaskContextTests > testFailJudgment STANDARD_OUT
    [2025-11-21T13:35:01,441][INFO ][o.o.s.e.JudgmentTaskContextTests] [testFailJudgment] before test
    [2025-11-21T13:35:01,444][INFO ][o.o.s.e.JudgmentTaskContext] [testFailJudgment] JudgmentTaskContext initialized for query: test query with 1 search configurations
    [2025-11-21T13:35:01,444][ERROR][o.o.s.e.JudgmentTaskContext] [testFailJudgment] Judgment failed for query: test query (ignoreFailure=false)
    java.lang.RuntimeException: Test failure
    	at org.opensearch.searchrelevance.executors.JudgmentTaskContextTests.testFailJudgment(JudgmentTaskContextTests.java:202) ~[test/:?]
    	at java.base/jdk.internal.reflect.DirectMethodHandleAccessor.invoke(DirectMethodHandleAccessor.java:103) ~[?:?]
    	at java.base/java.lang.reflect.Method.invoke(Method.java:580) ~[?:?]
    	at com.carrotsearch.randomizedtesting.RandomizedRunner.invoke(RandomizedRunner.java:1750) ~[randomizedtesting-runner-2.7.1.jar:?]
    	at com.carrotsearch.randomizedtesting.RandomizedRunner$8.evaluate(RandomizedRunner.java:938) ~[randomizedtesting-runner-2.7.1.jar:?]
    	at com.carrotsearch.randomizedtesting.RandomizedRunner$9.evaluate(RandomizedRunner.java:974) ~[randomizedtesting-runner-2.7.1.jar:?]
    	at com.carrotsearch.randomizedtesting.RandomizedRunner$10.evaluate(RandomizedRunner.java:988) ~[randomizedtesting-runner-2.7.1.jar:?]
    	at com.carrotsearch.randomizedtesting.rules.StatementAdapter.evaluate(StatementAdapter.java:36) ~[randomizedtesting-runner-2.7.1.jar:?]
    	at org.junit.rules.RunRules.evaluate(RunRules.java:20) ~[junit-4.13.2.jar:4.13.2]
    	at org.apache.lucene.tests.util.TestRuleSetupTeardownChained$1.evaluate(TestRuleSetupTeardownChained.java:48) ~[lucene-test-framework-10.3.1.jar:10.3.1 51190f35a16d2ce433139abfe0fd8365791b352a - 2025-10-02 09:50:16]
    	at org.apache.lucene.tests.util.AbstractBeforeAfterRule$1.evaluate(AbstractBeforeAfterRule.java:43) ~[lucene-test-framework-10.3.1.jar:10.3.1 51190f35a16d2ce433139abfe0fd8365791b352a - 2025-10-02 09:50:16]
    	at org.apache.lucene.tests.util.TestRuleThreadAndTestName$1.evaluate(TestRuleThreadAndTestName.java:45) ~[lucene-test-framework-10.3.1.jar:10.3.1 51190f35a16d2ce433139abfe0fd8365791b352a - 2025-10-02 09:50:16]
    	at org.apache.lucene.tests.util.TestRuleIgnoreAfterMaxFailures$1.evaluate(TestRuleIgnoreAfterMaxFailures.java:60) ~[lucene-test-framework-10.3.1.jar:10.3.1 51190f35a16d2ce433139abfe0fd8365791b352a - 2025-10-02 09:50:16]
    	at org.apache.lucene.tests.util.TestRuleMarkFailure$1.evaluate(TestRuleMarkFailure.java:44) ~[lucene-test-framework-10.3.1.jar:10.3.1 51190f35a16d2ce433139abfe0fd8365791b352a - 2025-10-02 09:50:16]
    	at org.junit.rules.RunRules.evaluate(RunRules.java:20) ~[junit-4.13.2.jar:4.13.2]
    	at com.carrotsearch.randomizedtesting.rules.StatementAdapter.evaluate(StatementAdapter.java:36) ~[randomizedtesting-runner-2.7.1.jar:?]
    	at com.carrotsearch.randomizedtesting.ThreadLeakControl$StatementRunner.run(ThreadLeakControl.java:368) ~[randomizedtesting-runner-2.7.1.jar:?]
    	at com.carrotsearch.randomizedtesting.ThreadLeakControl.forkTimeoutingTask(ThreadLeakControl.java:817) ~[randomizedtesting-runner-2.7.1.jar:?]
    	at com.carrotsearch.randomizedtesting.ThreadLeakControl$3.evaluate(ThreadLeakControl.java:468) ~[randomizedtesting-runner-2.7.1.jar:?]
    	at com.carrotsearch.randomizedtesting.RandomizedRunner.runSingleTest(RandomizedRunner.java:947) ~[randomizedtesting-runner-2.7.1.jar:?]
    	at com.carrotsearch.randomizedtesting.RandomizedRunner$5.evaluate(RandomizedRunner.java:832) ~[randomizedtesting-runner-2.7.1.jar:?]
    	at com.carrotsearch.randomizedtesting.RandomizedRunner$6.evaluate(RandomizedRunner.java:883) ~[randomizedtesting-runner-2.7.1.jar:?]
    	at com.carrotsearch.randomizedtesting.RandomizedRunner$7.evaluate(RandomizedRunner.java:894) ~[randomizedtesting-runner-2.7.1.jar:?]
    	at org.apache.lucene.tests.util.AbstractBeforeAfterRule$1.evaluate(AbstractBeforeAfterRule.java:43) ~[lucene-test-framework-10.3.1.jar:10.3.1 51190f35a16d2ce433139abfe0fd8365791b352a - 2025-10-02 09:50:16]
    	at com.carrotsearch.randomizedtesting.rules.StatementAdapter.evaluate(StatementAdapter.java:36) ~[randomizedtesting-runner-2.7.1.jar:?]
    	at org.apache.lucene.tests.util.TestRuleStoreClassName$1.evaluate(TestRuleStoreClassName.java:38) ~[lucene-test-framework-10.3.1.jar:10.3.1 51190f35a16d2ce433139abfe0fd8365791b352a - 2025-10-02 09:50:16]
    	at com.carrotsearch.randomizedtesting.rules.NoShadowingOrOverridesOnMethodsRule$1.evaluate(NoShadowingOrOverridesOnMethodsRule.java:40) ~[randomizedtesting-runner-2.7.1.jar:?]
    	at com.carrotsearch.randomizedtesting.rules.NoShadowingOrOverridesOnMethodsRule$1.evaluate(NoShadowingOrOverridesOnMethodsRule.java:40) ~[randomizedtesting-runner-2.7.1.jar:?]
    	at com.carrotsearch.randomizedtesting.rules.StatementAdapter.evaluate(StatementAdapter.java:36) ~[randomizedtesting-runner-2.7.1.jar:?]
    	at com.carrotsearch.randomizedtesting.rules.StatementAdapter.evaluate(StatementAdapter.java:36) ~[randomizedtesting-runner-2.7.1.jar:?]
    	at org.apache.lucene.tests.util.TestRuleAssertionsRequired$1.evaluate(TestRuleAssertionsRequired.java:53) ~[lucene-test-framework-10.3.1.jar:10.3.1 51190f35a16d2ce433139abfe0fd8365791b352a - 2025-10-02 09:50:16]
    	at org.apache.lucene.tests.util.AbstractBeforeAfterRule$1.evaluate(AbstractBeforeAfterRule.java:43) ~[lucene-test-framework-10.3.1.jar:10.3.1 51190f35a16d2ce433139abfe0fd8365791b352a - 2025-10-02 09:50:16]
    	at org.apache.lucene.tests.util.TestRuleMarkFailure$1.evaluate(TestRuleMarkFailure.java:44) ~[lucene-test-framework-10.3.1.jar:10.3.1 51190f35a16d2ce433139abfe0fd8365791b352a - 2025-10-02 09:50:16]
    	at org.apache.lucene.tests.util.TestRuleIgnoreAfterMaxFailures$1.evaluate(TestRuleIgnoreAfterMaxFailures.java:60) ~[lucene-test-framework-10.3.1.jar:10.3.1 51190f35a16d2ce433139abfe0fd8365791b352a - 2025-10-02 09:50:16]
    	at org.apache.lucene.tests.util.TestRuleIgnoreTestSuites$1.evaluate(TestRuleIgnoreTestSuites.java:47) ~[lucene-test-framework-10.3.1.jar:10.3.1 51190f35a16d2ce433139abfe0fd8365791b352a - 2025-10-02 09:50:16]
    	at org.junit.rules.RunRules.evaluate(RunRules.java:20) ~[junit-4.13.2.jar:4.13.2]
    	at com.carrotsearch.randomizedtesting.rules.StatementAdapter.evaluate(StatementAdapter.java:36) ~[randomizedtesting-runner-2.7.1.jar:?]
    	at com.carrotsearch.randomizedtesting.ThreadLeakControl$StatementRunner.run(ThreadLeakControl.java:368) ~[randomizedtesting-runner-2.7.1.jar:?]
    	at java.base/java.lang.Thread.run(Thread.java:1583) [?:?]
    [2025-11-21T13:35:01,449][INFO ][o.o.s.e.JudgmentTaskContextTests] [testFailJudgment] after test

JudgmentTaskContextTests > testCompleteSearchTaskSuccess STANDARD_OUT
    [2025-11-21T13:35:01,453][INFO ][o.o.s.e.JudgmentTaskContextTests] [testCompleteSearchTaskSuccess] before test
    [2025-11-21T13:35:01,455][INFO ][o.o.s.e.JudgmentTaskContext] [testCompleteSearchTaskSuccess] JudgmentTaskContext initialized for query: test query#reference answer with 2 search configurations
    [2025-11-21T13:35:01,455][INFO ][o.o.s.e.JudgmentTaskContextTests] [testCompleteSearchTaskSuccess] after test

PointwiseExperimentProcessorTests > testProcessPointwiseExperiment_Success STANDARD_OUT
    [2025-11-21T10:35:01,472][INFO ][o.o.s.e.PointwiseExperimentProcessor] [testProcessPointwiseExperiment_Success] Starting pointwise experiment test-experiment-id with 1 search configurations for query: test query
    [2025-11-21T10:35:01,481][INFO ][o.o.s.e.PointwiseExperimentProcessor] [testProcessPointwiseExperiment_Success] Loaded 0 document ratings for experiment test-experiment-id

DeleteExperimentActionTests > testStreams STANDARD_OUT
    [2025-11-21T18:35:01,486][INFO ][o.o.s.a.e.DeleteExperimentActionTests] [testStreams] after test

PointwiseExperimentProcessorTests > testProcessPointwiseExperiment_Success STANDARD_OUT
    [2025-11-21T10:35:01,487][INFO ][o.o.s.e.PointwiseExperimentProcessor] [testProcessPointwiseExperiment_Success] Completed pointwise experiment test-experiment-id with 1 results

JudgmentTaskContextTests > testIsAllTasksCompleted STANDARD_OUT
    [2025-11-21T13:35:01,489][INFO ][o.o.s.e.JudgmentTaskContextTests] [testIsAllTasksCompleted] before test

PointwiseExperimentProcessorTests > testProcessPointwiseExperiment_Success STANDARD_OUT
    [2025-11-21T10:35:01,488][INFO ][o.o.s.e.PointwiseExperimentProcessorTests] [testProcessPointwiseExperiment_Success] after test

PointwiseExperimentProcessorTests > testProcessPointwiseExperiment_JudgmentFailure STANDARD_OUT
    [2025-11-21T10:35:01,492][INFO ][o.o.s.e.PointwiseExperimentProcessorTests] [testProcessPointwiseExperiment_JudgmentFailure] before test
    [2025-11-21T10:35:01,497][INFO ][o.o.s.e.PointwiseExperimentProcessor] [testProcessPointwiseExperiment_JudgmentFailure] Starting pointwise experiment test-experiment-id with 1 search configurations for query: test query
    [2025-11-21T10:35:01,497][INFO ][o.o.s.e.PointwiseExperimentProcessorTests] [testProcessPointwiseExperiment_JudgmentFailure] after test

PointwiseExperimentProcessorTests > testCreatePointwiseVariants STANDARD_OUT
    [2025-11-21T10:35:01,500][INFO ][o.o.s.e.PointwiseExperimentProcessorTests] [testCreatePointwiseVariants] before test
    [2025-11-21T10:35:01,502][INFO ][o.o.s.e.PointwiseExperimentProcessorTests] [testCreatePointwiseVariants] after test

PutJudgmentActionTests > testStreams STANDARD_OUT
    [2025-11-21T18:35:01,514][INFO ][o.o.s.a.j.PutJudgmentActionTests] [testStreams] after test

EvaluationTests > testCalculatePrecisionAtK STANDARD_OUT
    [2025-11-21T21:35:01,524][INFO ][o.o.s.m.c.EvaluationTests] [testCalculatePrecisionAtK] before test
    [2025-11-21T21:35:01,527][INFO ][o.o.s.m.c.EvaluationTests] [testCalculatePrecisionAtK] after test

EvaluationTests > testCalculateNDCGAtK STANDARD_OUT
    [2025-11-21T21:35:01,529][INFO ][o.o.s.m.c.EvaluationTests] [testCalculateNDCGAtK] before test
    [2025-11-21T21:35:01,529][INFO ][o.o.s.m.c.EvaluationTests] [testCalculateNDCGAtK] after test

EvaluationTests > testCalculateMAPAtK STANDARD_OUT
    [2025-11-21T21:35:01,530][INFO ][o.o.s.m.c.EvaluationTests] [testCalculateMAPAtK] before test
    [2025-11-21T21:35:01,531][INFO ][o.o.s.m.c.EvaluationTests] [testCalculateMAPAtK] after test

JudgmentTaskContextTests > testIsAllTasksCompleted STANDARD_OUT
    [2025-11-21T13:35:01,536][INFO ][o.o.s.e.JudgmentTaskContext] [testIsAllTasksCompleted] JudgmentTaskContext initialized for query: test query#reference answer with 2 search configurations
    [2025-11-21T13:35:01,536][WARN ][o.o.s.e.JudgmentTaskContext] [testIsAllTasksCompleted] Cache task failed for query: test query#reference answer (ignoreFailure=false)
    [2025-11-21T13:35:01,536][INFO ][o.o.s.e.JudgmentTaskContextTests] [testIsAllTasksCompleted] after test

JudgmentTaskContextTests > testTaskContextInitialization STANDARD_OUT
    [2025-11-21T13:35:01,540][INFO ][o.o.s.e.JudgmentTaskContextTests] [testTaskContextInitialization] before test
    [2025-11-21T13:35:01,542][INFO ][o.o.s.e.JudgmentTaskContext] [testTaskContextInitialization] JudgmentTaskContext initialized for query: laptop#Professional laptop for business with 1 search configurations
    [2025-11-21T13:35:01,542][INFO ][o.o.s.e.JudgmentTaskContextTests] [testTaskContextInitialization] after test

CreateQuerySetActionTests > testRequestValidation STANDARD_OUT
    [2025-11-21T15:35:01,541][INFO ][o.o.s.a.q.CreateQuerySetActionTests] [testRequestValidation] before test

JudgmentTaskContextTests > testGetStatusAllSuccess STANDARD_OUT
    [2025-11-21T13:35:01,545][INFO ][o.o.s.e.JudgmentTaskContextTests] [testGetStatusAllSuccess] before test
    [2025-11-21T13:35:01,545][INFO ][o.o.s.e.JudgmentTaskContext] [testGetStatusAllSuccess] JudgmentTaskContext initialized for query: test query#reference answer with 2 search configurations
    [2025-11-21T13:35:01,546][INFO ][o.o.s.e.JudgmentTaskContextTests] [testGetStatusAllSuccess] after test

CreateQuerySetActionTests > testRequestValidation STANDARD_OUT
    [2025-11-21T15:35:01,547][INFO ][o.o.s.a.q.CreateQuerySetActionTests] [testRequestValidation] after test

CreateQuerySetActionTests > testStreams STANDARD_OUT
    [2025-11-21T15:35:01,551][INFO ][o.o.s.a.q.CreateQuerySetActionTests] [testStreams] before test
    [2025-11-21T15:35:01,552][INFO ][o.o.s.a.q.CreateQuerySetActionTests] [testStreams] after test

PutJudgmentActionTests > testStreams STANDARD_ERROR
    SLF4J(W): No SLF4J providers were found.
    SLF4J(W): Defaulting to no-operation (NOP) logger implementation
    SLF4J(W): See https://www.slf4j.org/codes.html#noProviders for further details.

PutJudgmentActionTests > testRequestValidation STANDARD_OUT
    [2025-11-21T18:35:01,578][INFO ][o.o.s.a.j.PutJudgmentActionTests] [testRequestValidation] before test

PostScheduledExperimentActionTests > testStreams STANDARD_OUT
    [2025-11-21T17:35:01,578][INFO ][o.o.s.a.s.PostScheduledExperimentActionTests] [testStreams] before test
    [2025-11-21T17:35:01,582][INFO ][o.o.s.a.s.PostScheduledExperimentActionTests] [testStreams] after test

JudgmentTaskContextTests > testDocIdToScoreThreadSafety STANDARD_OUT
    [2025-11-21T13:35:01,584][INFO ][o.o.s.e.JudgmentTaskContextTests] [testDocIdToScoreThreadSafety] before test
    [2025-11-21T13:35:01,585][INFO ][o.o.s.e.JudgmentTaskContext] [testDocIdToScoreThreadSafety] JudgmentTaskContext initialized for query: test query#reference answer with 1 search configurations
    [2025-11-21T13:35:01,597][INFO ][o.o.s.e.JudgmentTaskContextTests] [testDocIdToScoreThreadSafety] after test

JudgmentTaskContextTests > testConcurrentTaskCompletions STANDARD_OUT
    [2025-11-21T13:35:01,599][INFO ][o.o.s.e.JudgmentTaskContextTests] [testConcurrentTaskCompletions] before test
    [2025-11-21T13:35:01,600][INFO ][o.o.s.e.JudgmentTaskContext] [testConcurrentTaskCompletions] JudgmentTaskContext initialized for query: test query#reference answer with 50 search configurations

SearchRelevanceIndicesManagerTests > testCreateIndexIfAbsentWhenIndexDoesNotExist STANDARD_OUT
    [2025-11-21T20:35:01,599][INFO ][o.o.s.i.SearchRelevanceIndicesManagerTests] [testCreateIndexIfAbsentWhenIndexDoesNotExist] before test

PutJudgmentActionTests > testRequestValidation STANDARD_OUT
    [2025-11-21T18:35:01,607][INFO ][o.o.s.a.j.PutJudgmentActionTests] [testRequestValidation] after test

JudgmentTaskContextTests > testConcurrentTaskCompletions STANDARD_OUT
    [2025-11-21T13:35:01,609][WARN ][o.o.s.e.JudgmentTaskContext] [[Thread-108]] Search task failed for query: test query#reference answer (ignoreFailure=false)
    [2025-11-21T13:35:01,609][WARN ][o.o.s.e.JudgmentTaskContext] [[Thread-105]] Search task failed for query: test query#reference answer (ignoreFailure=false)
    [2025-11-21T13:35:01,610][WARN ][o.o.s.e.JudgmentTaskContext] [[Thread-135]] Search task failed for query: test query#reference answer (ignoreFailure=false)
    [2025-11-21T13:35:01,609][WARN ][o.o.s.e.JudgmentTaskContext] [[Thread-117]] Search task failed for query: test query#reference answer (ignoreFailure=false)
    [2025-11-21T13:35:01,610][WARN ][o.o.s.e.JudgmentTaskContext] [[Thread-141]] Search task failed for query: test query#reference answer (ignoreFailure=false)
    [2025-11-21T13:35:01,609][WARN ][o.o.s.e.JudgmentTaskContext] [[Thread-111]] Search task failed for query: test query#reference answer (ignoreFailure=false)
    [2025-11-21T13:35:01,610][WARN ][o.o.s.e.JudgmentTaskContext] [[Thread-138]] Search task failed for query: test query#reference answer (ignoreFailure=false)
    [2025-11-21T13:35:01,610][WARN ][o.o.s.e.JudgmentTaskContext] [[Thread-123]] Search task failed for query: test query#reference answer (ignoreFailure=false)
    [2025-11-21T13:35:01,610][WARN ][o.o.s.e.JudgmentTaskContext] [[Thread-147]] Search task failed for query: test query#reference answer (ignoreFailure=false)
    [2025-11-21T13:35:01,610][WARN ][o.o.s.e.JudgmentTaskContext] [[Thread-126]] Search task failed for query: test query#reference answer (ignoreFailure=false)
    [2025-11-21T13:35:01,610][WARN ][o.o.s.e.JudgmentTaskContext] [[Thread-120]] Search task failed for query: test query#reference answer (ignoreFailure=false)
    [2025-11-21T13:35:01,609][WARN ][o.o.s.e.JudgmentTaskContext] [[Thread-114]] Search task failed for query: test query#reference answer (ignoreFailure=false)
    [2025-11-21T13:35:01,610][WARN ][o.o.s.e.JudgmentTaskContext] [[Thread-132]] Search task failed for query: test query#reference answer (ignoreFailure=false)
    [2025-11-21T13:35:01,611][WARN ][o.o.s.e.JudgmentTaskContext] [[Thread-179]] Cache task failed for query: test query#reference answer (ignoreFailure=false)
    [2025-11-21T13:35:01,610][WARN ][o.o.s.e.JudgmentTaskContext] [[Thread-129]] Search task failed for query: test query#reference answer (ignoreFailure=false)
    [2025-11-21T13:35:01,611][WARN ][o.o.s.e.JudgmentTaskContext] [[Thread-183]] Cache task failed for query: test query#reference answer (ignoreFailure=false)
    [2025-11-21T13:35:01,611][WARN ][o.o.s.e.JudgmentTaskContext] [[Thread-171]] Cache task failed for query: test query#reference answer (ignoreFailure=false)
    [2025-11-21T13:35:01,611][WARN ][o.o.s.e.JudgmentTaskContext] [[Thread-187]] Cache task failed for query: test query#reference answer (ignoreFailure=false)
    [2025-11-21T13:35:01,611][WARN ][o.o.s.e.JudgmentTaskContext] [[Thread-191]] Cache task failed for query: test query#reference answer (ignoreFailure=false)
    [2025-11-21T13:35:01,611][WARN ][o.o.s.e.JudgmentTaskContext] [[Thread-175]] Cache task failed for query: test query#reference answer (ignoreFailure=false)
    [2025-11-21T13:35:01,611][WARN ][o.o.s.e.JudgmentTaskContext] [[Thread-167]] Cache task failed for query: test query#reference answer (ignoreFailure=false)
    [2025-11-21T13:35:01,611][WARN ][o.o.s.e.JudgmentTaskContext] [[Thread-163]] Cache task failed for query: test query#reference answer (ignoreFailure=false)
    [2025-11-21T13:35:01,610][WARN ][o.o.s.e.JudgmentTaskContext] [[Thread-155]] Cache task failed for query: test query#reference answer (ignoreFailure=false)
    [2025-11-21T13:35:01,611][WARN ][o.o.s.e.JudgmentTaskContext] [[Thread-159]] Cache task failed for query: test query#reference answer (ignoreFailure=false)
    [2025-11-21T13:35:01,610][WARN ][o.o.s.e.JudgmentTaskContext] [[Thread-153]] Search task failed for query: test query#reference answer (ignoreFailure=false)
    [2025-11-21T13:35:01,610][WARN ][o.o.s.e.JudgmentTaskContext] [[Thread-150]] Search task failed for query: test query#reference answer (ignoreFailure=false)
    [2025-11-21T13:35:01,610][WARN ][o.o.s.e.JudgmentTaskContext] [[Thread-144]] Search task failed for query: test query#reference answer (ignoreFailure=false)
    [2025-11-21T13:35:01,612][WARN ][o.o.s.e.JudgmentTaskContext] [[Thread-203]] Cache task failed for query: test query#reference answer (ignoreFailure=false)
    [2025-11-21T13:35:01,611][WARN ][o.o.s.e.JudgmentTaskContext] [[Thread-195]] Cache task failed for query: test query#reference answer (ignoreFailure=false)
    [2025-11-21T13:35:01,612][WARN ][o.o.s.e.JudgmentTaskContext] [[Thread-199]] Cache task failed for query: test query#reference answer (ignoreFailure=false)
    [2025-11-21T13:35:01,613][INFO ][o.o.s.e.JudgmentTaskContextTests] [testConcurrentTaskCompletions] after test

PutJudgmentActionTests > testImportJudgementStream STANDARD_OUT
    [2025-11-21T18:35:01,616][INFO ][o.o.s.a.j.PutJudgmentActionTests] [testImportJudgementStream] before test

SearchRelevanceIndicesManagerTests > testCreateIndexIfAbsentWhenIndexDoesNotExist STANDARD_OUT
    [2025-11-21T20:35:01,619][INFO ][o.o.s.i.SearchRelevanceIndicesManager] [testCreateIndexIfAbsentWhenIndexDoesNotExist] Successfully created index [search-relevance-queryset]
    [2025-11-21T20:35:01,620][INFO ][o.o.s.i.SearchRelevanceIndicesManagerTests] [testCreateIndexIfAbsentWhenIndexDoesNotExist] after test

SearchRelevanceIndicesManagerTests > testPutDocWhenFailed STANDARD_OUT
    [2025-11-21T20:35:01,622][INFO ][o.o.s.i.SearchRelevanceIndicesManagerTests] [testPutDocWhenFailed] before test

PutJudgmentActionTests > testImportJudgementStream STANDARD_OUT
    [2025-11-21T18:35:01,627][INFO ][o.o.s.a.j.PutJudgmentActionTests] [testImportJudgementStream] after test

SearchRelevanceIndicesManagerTests > testPutDocWhenFailed STANDARD_OUT
    [2025-11-21T20:35:01,636][INFO ][o.o.s.i.SearchRelevanceIndicesManagerTests] [testPutDocWhenFailed] after test

QuerySourceUtilTests > testValidateHybridQuery_whenThreeSubqueries_thenFail STANDARD_OUT
    [2025-11-22T08:35:01,648][INFO ][o.o.s.e.QuerySourceUtilTests] [testValidateHybridQuery_whenThreeSubqueries_thenFail] before test
    [2025-11-22T08:35:01,656][INFO ][o.o.s.e.QuerySourceUtilTests] [testValidateHybridQuery_whenThreeSubqueries_thenFail] after test

QuerySourceUtilTests > testCreateDefinitionOfTemporarySearchPipeline_NullInput_ThrowsNullPointerException STANDARD_OUT
    [2025-11-22T08:35:01,658][INFO ][o.o.s.e.QuerySourceUtilTests] [testCreateDefinitionOfTemporarySearchPipeline_NullInput_ThrowsNullPointerException] before test
    [2025-11-22T08:35:01,660][INFO ][o.o.s.e.QuerySourceUtilTests] [testCreateDefinitionOfTemporarySearchPipeline_NullInput_ThrowsNullPointerException] after test

QuerySourceUtilTests > testValidateHybridQuery_MissingHybrid STANDARD_OUT
    [2025-11-22T08:35:01,664][INFO ][o.o.s.e.QuerySourceUtilTests] [testValidateHybridQuery_MissingHybrid] before test
    [2025-11-22T08:35:01,665][INFO ][o.o.s.e.QuerySourceUtilTests] [testValidateHybridQuery_MissingHybrid] after test

QuerySourceUtilTests > testValidateHybridQuery_InvalidHybridType STANDARD_OUT
    [2025-11-22T08:35:01,669][INFO ][o.o.s.e.QuerySourceUtilTests] [testValidateHybridQuery_InvalidHybridType] before test
    [2025-11-22T08:35:01,669][INFO ][o.o.s.e.QuerySourceUtilTests] [testValidateHybridQuery_InvalidHybridType] after test

QuerySourceUtilTests > testValidateHybridQuery_ValidQuery STANDARD_OUT
    [2025-11-22T08:35:01,671][INFO ][o.o.s.e.QuerySourceUtilTests] [testValidateHybridQuery_ValidQuery] before test
    [2025-11-22T08:35:01,672][INFO ][o.o.s.e.QuerySourceUtilTests] [testValidateHybridQuery_ValidQuery] after test

QuerySourceUtilTests > testValidateHybridQuery_MissingQuery STANDARD_OUT
    [2025-11-22T08:35:01,673][INFO ][o.o.s.e.QuerySourceUtilTests] [testValidateHybridQuery_MissingQuery] before test
    [2025-11-22T08:35:01,674][INFO ][o.o.s.e.QuerySourceUtilTests] [testValidateHybridQuery_MissingQuery] after test

QuerySourceUtilTests > testValidateHybridQuery_InvalidQueryType STANDARD_OUT
    [2025-11-22T08:35:01,675][INFO ][o.o.s.e.QuerySourceUtilTests] [testValidateHybridQuery_InvalidQueryType] before test
    [2025-11-22T08:35:01,676][INFO ][o.o.s.e.QuerySourceUtilTests] [testValidateHybridQuery_InvalidQueryType] after test

QuerySourceUtilTests > testCreateDefinitionOfTemporarySearchPipeline_ValidInput_ReturnsCorrectStructure STANDARD_OUT
    [2025-11-22T08:35:01,679][INFO ][o.o.s.e.QuerySourceUtilTests] [testCreateDefinitionOfTemporarySearchPipeline_ValidInput_ReturnsCorrectStructure] before test

SearchRelevanceIndicesManagerTests > testGetDocByDocIdWhenSucceeded STANDARD_OUT
    [2025-11-21T20:35:01,680][INFO ][o.o.s.i.SearchRelevanceIndicesManagerTests] [testGetDocByDocIdWhenSucceeded] before test

QuerySourceUtilTests > testCreateDefinitionOfTemporarySearchPipeline_ValidInput_ReturnsCorrectStructure STANDARD_OUT
    [2025-11-22T08:35:01,682][INFO ][o.o.s.e.QuerySourceUtilTests] [testCreateDefinitionOfTemporarySearchPipeline_ValidInput_ReturnsCorrectStructure] after test

QuerySourceUtilTests > testValidateHybridQuery_InvalidQueriesType STANDARD_OUT
    [2025-11-22T08:35:01,689][INFO ][o.o.s.e.QuerySourceUtilTests] [testValidateHybridQuery_InvalidQueriesType] before test
    [2025-11-22T08:35:01,690][INFO ][o.o.s.e.QuerySourceUtilTests] [testValidateHybridQuery_InvalidQueriesType] after test

QuerySourceUtilTests > testValidateHybridQuery_MissingQueries STANDARD_OUT
    [2025-11-22T08:35:01,694][INFO ][o.o.s.e.QuerySourceUtilTests] [testValidateHybridQuery_MissingQueries] before test
    [2025-11-22T08:35:01,695][INFO ][o.o.s.e.QuerySourceUtilTests] [testValidateHybridQuery_MissingQueries] after test

QuerySourceUtilTests > testValidateHybridQuery_whenOneSubquery_thenFail STANDARD_OUT
    [2025-11-22T08:35:01,699][INFO ][o.o.s.e.QuerySourceUtilTests] [testValidateHybridQuery_whenOneSubquery_thenFail] before test
    [2025-11-22T08:35:01,700][INFO ][o.o.s.e.QuerySourceUtilTests] [testValidateHybridQuery_whenOneSubquery_thenFail] after test

SearchRelevanceIndicesManagerTests > testGetDocByDocIdWhenSucceeded STANDARD_OUT
    [2025-11-21T20:35:01,714][INFO ][o.o.s.i.SearchRelevanceIndicesManager] [testGetDocByDocIdWhenSucceeded] Successfully get doc id [test_id]
    [2025-11-21T20:35:01,717][INFO ][o.o.s.i.SearchRelevanceIndicesManagerTests] [testGetDocByDocIdWhenSucceeded] after test

GetScheduledExperimentActionTests > testRequestValidation STANDARD_OUT
    [2025-11-22T05:35:01,723][INFO ][o.o.s.a.s.GetScheduledExperimentActionTests] [testRequestValidation] before test

ChunkProcessingContextTests > testHandleFailure STANDARD_OUT
    [2025-11-22T00:35:01,729][INFO ][o.o.s.m.ChunkProcessingContextTests] [testHandleFailure] before test

SearchRelevanceIndicesManagerTests > testDeleteDocByDocIdWhenDocIdNotFound STANDARD_OUT
    [2025-11-21T20:35:01,732][INFO ][o.o.s.i.SearchRelevanceIndicesManagerTests] [testDeleteDocByDocIdWhenDocIdNotFound] before test

GetScheduledExperimentActionTests > testRequestValidation STANDARD_OUT
    [2025-11-22T05:35:01,732][INFO ][o.o.s.a.s.GetScheduledExperimentActionTests] [testRequestValidation] after test

ChunkProcessingContextTests > testHandleFailure STANDARD_OUT
    [2025-11-22T00:35:01,734][INFO ][o.o.s.m.ChunkProcessingContextTests] [testHandleFailure] after test

ChunkProcessingContextTests > testSingleChunkCompletion STANDARD_OUT
    [2025-11-22T00:35:01,736][INFO ][o.o.s.m.ChunkProcessingContextTests] [testSingleChunkCompletion] before test

GetScheduledExperimentActionTests > testStreams STANDARD_OUT
    [2025-11-22T05:35:01,737][INFO ][o.o.s.a.s.GetScheduledExperimentActionTests] [testStreams] before test

ChunkProcessingContextTests > testSingleChunkCompletion STANDARD_OUT
    [2025-11-22T00:35:01,738][INFO ][o.o.s.m.ChunkProcessingContextTests] [testSingleChunkCompletion] after test

ChunkProcessingContextTests > testHandleSuccessFirstChunk STANDARD_OUT
    [2025-11-22T00:35:01,741][INFO ][o.o.s.m.ChunkProcessingContextTests] [testHandleSuccessFirstChunk] before test
    [2025-11-22T00:35:01,743][INFO ][o.o.s.m.ChunkProcessingContextTests] [testHandleSuccessFirstChunk] after test

ChunkProcessingContextTests > testHandleSuccessLastChunk STANDARD_OUT
    [2025-11-22T00:35:01,745][INFO ][o.o.s.m.ChunkProcessingContextTests] [testHandleSuccessLastChunk] before test
    [2025-11-22T00:35:01,747][INFO ][o.o.s.m.ChunkProcessingContextTests] [testHandleSuccessLastChunk] after test

ChunkProcessingContextTests > testMixedSuccessAndFailure STANDARD_OUT
    [2025-11-22T00:35:01,749][INFO ][o.o.s.m.ChunkProcessingContextTests] [testMixedSuccessAndFailure] before test

GetScheduledExperimentActionTests > testStreams STANDARD_OUT
    [2025-11-22T05:35:01,750][INFO ][o.o.s.a.s.GetScheduledExperimentActionTests] [testStreams] after test

ChunkProcessingContextTests > testMixedSuccessAndFailure STANDARD_OUT
    [2025-11-22T00:35:01,751][INFO ][o.o.s.m.ChunkProcessingContextTests] [testMixedSuccessAndFailure] after test

ChunkProcessingContextTests > testConcurrentChunkProcessing STANDARD_OUT
    [2025-11-22T00:35:01,754][INFO ][o.o.s.m.ChunkProcessingContextTests] [testConcurrentChunkProcessing] before test
    [2025-11-22T00:35:01,758][INFO ][o.o.s.m.ChunkProcessingContextTests] [testConcurrentChunkProcessing] after test

ChunkProcessingContextTests > testExceptionInCompleteChunk STANDARD_OUT
    [2025-11-22T00:35:01,764][INFO ][o.o.s.m.ChunkProcessingContextTests] [testExceptionInCompleteChunk] before test
    [2025-11-22T00:35:01,766][ERROR][o.o.s.m.ChunkProcessingContext] [testExceptionInCompleteChunk] Error handling chunk completion for chunk 0
    java.lang.RuntimeException: Listener exception
    	at org.opensearch.searchrelevance.ml.ChunkProcessingContextTests$7.onResponse(ChunkProcessingContextTests.java:259) ~[test/:?]
    	at org.opensearch.searchrelevance.ml.ChunkProcessingContextTests$7.onResponse(ChunkProcessingContextTests.java:256) ~[test/:?]
    	at org.opensearch.searchrelevance.ml.ChunkProcessingContext.completeChunk(ChunkProcessingContext.java:52) ~[opensearch-search-relevance-3.3.0.0-SNAPSHOT.jar:?]
    	at org.opensearch.searchrelevance.ml.ChunkProcessingContext.handleSuccess(ChunkProcessingContext.java:37) ~[opensearch-search-relevance-3.3.0.0-SNAPSHOT.jar:?]
    	at org.opensearch.searchrelevance.ml.ChunkProcessingContextTests.testExceptionInCompleteChunk(ChunkProcessingContextTests.java:272) ~[test/:?]
    	at java.base/jdk.internal.reflect.DirectMethodHandleAccessor.invoke(DirectMethodHandleAccessor.java:103) ~[?:?]
    	at java.base/java.lang.reflect.Method.invoke(Method.java:580) ~[?:?]
    	at com.carrotsearch.randomizedtesting.RandomizedRunner.invoke(RandomizedRunner.java:1750) ~[randomizedtesting-runner-2.7.1.jar:?]
    	at com.carrotsearch.randomizedtesting.RandomizedRunner$8.evaluate(RandomizedRunner.java:938) ~[randomizedtesting-runner-2.7.1.jar:?]
    	at com.carrotsearch.randomizedtesting.RandomizedRunner$9.evaluate(RandomizedRunner.java:974) ~[randomizedtesting-runner-2.7.1.jar:?]
    	at com.carrotsearch.randomizedtesting.RandomizedRunner$10.evaluate(RandomizedRunner.java:988) ~[randomizedtesting-runner-2.7.1.jar:?]
    	at com.carrotsearch.randomizedtesting.rules.StatementAdapter.evaluate(StatementAdapter.java:36) ~[randomizedtesting-runner-2.7.1.jar:?]
    	at org.junit.rules.RunRules.evaluate(RunRules.java:20) ~[junit-4.13.2.jar:4.13.2]
    	at org.apache.lucene.tests.util.TestRuleSetupTeardownChained$1.evaluate(TestRuleSetupTeardownChained.java:48) ~[lucene-test-framework-10.3.1.jar:10.3.1 51190f35a16d2ce433139abfe0fd8365791b352a - 2025-10-02 09:50:16]
    	at org.apache.lucene.tests.util.AbstractBeforeAfterRule$1.evaluate(AbstractBeforeAfterRule.java:43) ~[lucene-test-framework-10.3.1.jar:10.3.1 51190f35a16d2ce433139abfe0fd8365791b352a - 2025-10-02 09:50:16]
    	at org.apache.lucene.tests.util.TestRuleThreadAndTestName$1.evaluate(TestRuleThreadAndTestName.java:45) ~[lucene-test-framework-10.3.1.jar:10.3.1 51190f35a16d2ce433139abfe0fd8365791b352a - 2025-10-02 09:50:16]
    	at org.apache.lucene.tests.util.TestRuleIgnoreAfterMaxFailures$1.evaluate(TestRuleIgnoreAfterMaxFailures.java:60) ~[lucene-test-framework-10.3.1.jar:10.3.1 51190f35a16d2ce433139abfe0fd8365791b352a - 2025-10-02 09:50:16]
    	at org.apache.lucene.tests.util.TestRuleMarkFailure$1.evaluate(TestRuleMarkFailure.java:44) ~[lucene-test-framework-10.3.1.jar:10.3.1 51190f35a16d2ce433139abfe0fd8365791b352a - 2025-10-02 09:50:16]
    	at org.junit.rules.RunRules.evaluate(RunRules.java:20) ~[junit-4.13.2.jar:4.13.2]
    	at com.carrotsearch.randomizedtesting.rules.StatementAdapter.evaluate(StatementAdapter.java:36) ~[randomizedtesting-runner-2.7.1.jar:?]
    	at com.carrotsearch.randomizedtesting.ThreadLeakControl$StatementRunner.run(ThreadLeakControl.java:368) ~[randomizedtesting-runner-2.7.1.jar:?]
    	at com.carrotsearch.randomizedtesting.ThreadLeakControl.forkTimeoutingTask(ThreadLeakControl.java:817) ~[randomizedtesting-runner-2.7.1.jar:?]
    	at com.carrotsearch.randomizedtesting.ThreadLeakControl$3.evaluate(ThreadLeakControl.java:468) ~[randomizedtesting-runner-2.7.1.jar:?]
    	at com.carrotsearch.randomizedtesting.RandomizedRunner.runSingleTest(RandomizedRunner.java:947) ~[randomizedtesting-runner-2.7.1.jar:?]
    	at com.carrotsearch.randomizedtesting.RandomizedRunner$5.evaluate(RandomizedRunner.java:832) ~[randomizedtesting-runner-2.7.1.jar:?]
    	at com.carrotsearch.randomizedtesting.RandomizedRunner$6.evaluate(RandomizedRunner.java:883) ~[randomizedtesting-runner-2.7.1.jar:?]
    	at com.carrotsearch.randomizedtesting.RandomizedRunner$7.evaluate(RandomizedRunner.java:894) ~[randomizedtesting-runner-2.7.1.jar:?]
    	at org.apache.lucene.tests.util.AbstractBeforeAfterRule$1.evaluate(AbstractBeforeAfterRule.java:43) ~[lucene-test-framework-10.3.1.jar:10.3.1 51190f35a16d2ce433139abfe0fd8365791b352a - 2025-10-02 09:50:16]
    	at com.carrotsearch.randomizedtesting.rules.StatementAdapter.evaluate(StatementAdapter.java:36) ~[randomizedtesting-runner-2.7.1.jar:?]
    	at org.apache.lucene.tests.util.TestRuleStoreClassName$1.evaluate(TestRuleStoreClassName.java:38) ~[lucene-test-framework-10.3.1.jar:10.3.1 51190f35a16d2ce433139abfe0fd8365791b352a - 2025-10-02 09:50:16]
    	at com.carrotsearch.randomizedtesting.rules.NoShadowingOrOverridesOnMethodsRule$1.evaluate(NoShadowingOrOverridesOnMethodsRule.java:40) ~[randomizedtesting-runner-2.7.1.jar:?]
    	at com.carrotsearch.randomizedtesting.rules.NoShadowingOrOverridesOnMethodsRule$1.evaluate(NoShadowingOrOverridesOnMethodsRule.java:40) ~[randomizedtesting-runner-2.7.1.jar:?]
    	at com.carrotsearch.randomizedtesting.rules.StatementAdapter.evaluate(StatementAdapter.java:36) ~[randomizedtesting-runner-2.7.1.jar:?]
    	at com.carrotsearch.randomizedtesting.rules.StatementAdapter.evaluate(StatementAdapter.java:36) ~[randomizedtesting-runner-2.7.1.jar:?]
    	at org.apache.lucene.tests.util.TestRuleAssertionsRequired$1.evaluate(TestRuleAssertionsRequired.java:53) ~[lucene-test-framework-10.3.1.jar:10.3.1 51190f35a16d2ce433139abfe0fd8365791b352a - 2025-10-02 09:50:16]
    	at org.apache.lucene.tests.util.AbstractBeforeAfterRule$1.evaluate(AbstractBeforeAfterRule.java:43) ~[lucene-test-framework-10.3.1.jar:10.3.1 51190f35a16d2ce433139abfe0fd8365791b352a - 2025-10-02 09:50:16]
    	at org.apache.lucene.tests.util.TestRuleMarkFailure$1.evaluate(TestRuleMarkFailure.java:44) ~[lucene-test-framework-10.3.1.jar:10.3.1 51190f35a16d2ce433139abfe0fd8365791b352a - 2025-10-02 09:50:16]
    	at org.apache.lucene.tests.util.TestRuleIgnoreAfterMaxFailures$1.evaluate(TestRuleIgnoreAfterMaxFailures.java:60) ~[lucene-test-framework-10.3.1.jar:10.3.1 51190f35a16d2ce433139abfe0fd8365791b352a - 2025-10-02 09:50:16]
    	at org.apache.lucene.tests.util.TestRuleIgnoreTestSuites$1.evaluate(TestRuleIgnoreTestSuites.java:47) ~[lucene-test-framework-10.3.1.jar:10.3.1 51190f35a16d2ce433139abfe0fd8365791b352a - 2025-10-02 09:50:16]
    	at org.junit.rules.RunRules.evaluate(RunRules.java:20) ~[junit-4.13.2.jar:4.13.2]
    	at com.carrotsearch.randomizedtesting.rules.StatementAdapter.evaluate(StatementAdapter.java:36) ~[randomizedtesting-runner-2.7.1.jar:?]
    	at com.carrotsearch.randomizedtesting.ThreadLeakControl$StatementRunner.run(ThreadLeakControl.java:368) ~[randomizedtesting-runner-2.7.1.jar:?]
    	at java.base/java.lang.Thread.run(Thread.java:1583) [?:?]
    [2025-11-22T00:35:01,767][INFO ][o.o.s.m.ChunkProcessingContextTests] [testExceptionInCompleteChunk] after test

SearchRelevanceIndicesManagerTests > testDeleteDocByDocIdWhenDocIdNotFound STANDARD_OUT
    [2025-11-21T20:35:01,775][INFO ][o.o.s.i.SearchRelevanceIndicesManagerTests] [testDeleteDocByDocIdWhenDocIdNotFound] after test

SearchRelevanceIndicesManagerTests > testListDocsWhenSucceeded STANDARD_OUT
    [2025-11-21T20:35:01,793][INFO ][o.o.s.i.SearchRelevanceIndicesManagerTests] [testListDocsWhenSucceeded] before test

RestCreateQuerySetActionTests > testPrepareRequest_WorkbenchEnabled_Failure STANDARD_OUT
    [2025-11-21T21:35:01,812][INFO ][o.o.s.r.RestCreateQuerySetActionTests] [testPrepareRequest_WorkbenchEnabled_Failure] before test

SearchRelevanceIndicesManagerTests > testListDocsWhenSucceeded STANDARD_OUT
    [2025-11-21T20:35:01,827][INFO ][o.o.s.i.SearchRelevanceIndicesManager] [testListDocsWhenSucceeded] Successfully list documents with search request [SearchRequest{searchType=QUERY_THEN_FETCH, indices=[search-relevance-queryset], indicesOptions=IndicesOptions[ignore_unavailable=false, allow_no_indices=true, expand_wildcards_open=true, expand_wildcards_closed=false, expand_wildcards_hidden=false, allow_aliases_to_multiple_indices=true, forbid_closed_indices=true, ignore_aliases=false, ignore_throttled=true], routing='null', preference='null', requestCache=null, scroll=null, maxConcurrentShardRequests=0, batchedReduceSize=512, preFilterShardSize=null, allowPartialSearchResults=null, localClusterAlias=null, getOrCreateAbsoluteStartMillis=-1, ccsMinimizeRoundtrips=true, source={"from":0,"size":10,"query":{"match_all":{"boost":1.0}},"sort":[{"timestamp":{"order":"desc"}}]}, cancelAfterTimeInterval=null, pipeline=null, phaseTook=null}]
    [2025-11-21T20:35:01,828][INFO ][o.o.s.i.SearchRelevanceIndicesManagerTests] [testListDocsWhenSucceeded] after test

SearchRelevanceIndicesManagerTests > testCreateIndexIfAbsentWhenIndexExists STANDARD_OUT
    [2025-11-21T20:35:01,830][INFO ][o.o.s.i.SearchRelevanceIndicesManagerTests] [testCreateIndexIfAbsentWhenIndexExists] before test
    [2025-11-21T20:35:01,832][INFO ][o.o.s.i.SearchRelevanceIndicesManagerTests] [testCreateIndexIfAbsentWhenIndexExists] after test

SearchRelevanceIndicesManagerTests > testListDocsWhenFailed STANDARD_OUT
    [2025-11-21T20:35:01,835][INFO ][o.o.s.i.SearchRelevanceIndicesManagerTests] [testListDocsWhenFailed] before test
    [2025-11-21T20:35:01,838][INFO ][o.o.s.i.SearchRelevanceIndicesManagerTests] [testListDocsWhenFailed] after test

SearchRelevanceIndicesManagerTests > testCreateIndexIfAbsentWhenCreationFails STANDARD_OUT
    [2025-11-21T20:35:01,840][INFO ][o.o.s.i.SearchRelevanceIndicesManagerTests] [testCreateIndexIfAbsentWhenCreationFails] before test
    [2025-11-21T20:35:01,842][WARN ][o.o.s.i.SearchRelevanceIndicesManager] [testCreateIndexIfAbsentWhenCreationFails] Failed to create index [search-relevance-queryset] - continuing without cache optimization
    [2025-11-21T20:35:01,843][INFO ][o.o.s.i.SearchRelevanceIndicesManagerTests] [testCreateIndexIfAbsentWhenCreationFails] after test

SearchRelevanceIndicesManagerTests > testDeleteDocByDocIdWhenFailed STANDARD_OUT
    [2025-11-21T20:35:01,845][INFO ][o.o.s.i.SearchRelevanceIndicesManagerTests] [testDeleteDocByDocIdWhenFailed] before test
    [2025-11-21T20:35:01,846][INFO ][o.o.s.i.SearchRelevanceIndicesManagerTests] [testDeleteDocByDocIdWhenFailed] after test

SearchRelevanceIndicesManagerTests > testDeleteDocByDocIdWhenSucceeded STANDARD_OUT
    [2025-11-21T20:35:01,850][INFO ][o.o.s.i.SearchRelevanceIndicesManagerTests] [testDeleteDocByDocIdWhenSucceeded] before test
    [2025-11-21T20:35:01,918][INFO ][o.o.s.i.SearchRelevanceIndicesManagerTests] [testDeleteDocByDocIdWhenSucceeded] after test

ExperimentTaskContextTests > testResultFutureCompletesOnlyOnce STANDARD_OUT
    [2025-11-21T11:35:01,928][INFO ][o.o.s.e.ExperimentTaskContextTests] [testResultFutureCompletesOnlyOnce] before test

SearchRelevanceIndicesManagerTests > testPutDocWhenSucceeded STANDARD_OUT
    [2025-11-21T20:35:01,932][INFO ][o.o.s.i.SearchRelevanceIndicesManagerTests] [testPutDocWhenSucceeded] before test

ExperimentTaskContextTests > testResultFutureCompletesOnlyOnce STANDARD_OUT
    [2025-11-21T11:35:01,933][INFO ][o.o.s.e.ExperimentTaskContext] [testResultFutureCompletesOnlyOnce] TaskContext initialized for experiment test-experiment with 1 variants
    [2025-11-21T11:35:01,933][INFO ][o.o.s.e.ExperimentTaskContextTests] [testResultFutureCompletesOnlyOnce] after test

ExperimentTaskContextTests > testAllVariantsSucceeded STANDARD_OUT
    [2025-11-21T11:35:01,944][INFO ][o.o.s.e.ExperimentTaskContextTests] [testAllVariantsSucceeded] before test
    [2025-11-21T11:35:01,946][INFO ][o.o.s.e.ExperimentTaskContext] [testAllVariantsSucceeded] TaskContext initialized for experiment test-experiment with 2 variants
    [2025-11-21T11:35:01,946][INFO ][o.o.s.e.ExperimentTaskContextTests] [testAllVariantsSucceeded] after test

ExperimentTaskContextTests > testCompleteVariantFailure STANDARD_OUT
    [2025-11-21T11:35:01,949][INFO ][o.o.s.e.ExperimentTaskContextTests] [testCompleteVariantFailure] before test
    [2025-11-21T11:35:01,950][INFO ][o.o.s.e.ExperimentTaskContext] [testCompleteVariantFailure] TaskContext initialized for experiment test-experiment with 2 variants
    [2025-11-21T11:35:01,950][ERROR][o.o.s.e.ExperimentTaskContext] [testCompleteVariantFailure] All 2 variants failed for search config test-search-config in experiment test-experiment with query 'test query' - continuing experiment
    [2025-11-21T11:35:01,951][INFO ][o.o.s.e.ExperimentTaskContextTests] [testCompleteVariantFailure] after test

ExperimentTaskContextTests > testScheduleVariantWriteFailure STANDARD_OUT
    [2025-11-21T11:35:01,954][INFO ][o.o.s.e.ExperimentTaskContextTests] [testScheduleVariantWriteFailure] before test
    [2025-11-21T11:35:01,955][INFO ][o.o.s.e.ExperimentTaskContext] [testScheduleVariantWriteFailure] TaskContext initialized for experiment test-experiment with 1 variants

SearchRelevanceIndicesManagerTests > testPutDocWhenSucceeded STANDARD_OUT
    [2025-11-21T20:35:01,968][INFO ][o.o.s.i.SearchRelevanceIndicesManagerTests] [testPutDocWhenSucceeded] after test

SearchRelevanceIndicesManagerTests > testGetDocByDocIdWhenFailed STANDARD_OUT
    [2025-11-21T20:35:01,973][INFO ][o.o.s.i.SearchRelevanceIndicesManagerTests] [testGetDocByDocIdWhenFailed] before test
    [2025-11-21T20:35:01,975][INFO ][o.o.s.i.SearchRelevanceIndicesManager] [testGetDocByDocIdWhenFailed] Successfully get doc id [non_existent_id]
    [2025-11-21T20:35:01,976][INFO ][o.o.s.i.SearchRelevanceIndicesManagerTests] [testGetDocByDocIdWhenFailed] after test

ExperimentTaskContextTests > testScheduleVariantWriteFailure STANDARD_OUT
    [2025-11-21T11:35:02,029][ERROR][o.o.s.e.ExperimentTaskContext] [[ForkJoinPool.commonPool-worker-1]] write failed for variant variant-1: Write failed
    [2025-11-21T11:35:02,041][INFO ][o.o.s.e.ExperimentTaskContextTests] [testScheduleVariantWriteFailure] after test

ExperimentTaskContextTests > testConcurrentVariantCompletions STANDARD_OUT
    [2025-11-21T11:35:02,046][INFO ][o.o.s.e.ExperimentTaskContextTests] [testConcurrentVariantCompletions] before test
    [2025-11-21T11:35:02,047][INFO ][o.o.s.e.ExperimentTaskContext] [testConcurrentVariantCompletions] TaskContext initialized for experiment test-experiment with 100 variants
    [2025-11-21T11:35:02,058][WARN ][o.o.s.e.ExperimentTaskContext] [[Thread-103]] Partial failure for search config test-search-config in experiment test-experiment with query 'test query': 67/100 variants succeeded
    [2025-11-21T11:35:02,059][INFO ][o.o.s.e.ExperimentTaskContextTests] [testConcurrentVariantCompletions] after test

ExperimentTaskContextTests > testScheduleVariantWriteSuccess STANDARD_OUT
    [2025-11-21T11:35:02,063][INFO ][o.o.s.e.ExperimentTaskContextTests] [testScheduleVariantWriteSuccess] before test
    [2025-11-21T11:35:02,064][INFO ][o.o.s.e.ExperimentTaskContext] [testScheduleVariantWriteSuccess] TaskContext initialized for experiment test-experiment with 1 variants

RestCreateQuerySetActionTests > testPrepareRequest_WorkbenchEnabled_Failure STANDARD_OUT
    [2025-11-21T21:35:02,093][WARN ][r.suppressed             ] [testPrepareRequest_WorkbenchEnabled_Failure] path: /_plugins/_search_relevance/query_sets, params: {}
    java.io.IOException: Test exception
    	at org.opensearch.searchrelevance.rest.RestCreateQuerySetActionTests.lambda$testPrepareRequest_WorkbenchEnabled_Failure$1(RestCreateQuerySetActionTests.java:97) ~[test/:?]
    	at org.mockito.internal.stubbing.StubbedInvocationMatcher.answer(StubbedInvocationMatcher.java:42) ~[mockito-core-5.16.1.jar:?]
    	at org.mockito.internal.handler.MockHandlerImpl.handle(MockHandlerImpl.java:103) ~[mockito-core-5.16.1.jar:?]
    	at org.mockito.internal.handler.NullResultGuardian.handle(NullResultGuardian.java:29) ~[mockito-core-5.16.1.jar:?]
    	at org.mockito.internal.handler.InvocationNotifierHandler.handle(InvocationNotifierHandler.java:34) ~[mockito-core-5.16.1.jar:?]
    	at org.mockito.internal.creation.bytebuddy.access.MockMethodInterceptor.doIntercept(MockMethodInterceptor.java:84) ~[mockito-core-5.16.1.jar:?]
    	at org.mockito.internal.creation.bytebuddy.access.MockMethodInterceptor.doIntercept(MockMethodInterceptor.java:58) ~[mockito-core-5.16.1.jar:?]
    	at org.mockito.internal.creation.bytebuddy.access.MockMethodInterceptor$DispatcherDefaultingToRealMethod.interceptSuperCallable(MockMethodInterceptor.java:147) ~[mockito-core-5.16.1.jar:?]
    	at org.opensearch.transport.client.node.NodeClient$MockitoMock$BjAew2y3.doExecute(Unknown Source) ~[opensearch-3.3.0-SNAPSHOT.jar:3.3.0-SNAPSHOT]
    	at org.opensearch.transport.client.support.AbstractClient.execute(AbstractClient.java:501) ~[opensearch-3.3.0-SNAPSHOT.jar:3.3.0-SNAPSHOT]
    	at org.opensearch.searchrelevance.rest.RestCreateQuerySetAction.lambda$prepareRequest$4(RestCreateQuerySetAction.java:97) ~[opensearch-search-relevance-3.3.0.0-SNAPSHOT.jar:?]
    	at org.opensearch.rest.BaseRestHandler.handleRequest(BaseRestHandler.java:132) ~[opensearch-3.3.0-SNAPSHOT.jar:3.3.0-SNAPSHOT]
    	at org.opensearch.searchrelevance.rest.RestCreateQuerySetActionTests.testPrepareRequest_WorkbenchEnabled_Failure(RestCreateQuerySetActionTests.java:102) ~[test/:?]
    	at java.base/jdk.internal.reflect.DirectMethodHandleAccessor.invoke(DirectMethodHandleAccessor.java:103) ~[?:?]
    	at java.base/java.lang.reflect.Method.invoke(Method.java:580) ~[?:?]
    	at com.carrotsearch.randomizedtesting.RandomizedRunner.invoke(RandomizedRunner.java:1750) ~[randomizedtesting-runner-2.7.1.jar:?]
    	at com.carrotsearch.randomizedtesting.RandomizedRunner$8.evaluate(RandomizedRunner.java:938) ~[randomizedtesting-runner-2.7.1.jar:?]
    	at com.carrotsearch.randomizedtesting.RandomizedRunner$9.evaluate(RandomizedRunner.java:974) ~[randomizedtesting-runner-2.7.1.jar:?]
    	at com.carrotsearch.randomizedtesting.RandomizedRunner$10.evaluate(RandomizedRunner.java:988) ~[randomizedtesting-runner-2.7.1.jar:?]
    	at com.carrotsearch.randomizedtesting.rules.StatementAdapter.evaluate(StatementAdapter.java:36) ~[randomizedtesting-runner-2.7.1.jar:?]
    	at org.junit.rules.RunRules.evaluate(RunRules.java:20) ~[junit-4.13.2.jar:4.13.2]
    	at org.apache.lucene.tests.util.TestRuleSetupTeardownChained$1.evaluate(TestRuleSetupTeardownChained.java:48) ~[lucene-test-framework-10.3.1.jar:10.3.1 51190f35a16d2ce433139abfe0fd8365791b352a - 2025-10-02 09:50:16]
    	at org.apache.lucene.tests.util.AbstractBeforeAfterRule$1.evaluate(AbstractBeforeAfterRule.java:43) ~[lucene-test-framework-10.3.1.jar:10.3.1 51190f35a16d2ce433139abfe0fd8365791b352a - 2025-10-02 09:50:16]
    	at org.apache.lucene.tests.util.TestRuleThreadAndTestName$1.evaluate(TestRuleThreadAndTestName.java:45) ~[lucene-test-framework-10.3.1.jar:10.3.1 51190f35a16d2ce433139abfe0fd8365791b352a - 2025-10-02 09:50:16]
    	at org.apache.lucene.tests.util.TestRuleIgnoreAfterMaxFailures$1.evaluate(TestRuleIgnoreAfterMaxFailures.java:60) ~[lucene-test-framework-10.3.1.jar:10.3.1 51190f35a16d2ce433139abfe0fd8365791b352a - 2025-10-02 09:50:16]
    	at org.apache.lucene.tests.util.TestRuleMarkFailure$1.evaluate(TestRuleMarkFailure.java:44) ~[lucene-test-framework-10.3.1.jar:10.3.1 51190f35a16d2ce433139abfe0fd8365791b352a - 2025-10-02 09:50:16]
    	at org.junit.rules.RunRules.evaluate(RunRules.java:20) ~[junit-4.13.2.jar:4.13.2]
    	at com.carrotsearch.randomizedtesting.rules.StatementAdapter.evaluate(StatementAdapter.java:36) ~[randomizedtesting-runner-2.7.1.jar:?]
    	at com.carrotsearch.randomizedtesting.ThreadLeakControl$StatementRunner.run(ThreadLeakControl.java:368) ~[randomizedtesting-runner-2.7.1.jar:?]
    	at com.carrotsearch.randomizedtesting.ThreadLeakControl.forkTimeoutingTask(ThreadLeakControl.java:817) ~[randomizedtesting-runner-2.7.1.jar:?]
    	at com.carrotsearch.randomizedtesting.ThreadLeakControl$3.evaluate(ThreadLeakControl.java:468) ~[randomizedtesting-runner-2.7.1.jar:?]
    	at com.carrotsearch.randomizedtesting.RandomizedRunner.runSingleTest(RandomizedRunner.java:947) ~[randomizedtesting-runner-2.7.1.jar:?]
    	at com.carrotsearch.randomizedtesting.RandomizedRunner$5.evaluate(RandomizedRunner.java:832) ~[randomizedtesting-runner-2.7.1.jar:?]
    	at com.carrotsearch.randomizedtesting.RandomizedRunner$6.evaluate(RandomizedRunner.java:883) ~[randomizedtesting-runner-2.7.1.jar:?]
    	at com.carrotsearch.randomizedtesting.RandomizedRunner$7.evaluate(RandomizedRunner.java:894) ~[randomizedtesting-runner-2.7.1.jar:?]
    	at org.apache.lucene.tests.util.AbstractBeforeAfterRule$1.evaluate(AbstractBeforeAfterRule.java:43) ~[lucene-test-framework-10.3.1.jar:10.3.1 51190f35a16d2ce433139abfe0fd8365791b352a - 2025-10-02 09:50:16]
    	at com.carrotsearch.randomizedtesting.rules.StatementAdapter.evaluate(StatementAdapter.java:36) ~[randomizedtesting-runner-2.7.1.jar:?]
    	at org.apache.lucene.tests.util.TestRuleStoreClassName$1.evaluate(TestRuleStoreClassName.java:38) ~[lucene-test-framework-10.3.1.jar:10.3.1 51190f35a16d2ce433139abfe0fd8365791b352a - 2025-10-02 09:50:16]
    	at com.carrotsearch.randomizedtesting.rules.NoShadowingOrOverridesOnMethodsRule$1.evaluate(NoShadowingOrOverridesOnMethodsRule.java:40) ~[randomizedtesting-runner-2.7.1.jar:?]
    	at com.carrotsearch.randomizedtesting.rules.NoShadowingOrOverridesOnMethodsRule$1.evaluate(NoShadowingOrOverridesOnMethodsRule.java:40) ~[randomizedtesting-runner-2.7.1.jar:?]
    	at com.carrotsearch.randomizedtesting.rules.StatementAdapter.evaluate(StatementAdapter.java:36) ~[randomizedtesting-runner-2.7.1.jar:?]
    	at com.carrotsearch.randomizedtesting.rules.StatementAdapter.evaluate(StatementAdapter.java:36) ~[randomizedtesting-runner-2.7.1.jar:?]
    	at org.apache.lucene.tests.util.TestRuleAssertionsRequired$1.evaluate(TestRuleAssertionsRequired.java:53) ~[lucene-test-framework-10.3.1.jar:10.3.1 51190f35a16d2ce433139abfe0fd8365791b352a - 2025-10-02 09:50:16]
    	at org.apache.lucene.tests.util.AbstractBeforeAfterRule$1.evaluate(AbstractBeforeAfterRule.java:43) ~[lucene-test-framework-10.3.1.jar:10.3.1 51190f35a16d2ce433139abfe0fd8365791b352a - 2025-10-02 09:50:16]
    	at org.apache.lucene.tests.util.TestRuleMarkFailure$1.evaluate(TestRuleMarkFailure.java:44) ~[lucene-test-framework-10.3.1.jar:10.3.1 51190f35a16d2ce433139abfe0fd8365791b352a - 2025-10-02 09:50:16]
    	at org.apache.lucene.tests.util.TestRuleIgnoreAfterMaxFailures$1.evaluate(TestRuleIgnoreAfterMaxFailures.java:60) ~[lucene-test-framework-10.3.1.jar:10.3.1 51190f35a16d2ce433139abfe0fd8365791b352a - 2025-10-02 09:50:16]
    	at org.apache.lucene.tests.util.TestRuleIgnoreTestSuites$1.evaluate(TestRuleIgnoreTestSuites.java:47) ~[lucene-test-framework-10.3.1.jar:10.3.1 51190f35a16d2ce433139abfe0fd8365791b352a - 2025-10-02 09:50:16]
    	at org.junit.rules.RunRules.evaluate(RunRules.java:20) ~[junit-4.13.2.jar:4.13.2]
    	at com.carrotsearch.randomizedtesting.rules.StatementAdapter.evaluate(StatementAdapter.java:36) ~[randomizedtesting-runner-2.7.1.jar:?]
    	at com.carrotsearch.randomizedtesting.ThreadLeakControl$StatementRunner.run(ThreadLeakControl.java:368) ~[randomizedtesting-runner-2.7.1.jar:?]
    	at java.base/java.lang.Thread.run(Thread.java:1583) [?:?]
    [2025-11-21T21:35:02,110][INFO ][o.o.s.r.RestCreateQuerySetActionTests] [testPrepareRequest_WorkbenchEnabled_Failure] after test

RestCreateQuerySetActionTests > testPrepareRequest_WorkbenchDisabled STANDARD_OUT
    [2025-11-21T21:35:02,112][INFO ][o.o.s.r.RestCreateQuerySetActionTests] [testPrepareRequest_WorkbenchDisabled] before test
    [2025-11-21T21:35:02,114][INFO ][o.o.s.r.RestCreateQuerySetActionTests] [testPrepareRequest_WorkbenchDisabled] after test

RestCreateQuerySetActionTests > testPrepareRequest_DefaultValues STANDARD_OUT
    [2025-11-21T21:35:02,116][INFO ][o.o.s.r.RestCreateQuerySetActionTests] [testPrepareRequest_DefaultValues] before test

ExperimentTaskManagerTests > testConcurrencyLimitBoundaries STANDARD_OUT
    [2025-11-22T05:35:02,142][INFO ][o.o.s.e.ExperimentTaskManagerTests] [testConcurrencyLimitBoundaries] before test
    [2025-11-22T05:35:02,151][INFO ][o.o.s.e.ExperimentTaskManager] [testConcurrencyLimitBoundaries] ExperimentTaskManager initialized with max 6 concurrent tasks (processors: 12)
    [2025-11-22T05:35:02,152][INFO ][o.o.s.e.ExperimentTaskManagerTests] [testConcurrencyLimitBoundaries] after test

ExperimentTaskManagerTests > testDynamicConcurrencyControlInitialization STANDARD_OUT
    [2025-11-22T05:35:02,161][INFO ][o.o.s.e.ExperimentTaskManagerTests] [testDynamicConcurrencyControlInitialization] before test
    [2025-11-22T05:35:02,164][INFO ][o.o.s.e.ExperimentTaskManager] [testDynamicConcurrencyControlInitialization] ExperimentTaskManager initialized with max 6 concurrent tasks (processors: 12)
    [2025-11-22T05:35:02,165][INFO ][o.o.s.e.ExperimentTaskManagerTests] [testDynamicConcurrencyControlInitialization] after test

ExperimentTaskContextTests > testScheduleVariantWriteSuccess STANDARD_OUT
    [2025-11-21T11:35:02,169][INFO ][o.o.s.e.ExperimentTaskContextTests] [testScheduleVariantWriteSuccess] after test

ExperimentTaskContextTests > testCompleteVariantSuccess STANDARD_OUT
    [2025-11-21T11:35:02,174][INFO ][o.o.s.e.ExperimentTaskContextTests] [testCompleteVariantSuccess] before test
    [2025-11-21T11:35:02,175][INFO ][o.o.s.e.ExperimentTaskContext] [testCompleteVariantSuccess] TaskContext initialized for experiment test-experiment with 2 variants

RestCreateQuerySetActionTests > testPrepareRequest_DefaultValues STANDARD_OUT
    [2025-11-21T21:35:02,175][INFO ][o.o.s.r.RestCreateQuerySetActionTests] [testPrepareRequest_DefaultValues] after test

ExperimentTaskContextTests > testCompleteVariantSuccess STANDARD_OUT
    [2025-11-21T11:35:02,175][INFO ][o.o.s.e.ExperimentTaskContextTests] [testCompleteVariantSuccess] after test

RestCreateQuerySetActionTests > testPrepareRequest_WorkbenchEnabled_Success STANDARD_OUT
    [2025-11-21T21:35:02,178][INFO ][o.o.s.r.RestCreateQuerySetActionTests] [testPrepareRequest_WorkbenchEnabled_Success] before test

MLAccessorTests > testMessageFormattingWithSpecialCharacters STANDARD_OUT
    [2025-11-22T00:35:02,178][INFO ][o.o.s.m.MLAccessorTests  ] [testMessageFormattingWithSpecialCharacters] before test

ExperimentTaskContextTests > testMixedSuccessAndFailure STANDARD_OUT
    [2025-11-21T11:35:02,179][INFO ][o.o.s.e.ExperimentTaskContextTests] [testMixedSuccessAndFailure] before test
    [2025-11-21T11:35:02,180][INFO ][o.o.s.e.ExperimentTaskContext] [testMixedSuccessAndFailure] TaskContext initialized for experiment test-experiment with 3 variants
    [2025-11-21T11:35:02,181][WARN ][o.o.s.e.ExperimentTaskContext] [testMixedSuccessAndFailure] Partial failure for search config test-search-config in experiment test-experiment with query 'test query': 2/3 variants succeeded
    [2025-11-21T11:35:02,181][INFO ][o.o.s.e.ExperimentTaskContextTests] [testMixedSuccessAndFailure] after test

ExperimentTaskContextTests > testTaskContextInitialization STANDARD_OUT
    [2025-11-21T11:35:02,185][INFO ][o.o.s.e.ExperimentTaskContextTests] [testTaskContextInitialization] before test
    [2025-11-21T11:35:02,185][INFO ][o.o.s.e.ExperimentTaskContext] [testTaskContextInitialization] TaskContext initialized for experiment test-experiment-id with 3 variants
    [2025-11-21T11:35:02,186][INFO ][o.o.s.e.ExperimentTaskContextTests] [testTaskContextInitialization] after test

ExperimentTaskContextTests > testAllVariantsFailed STANDARD_OUT
    [2025-11-21T11:35:02,190][INFO ][o.o.s.e.ExperimentTaskContextTests] [testAllVariantsFailed] before test
    [2025-11-21T11:35:02,191][INFO ][o.o.s.e.ExperimentTaskContext] [testAllVariantsFailed] TaskContext initialized for experiment test-experiment with 2 variants
    [2025-11-21T11:35:02,191][ERROR][o.o.s.e.ExperimentTaskContext] [testAllVariantsFailed] All 2 variants failed for search config test-search-config in experiment test-experiment with query 'test query' - continuing experiment
    [2025-11-21T11:35:02,192][INFO ][o.o.s.e.ExperimentTaskContextTests] [testAllVariantsFailed] after test

MLAccessorTests > testMessageFormattingWithSpecialCharacters STANDARD_OUT
    [2025-11-22T00:35:02,205][INFO ][o.o.s.m.MLAccessorTests  ] [testMessageFormattingWithSpecialCharacters] after test

MLAccessorTests > testMessageFormattingWithMultipleHits STANDARD_OUT
    [2025-11-22T00:35:02,206][INFO ][o.o.s.m.MLAccessorTests  ] [testMessageFormattingWithMultipleHits] before test

RestCreateQuerySetActionTests > testPrepareRequest_WorkbenchEnabled_Success STANDARD_OUT
    [2025-11-21T21:35:02,208][INFO ][o.o.s.r.RestCreateQuerySetActionTests] [testPrepareRequest_WorkbenchEnabled_Success] after test

MLAccessorTests > testMessageFormattingWithMultipleHits STANDARD_OUT
    [2025-11-22T00:35:02,210][INFO ][o.o.s.m.MLAccessorTests  ] [testMessageFormattingWithMultipleHits] after test

MLAccessorTests > testMessageFormatting STANDARD_OUT
    [2025-11-22T00:35:02,213][INFO ][o.o.s.m.MLAccessorTests  ] [testMessageFormatting] before test
    [2025-11-22T00:35:02,215][INFO ][o.o.s.m.MLAccessorTests  ] [testMessageFormatting] after test

ExperimentTaskManagerTests > testScheduledTaskAsyncWithCancellation STANDARD_OUT
    [2025-11-22T05:35:02,232][INFO ][o.o.s.e.ExperimentTaskManagerTests] [testScheduledTaskAsyncWithCancellation] before test
    [2025-11-22T05:35:02,233][INFO ][o.o.s.e.ExperimentTaskManager] [testScheduledTaskAsyncWithCancellation] ExperimentTaskManager initialized with max 6 concurrent tasks (processors: 12)

ExperimentOptionsFactoryTests > testCreateExperimentOptions_whenInvalidHybridSearchOptions_thenFail STANDARD_OUT
    [2025-11-21T14:35:02,230][INFO ][o.o.s.e.ExperimentOptionsFactoryTests] [testCreateExperimentOptions_whenInvalidHybridSearchOptions_thenFail] before test
    [2025-11-21T14:35:02,236][INFO ][o.o.s.e.ExperimentOptionsFactoryTests] [testCreateExperimentOptions_whenInvalidHybridSearchOptions_thenFail] after test

ExperimentOptionsFactoryTests > testCreateExperimentOptions_whenValidHybridSearchOptions_thenSuccessful STANDARD_OUT
    [2025-11-21T14:35:02,238][INFO ][o.o.s.e.ExperimentOptionsFactoryTests] [testCreateExperimentOptions_whenValidHybridSearchOptions_thenSuccessful] before test
    [2025-11-21T14:35:02,239][INFO ][o.o.s.e.ExperimentOptionsFactoryTests] [testCreateExperimentOptions_whenValidHybridSearchOptions_thenSuccessful] after test

ExperimentTaskManagerTests > testScheduledTaskAsyncWithCancellation STANDARD_OUT
    [2025-11-22T05:35:02,240][INFO ][o.o.s.e.ExperimentTaskContext] [testScheduledTaskAsyncWithCancellation] TaskContext initialized for experiment test-experiment with 1 variants
    [2025-11-22T05:35:02,240][INFO ][o.o.s.e.ExperimentTaskManager] [testScheduledTaskAsyncWithCancellation] Scheduling 1 HYBRID_OPTIMIZER experiment tasks for experiment test-experiment with non-blocking concurrency
    [2025-11-22T05:35:02,242][INFO ][o.o.s.e.ExperimentTaskManager] [testScheduledTaskAsyncWithCancellation] Cancelled when scheduling variant task for experiment id test-experiment
    [2025-11-22T05:35:02,243][INFO ][o.o.s.e.ExperimentTaskManagerTests] [testScheduledTaskAsyncWithCancellation] after test

ExperimentTaskManagerTests > testConcurrencyMetricsConsistency STANDARD_OUT
    [2025-11-22T05:35:02,245][INFO ][o.o.s.e.ExperimentTaskManagerTests] [testConcurrencyMetricsConsistency] before test
    [2025-11-22T05:35:02,245][INFO ][o.o.s.e.ExperimentTaskManager] [testConcurrencyMetricsConsistency] ExperimentTaskManager initialized with max 6 concurrent tasks (processors: 12)
    [2025-11-22T05:35:02,246][INFO ][o.o.s.e.ExperimentTaskManagerTests] [testConcurrencyMetricsConsistency] after test

RestGetSearchConfigurationActionTests > testListSearchConfigurations_Success STANDARD_OUT
    [2025-11-21T21:35:02,243][INFO ][o.o.s.r.RestGetSearchConfigurationActionTests] [testListSearchConfigurations_Success] before test

RestDeleteQuerySetActionTests > testDeleteQuerySet_NotFound STANDARD_OUT
    [2025-11-22T03:35:02,249][INFO ][o.o.s.r.RestDeleteQuerySetActionTests] [testDeleteQuerySet_NotFound] before test

SearchRelevanceIndicesTests > testPropertiesOfEnumItems STANDARD_OUT
    [2025-11-21T21:35:02,268][INFO ][o.o.s.i.SearchRelevanceIndicesTests] [testPropertiesOfEnumItems] before test

ExperimentTaskManagerTests > testDynamicConcurrencyScaling STANDARD_OUT
    [2025-11-22T05:35:02,282][INFO ][o.o.s.e.ExperimentTaskManagerTests] [testDynamicConcurrencyScaling] before test
    [2025-11-22T05:35:02,285][INFO ][o.o.s.e.ExperimentTaskManager] [testDynamicConcurrencyScaling] ExperimentTaskManager initialized with max 6 concurrent tasks (processors: 12)
    [2025-11-22T05:35:02,285][INFO ][o.o.s.e.ExperimentTaskManagerTests] [testDynamicConcurrencyScaling] after test

ExperimentTaskManagerTests > testScheduleTasksWithMultipleConfigsShouldWaitForAll STANDARD_OUT
    [2025-11-22T05:35:02,291][INFO ][o.o.s.e.ExperimentTaskManagerTests] [testScheduleTasksWithMultipleConfigsShouldWaitForAll] before test

SearchRelevanceIndicesTests > testPropertiesOfEnumItems STANDARD_OUT
    [2025-11-21T21:35:02,291][INFO ][o.o.s.i.SearchRelevanceIndicesTests] [testPropertiesOfEnumItems] after test

ExperimentTaskManagerTests > testScheduleTasksWithMultipleConfigsShouldWaitForAll STANDARD_OUT
    [2025-11-22T05:35:02,293][INFO ][o.o.s.e.ExperimentTaskManagerTests] [testScheduleTasksWithMultipleConfigsShouldWaitForAll] after test

SearchRelevanceIndicesTests > testProtectedFlag STANDARD_OUT
    [2025-11-21T21:35:02,294][INFO ][o.o.s.i.SearchRelevanceIndicesTests] [testProtectedFlag] before test
    [2025-11-21T21:35:02,295][INFO ][o.o.s.i.SearchRelevanceIndicesTests] [testProtectedFlag] after test

ExperimentTaskManagerTests > testConcurrencyLimitCalculationLogic STANDARD_OUT
    [2025-11-22T05:35:02,296][INFO ][o.o.s.e.ExperimentTaskManagerTests] [testConcurrencyLimitCalculationLogic] before test
    [2025-11-22T05:35:02,296][INFO ][o.o.s.e.ExperimentTaskManager] [testConcurrencyLimitCalculationLogic] ExperimentTaskManager initialized with max 6 concurrent tasks (processors: 12)
    [2025-11-22T05:35:02,296][INFO ][o.o.s.e.ExperimentTaskManagerTests] [testConcurrencyLimitCalculationLogic] after test

ExperimentTaskManagerTests > testScheduleTasksWithValidInputShouldTrackCompletions STANDARD_OUT
    [2025-11-22T05:35:02,298][INFO ][o.o.s.e.ExperimentTaskManagerTests] [testScheduleTasksWithValidInputShouldTrackCompletions] before test
    [2025-11-22T05:35:02,300][INFO ][o.o.s.e.ExperimentTaskManagerTests] [testScheduleTasksWithValidInputShouldTrackCompletions] after test

ExperimentTaskManagerTests > testConfigMapInitialization STANDARD_OUT
    [2025-11-22T05:35:02,302][INFO ][o.o.s.e.ExperimentTaskManagerTests] [testConfigMapInitialization] before test
    [2025-11-22T05:35:02,303][INFO ][o.o.s.e.ExperimentTaskManager] [testConfigMapInitialization] ExperimentTaskManager initialized with max 6 concurrent tasks (processors: 12)
    [2025-11-22T05:35:02,303][INFO ][o.o.s.e.ExperimentTaskContext] [testConfigMapInitialization] TaskContext initialized for experiment test-experiment with 1 variants
    [2025-11-22T05:35:02,303][INFO ][o.o.s.e.ExperimentTaskManager] [testConfigMapInitialization] Scheduling 1 HYBRID_OPTIMIZER experiment tasks for experiment test-experiment with non-blocking concurrency
    [2025-11-22T05:35:02,307][INFO ][o.o.s.e.ExperimentTaskManagerTests] [testConfigMapInitialization] after test

RestGetSearchConfigurationActionTests > testListSearchConfigurations_Success STANDARD_OUT
    [2025-11-21T21:35:02,309][INFO ][o.o.s.r.RestGetSearchConfigurationActionTests] [testListSearchConfigurations_Success] after test

RestGetSearchConfigurationActionTests > testPrepareRequest_WorkbenchDisabled STANDARD_OUT
    [2025-11-21T21:35:02,310][INFO ][o.o.s.r.RestGetSearchConfigurationActionTests] [testPrepareRequest_WorkbenchDisabled] before test
    [2025-11-21T21:35:02,313][INFO ][o.o.s.r.RestGetSearchConfigurationActionTests] [testPrepareRequest_WorkbenchDisabled] after test

RestGetSearchConfigurationActionTests > testSearchConfiguration_WithSearchParams STANDARD_OUT
    [2025-11-21T21:35:02,316][INFO ][o.o.s.r.RestGetSearchConfigurationActionTests] [testSearchConfiguration_WithSearchParams] before test
    [2025-11-21T21:35:02,319][INFO ][o.o.s.r.RestGetSearchConfigurationActionTests] [testSearchConfiguration_WithSearchParams] after test

RestGetSearchConfigurationActionTests > testSearchConfiguration_Failure STANDARD_OUT
    [2025-11-21T21:35:02,321][INFO ][o.o.s.r.RestGetSearchConfigurationActionTests] [testSearchConfiguration_Failure] before test
    [2025-11-21T21:35:02,323][WARN ][r.suppressed             ] [testSearchConfiguration_Failure] path: /_plugins/_search_relevance/search_configurations/null, params: {}
    java.io.IOException: Test exception
    	at org.opensearch.searchrelevance.rest.RestGetSearchConfigurationActionTests.lambda$testSearchConfiguration_Failure$3(RestGetSearchConfigurationActionTests.java:139) ~[test/:?]
    	at org.mockito.internal.stubbing.StubbedInvocationMatcher.answer(StubbedInvocationMatcher.java:42) ~[mockito-core-5.16.1.jar:?]
    	at org.mockito.internal.handler.MockHandlerImpl.handle(MockHandlerImpl.java:103) ~[mockito-core-5.16.1.jar:?]
    	at org.mockito.internal.handler.NullResultGuardian.handle(NullResultGuardian.java:29) ~[mockito-core-5.16.1.jar:?]
    	at org.mockito.internal.handler.InvocationNotifierHandler.handle(InvocationNotifierHandler.java:34) ~[mockito-core-5.16.1.jar:?]
    	at org.mockito.internal.creation.bytebuddy.access.MockMethodInterceptor.doIntercept(MockMethodInterceptor.java:84) ~[mockito-core-5.16.1.jar:?]
    	at org.mockito.internal.creation.bytebuddy.access.MockMethodInterceptor.doIntercept(MockMethodInterceptor.java:58) ~[mockito-core-5.16.1.jar:?]
    	at org.mockito.internal.creation.bytebuddy.access.MockMethodInterceptor$DispatcherDefaultingToRealMethod.interceptSuperCallable(MockMethodInterceptor.java:147) ~[mockito-core-5.16.1.jar:?]
    	at org.opensearch.transport.client.node.NodeClient$MockitoMock$BjAew2y3.doExecute(Unknown Source) ~[opensearch-3.3.0-SNAPSHOT.jar:3.3.0-SNAPSHOT]
    	at org.opensearch.transport.client.support.AbstractClient.execute(AbstractClient.java:501) ~[opensearch-3.3.0-SNAPSHOT.jar:3.3.0-SNAPSHOT]
    	at org.opensearch.searchrelevance.rest.RestGetSearchConfigurationAction.lambda$executeGetRequest$1(RestGetSearchConfigurationAction.java:84) ~[opensearch-search-relevance-3.3.0.0-SNAPSHOT.jar:?]
    	at org.opensearch.rest.BaseRestHandler.handleRequest(BaseRestHandler.java:132) ~[opensearch-3.3.0-SNAPSHOT.jar:3.3.0-SNAPSHOT]
    	at org.opensearch.searchrelevance.rest.RestGetSearchConfigurationActionTests.testSearchConfiguration_Failure(RestGetSearchConfigurationActionTests.java:144) ~[test/:?]
    	at java.base/jdk.internal.reflect.DirectMethodHandleAccessor.invoke(DirectMethodHandleAccessor.java:103) ~[?:?]
    	at java.base/java.lang.reflect.Method.invoke(Method.java:580) ~[?:?]
    	at com.carrotsearch.randomizedtesting.RandomizedRunner.invoke(RandomizedRunner.java:1750) ~[randomizedtesting-runner-2.7.1.jar:?]
    	at com.carrotsearch.randomizedtesting.RandomizedRunner$8.evaluate(RandomizedRunner.java:938) ~[randomizedtesting-runner-2.7.1.jar:?]
    	at com.carrotsearch.randomizedtesting.RandomizedRunner$9.evaluate(RandomizedRunner.java:974) ~[randomizedtesting-runner-2.7.1.jar:?]
    	at com.carrotsearch.randomizedtesting.RandomizedRunner$10.evaluate(RandomizedRunner.java:988) ~[randomizedtesting-runner-2.7.1.jar:?]
    	at com.carrotsearch.randomizedtesting.rules.StatementAdapter.evaluate(StatementAdapter.java:36) ~[randomizedtesting-runner-2.7.1.jar:?]
    	at org.junit.rules.RunRules.evaluate(RunRules.java:20) ~[junit-4.13.2.jar:4.13.2]
    	at org.apache.lucene.tests.util.TestRuleSetupTeardownChained$1.evaluate(TestRuleSetupTeardownChained.java:48) ~[lucene-test-framework-10.3.1.jar:10.3.1 51190f35a16d2ce433139abfe0fd8365791b352a - 2025-10-02 09:50:16]
    	at org.apache.lucene.tests.util.AbstractBeforeAfterRule$1.evaluate(AbstractBeforeAfterRule.java:43) ~[lucene-test-framework-10.3.1.jar:10.3.1 51190f35a16d2ce433139abfe0fd8365791b352a - 2025-10-02 09:50:16]
    	at org.apache.lucene.tests.util.TestRuleThreadAndTestName$1.evaluate(TestRuleThreadAndTestName.java:45) ~[lucene-test-framework-10.3.1.jar:10.3.1 51190f35a16d2ce433139abfe0fd8365791b352a - 2025-10-02 09:50:16]
    	at org.apache.lucene.tests.util.TestRuleIgnoreAfterMaxFailures$1.evaluate(TestRuleIgnoreAfterMaxFailures.java:60) ~[lucene-test-framework-10.3.1.jar:10.3.1 51190f35a16d2ce433139abfe0fd8365791b352a - 2025-10-02 09:50:16]
    	at org.apache.lucene.tests.util.TestRuleMarkFailure$1.evaluate(TestRuleMarkFailure.java:44) ~[lucene-test-framework-10.3.1.jar:10.3.1 51190f35a16d2ce433139abfe0fd8365791b352a - 2025-10-02 09:50:16]
    	at org.junit.rules.RunRules.evaluate(RunRules.java:20) ~[junit-4.13.2.jar:4.13.2]
    	at com.carrotsearch.randomizedtesting.rules.StatementAdapter.evaluate(StatementAdapter.java:36) ~[randomizedtesting-runner-2.7.1.jar:?]
    	at com.carrotsearch.randomizedtesting.ThreadLeakControl$StatementRunner.run(ThreadLeakControl.java:368) ~[randomizedtesting-runner-2.7.1.jar:?]
    	at com.carrotsearch.randomizedtesting.ThreadLeakControl.forkTimeoutingTask(ThreadLeakControl.java:817) ~[randomizedtesting-runner-2.7.1.jar:?]
    	at com.carrotsearch.randomizedtesting.ThreadLeakControl$3.evaluate(ThreadLeakControl.java:468) ~[randomizedtesting-runner-2.7.1.jar:?]
    	at com.carrotsearch.randomizedtesting.RandomizedRunner.runSingleTest(RandomizedRunner.java:947) ~[randomizedtesting-runner-2.7.1.jar:?]
    	at com.carrotsearch.randomizedtesting.RandomizedRunner$5.evaluate(RandomizedRunner.java:832) ~[randomizedtesting-runner-2.7.1.jar:?]
    	at com.carrotsearch.randomizedtesting.RandomizedRunner$6.evaluate(RandomizedRunner.java:883) ~[randomizedtesting-runner-2.7.1.jar:?]
    	at com.carrotsearch.randomizedtesting.RandomizedRunner$7.evaluate(RandomizedRunner.java:894) ~[randomizedtesting-runner-2.7.1.jar:?]
    	at org.apache.lucene.tests.util.AbstractBeforeAfterRule$1.evaluate(AbstractBeforeAfterRule.java:43) ~[lucene-test-framework-10.3.1.jar:10.3.1 51190f35a16d2ce433139abfe0fd8365791b352a - 2025-10-02 09:50:16]
    	at com.carrotsearch.randomizedtesting.rules.StatementAdapter.evaluate(StatementAdapter.java:36) ~[randomizedtesting-runner-2.7.1.jar:?]
    	at org.apache.lucene.tests.util.TestRuleStoreClassName$1.evaluate(TestRuleStoreClassName.java:38) ~[lucene-test-framework-10.3.1.jar:10.3.1 51190f35a16d2ce433139abfe0fd8365791b352a - 2025-10-02 09:50:16]
    	at com.carrotsearch.randomizedtesting.rules.NoShadowingOrOverridesOnMethodsRule$1.evaluate(NoShadowingOrOverridesOnMethodsRule.java:40) ~[randomizedtesting-runner-2.7.1.jar:?]
    	at com.carrotsearch.randomizedtesting.rules.NoShadowingOrOverridesOnMethodsRule$1.evaluate(NoShadowingOrOverridesOnMethodsRule.java:40) ~[randomizedtesting-runner-2.7.1.jar:?]
    	at com.carrotsearch.randomizedtesting.rules.StatementAdapter.evaluate(StatementAdapter.java:36) ~[randomizedtesting-runner-2.7.1.jar:?]
    	at com.carrotsearch.randomizedtesting.rules.StatementAdapter.evaluate(StatementAdapter.java:36) ~[randomizedtesting-runner-2.7.1.jar:?]
    	at org.apache.lucene.tests.util.TestRuleAssertionsRequired$1.evaluate(TestRuleAssertionsRequired.java:53) ~[lucene-test-framework-10.3.1.jar:10.3.1 51190f35a16d2ce433139abfe0fd8365791b352a - 2025-10-02 09:50:16]
    	at org.apache.lucene.tests.util.AbstractBeforeAfterRule$1.evaluate(AbstractBeforeAfterRule.java:43) ~[lucene-test-framework-10.3.1.jar:10.3.1 51190f35a16d2ce433139abfe0fd8365791b352a - 2025-10-02 09:50:16]
    	at org.apache.lucene.tests.util.TestRuleMarkFailure$1.evaluate(TestRuleMarkFailure.java:44) ~[lucene-test-framework-10.3.1.jar:10.3.1 51190f35a16d2ce433139abfe0fd8365791b352a - 2025-10-02 09:50:16]
    	at org.apache.lucene.tests.util.TestRuleIgnoreAfterMaxFailures$1.evaluate(TestRuleIgnoreAfterMaxFailures.java:60) ~[lucene-test-framework-10.3.1.jar:10.3.1 51190f35a16d2ce433139abfe0fd8365791b352a - 2025-10-02 09:50:16]
    	at org.apache.lucene.tests.util.TestRuleIgnoreTestSuites$1.evaluate(TestRuleIgnoreTestSuites.java:47) ~[lucene-test-framework-10.3.1.jar:10.3.1 51190f35a16d2ce433139abfe0fd8365791b352a - 2025-10-02 09:50:16]
    	at org.junit.rules.RunRules.evaluate(RunRules.java:20) ~[junit-4.13.2.jar:4.13.2]
    	at com.carrotsearch.randomizedtesting.rules.StatementAdapter.evaluate(StatementAdapter.java:36) ~[randomizedtesting-runner-2.7.1.jar:?]
    	at com.carrotsearch.randomizedtesting.ThreadLeakControl$StatementRunner.run(ThreadLeakControl.java:368) ~[randomizedtesting-runner-2.7.1.jar:?]
    	at java.base/java.lang.Thread.run(Thread.java:1583) [?:?]
    [2025-11-21T21:35:02,325][INFO ][o.o.s.r.RestGetSearchConfigurationActionTests] [testSearchConfiguration_Failure] after test

RestDeleteQuerySetActionTests > testDeleteQuerySet_NotFound STANDARD_OUT
    [2025-11-22T03:35:02,326][INFO ][o.o.s.r.RestDeleteQuerySetActionTests] [testDeleteQuerySet_NotFound] after test

RestDeleteQuerySetActionTests > testDeleteQuerySet_NullId STANDARD_OUT
    [2025-11-22T03:35:02,327][INFO ][o.o.s.r.RestDeleteQuerySetActionTests] [testDeleteQuerySet_NullId] before test

RestGetSearchConfigurationActionTests > testGetSpecificSearchConfiguration_Success STANDARD_OUT
    [2025-11-21T21:35:02,328][INFO ][o.o.s.r.RestGetSearchConfigurationActionTests] [testGetSpecificSearchConfiguration_Success] before test

RestDeleteQuerySetActionTests > testDeleteQuerySet_NullId STANDARD_OUT
    [2025-11-22T03:35:02,329][INFO ][o.o.s.r.RestDeleteQuerySetActionTests] [testDeleteQuerySet_NullId] after test

RestDeleteQuerySetActionTests > testPrepareRequest_WorkbenchDisabled STANDARD_OUT
    [2025-11-22T03:35:02,330][INFO ][o.o.s.r.RestDeleteQuerySetActionTests] [testPrepareRequest_WorkbenchDisabled] before test

RestGetSearchConfigurationActionTests > testGetSpecificSearchConfiguration_Success STANDARD_OUT
    [2025-11-21T21:35:02,331][INFO ][o.o.s.r.RestGetSearchConfigurationActionTests] [testGetSpecificSearchConfiguration_Success] after test

RestDeleteQuerySetActionTests > testPrepareRequest_WorkbenchDisabled STANDARD_OUT
    [2025-11-22T03:35:02,331][INFO ][o.o.s.r.RestDeleteQuerySetActionTests] [testPrepareRequest_WorkbenchDisabled] after test

RestDeleteQuerySetActionTests > testDeleteQuerySet_Success STANDARD_OUT
    [2025-11-22T03:35:02,332][INFO ][o.o.s.r.RestDeleteQuerySetActionTests] [testDeleteQuerySet_Success] before test
    [2025-11-22T03:35:02,334][INFO ][o.o.s.r.RestDeleteQuerySetActionTests] [testDeleteQuerySet_Success] after test

TokenizerUtilTests > testTruncateStringExceedingLimit STANDARD_OUT
    [2025-11-21T18:35:02,332][INFO ][o.o.s.m.TokenizerUtilTests] [testTruncateStringExceedingLimit] before test

RestDeleteQuerySetActionTests > testDeleteQuerySet_Failure STANDARD_OUT
    [2025-11-22T03:35:02,335][INFO ][o.o.s.r.RestDeleteQuerySetActionTests] [testDeleteQuerySet_Failure] before test
    [2025-11-22T03:35:02,338][WARN ][r.suppressed             ] [testDeleteQuerySet_Failure] path: /_plugins/_search_relevance/query_sets, params: {id=test_id}
    java.io.IOException: Test exception
    	at org.opensearch.searchrelevance.rest.RestDeleteQuerySetActionTests.lambda$testDeleteQuerySet_Failure$2(RestDeleteQuerySetActionTests.java:113) ~[test/:?]
    	at org.mockito.internal.stubbing.StubbedInvocationMatcher.answer(StubbedInvocationMatcher.java:42) ~[mockito-core-5.16.1.jar:?]
    	at org.mockito.internal.handler.MockHandlerImpl.handle(MockHandlerImpl.java:103) ~[mockito-core-5.16.1.jar:?]
    	at org.mockito.internal.handler.NullResultGuardian.handle(NullResultGuardian.java:29) ~[mockito-core-5.16.1.jar:?]
    	at org.mockito.internal.handler.InvocationNotifierHandler.handle(InvocationNotifierHandler.java:34) ~[mockito-core-5.16.1.jar:?]
    	at org.mockito.internal.creation.bytebuddy.access.MockMethodInterceptor.doIntercept(MockMethodInterceptor.java:84) ~[mockito-core-5.16.1.jar:?]
    	at org.mockito.internal.creation.bytebuddy.access.MockMethodInterceptor.doIntercept(MockMethodInterceptor.java:58) ~[mockito-core-5.16.1.jar:?]
    	at org.mockito.internal.creation.bytebuddy.access.MockMethodInterceptor$DispatcherDefaultingToRealMethod.interceptSuperCallable(MockMethodInterceptor.java:147) ~[mockito-core-5.16.1.jar:?]
    	at org.opensearch.transport.client.node.NodeClient$MockitoMock$fbv48zLD.doExecute(Unknown Source) ~[opensearch-3.3.0-SNAPSHOT.jar:3.3.0-SNAPSHOT]
    	at org.opensearch.transport.client.support.AbstractClient.execute(AbstractClient.java:501) ~[opensearch-3.3.0-SNAPSHOT.jar:3.3.0-SNAPSHOT]
    	at org.opensearch.searchrelevance.rest.RestDeleteQuerySetAction.lambda$prepareRequest$1(RestDeleteQuerySetAction.java:66) ~[opensearch-search-relevance-3.3.0.0-SNAPSHOT.jar:?]
    	at org.opensearch.rest.BaseRestHandler.handleRequest(BaseRestHandler.java:132) ~[opensearch-3.3.0-SNAPSHOT.jar:3.3.0-SNAPSHOT]
    	at org.opensearch.searchrelevance.rest.RestDeleteQuerySetActionTests.testDeleteQuerySet_Failure(RestDeleteQuerySetActionTests.java:118) ~[test/:?]
    	at java.base/jdk.internal.reflect.DirectMethodHandleAccessor.invoke(DirectMethodHandleAccessor.java:103) ~[?:?]
    	at java.base/java.lang.reflect.Method.invoke(Method.java:580) ~[?:?]
    	at com.carrotsearch.randomizedtesting.RandomizedRunner.invoke(RandomizedRunner.java:1750) ~[randomizedtesting-runner-2.7.1.jar:?]
    	at com.carrotsearch.randomizedtesting.RandomizedRunner$8.evaluate(RandomizedRunner.java:938) ~[randomizedtesting-runner-2.7.1.jar:?]
    	at com.carrotsearch.randomizedtesting.RandomizedRunner$9.evaluate(RandomizedRunner.java:974) ~[randomizedtesting-runner-2.7.1.jar:?]
    	at com.carrotsearch.randomizedtesting.RandomizedRunner$10.evaluate(RandomizedRunner.java:988) ~[randomizedtesting-runner-2.7.1.jar:?]
    	at com.carrotsearch.randomizedtesting.rules.StatementAdapter.evaluate(StatementAdapter.java:36) ~[randomizedtesting-runner-2.7.1.jar:?]
    	at org.junit.rules.RunRules.evaluate(RunRules.java:20) ~[junit-4.13.2.jar:4.13.2]
    	at org.apache.lucene.tests.util.TestRuleSetupTeardownChained$1.evaluate(TestRuleSetupTeardownChained.java:48) ~[lucene-test-framework-10.3.1.jar:10.3.1 51190f35a16d2ce433139abfe0fd8365791b352a - 2025-10-02 09:50:16]
    	at org.apache.lucene.tests.util.AbstractBeforeAfterRule$1.evaluate(AbstractBeforeAfterRule.java:43) ~[lucene-test-framework-10.3.1.jar:10.3.1 51190f35a16d2ce433139abfe0fd8365791b352a - 2025-10-02 09:50:16]
    	at org.apache.lucene.tests.util.TestRuleThreadAndTestName$1.evaluate(TestRuleThreadAndTestName.java:45) ~[lucene-test-framework-10.3.1.jar:10.3.1 51190f35a16d2ce433139abfe0fd8365791b352a - 2025-10-02 09:50:16]
    	at org.apache.lucene.tests.util.TestRuleIgnoreAfterMaxFailures$1.evaluate(TestRuleIgnoreAfterMaxFailures.java:60) ~[lucene-test-framework-10.3.1.jar:10.3.1 51190f35a16d2ce433139abfe0fd8365791b352a - 2025-10-02 09:50:16]
    	at org.apache.lucene.tests.util.TestRuleMarkFailure$1.evaluate(TestRuleMarkFailure.java:44) ~[lucene-test-framework-10.3.1.jar:10.3.1 51190f35a16d2ce433139abfe0fd8365791b352a - 2025-10-02 09:50:16]
    	at org.junit.rules.RunRules.evaluate(RunRules.java:20) ~[junit-4.13.2.jar:4.13.2]
    	at com.carrotsearch.randomizedtesting.rules.StatementAdapter.evaluate(StatementAdapter.java:36) ~[randomizedtesting-runner-2.7.1.jar:?]
    	at com.carrotsearch.randomizedtesting.ThreadLeakControl$StatementRunner.run(ThreadLeakControl.java:368) ~[randomizedtesting-runner-2.7.1.jar:?]
    	at com.carrotsearch.randomizedtesting.ThreadLeakControl.forkTimeoutingTask(ThreadLeakControl.java:817) ~[randomizedtesting-runner-2.7.1.jar:?]
    	at com.carrotsearch.randomizedtesting.ThreadLeakControl$3.evaluate(ThreadLeakControl.java:468) ~[randomizedtesting-runner-2.7.1.jar:?]
    	at com.carrotsearch.randomizedtesting.RandomizedRunner.runSingleTest(RandomizedRunner.java:947) ~[randomizedtesting-runner-2.7.1.jar:?]
    	at com.carrotsearch.randomizedtesting.RandomizedRunner$5.evaluate(RandomizedRunner.java:832) ~[randomizedtesting-runner-2.7.1.jar:?]
    	at com.carrotsearch.randomizedtesting.RandomizedRunner$6.evaluate(RandomizedRunner.java:883) ~[randomizedtesting-runner-2.7.1.jar:?]
    	at com.carrotsearch.randomizedtesting.RandomizedRunner$7.evaluate(RandomizedRunner.java:894) ~[randomizedtesting-runner-2.7.1.jar:?]
    	at org.apache.lucene.tests.util.AbstractBeforeAfterRule$1.evaluate(AbstractBeforeAfterRule.java:43) ~[lucene-test-framework-10.3.1.jar:10.3.1 51190f35a16d2ce433139abfe0fd8365791b352a - 2025-10-02 09:50:16]
    	at com.carrotsearch.randomizedtesting.rules.StatementAdapter.evaluate(StatementAdapter.java:36) ~[randomizedtesting-runner-2.7.1.jar:?]
    	at org.apache.lucene.tests.util.TestRuleStoreClassName$1.evaluate(TestRuleStoreClassName.java:38) ~[lucene-test-framework-10.3.1.jar:10.3.1 51190f35a16d2ce433139abfe0fd8365791b352a - 2025-10-02 09:50:16]
    	at com.carrotsearch.randomizedtesting.rules.NoShadowingOrOverridesOnMethodsRule$1.evaluate(NoShadowingOrOverridesOnMethodsRule.java:40) ~[randomizedtesting-runner-2.7.1.jar:?]
    	at com.carrotsearch.randomizedtesting.rules.NoShadowingOrOverridesOnMethodsRule$1.evaluate(NoShadowingOrOverridesOnMethodsRule.java:40) ~[randomizedtesting-runner-2.7.1.jar:?]
    	at com.carrotsearch.randomizedtesting.rules.StatementAdapter.evaluate(StatementAdapter.java:36) ~[randomizedtesting-runner-2.7.1.jar:?]
    	at com.carrotsearch.randomizedtesting.rules.StatementAdapter.evaluate(StatementAdapter.java:36) ~[randomizedtesting-runner-2.7.1.jar:?]
    	at org.apache.lucene.tests.util.TestRuleAssertionsRequired$1.evaluate(TestRuleAssertionsRequired.java:53) ~[lucene-test-framework-10.3.1.jar:10.3.1 51190f35a16d2ce433139abfe0fd8365791b352a - 2025-10-02 09:50:16]
    	at org.apache.lucene.tests.util.AbstractBeforeAfterRule$1.evaluate(AbstractBeforeAfterRule.java:43) ~[lucene-test-framework-10.3.1.jar:10.3.1 51190f35a16d2ce433139abfe0fd8365791b352a - 2025-10-02 09:50:16]
    	at org.apache.lucene.tests.util.TestRuleMarkFailure$1.evaluate(TestRuleMarkFailure.java:44) ~[lucene-test-framework-10.3.1.jar:10.3.1 51190f35a16d2ce433139abfe0fd8365791b352a - 2025-10-02 09:50:16]
    	at org.apache.lucene.tests.util.TestRuleIgnoreAfterMaxFailures$1.evaluate(TestRuleIgnoreAfterMaxFailures.java:60) ~[lucene-test-framework-10.3.1.jar:10.3.1 51190f35a16d2ce433139abfe0fd8365791b352a - 2025-10-02 09:50:16]
    	at org.apache.lucene.tests.util.TestRuleIgnoreTestSuites$1.evaluate(TestRuleIgnoreTestSuites.java:47) ~[lucene-test-framework-10.3.1.jar:10.3.1 51190f35a16d2ce433139abfe0fd8365791b352a - 2025-10-02 09:50:16]
    	at org.junit.rules.RunRules.evaluate(RunRules.java:20) ~[junit-4.13.2.jar:4.13.2]
    	at com.carrotsearch.randomizedtesting.rules.StatementAdapter.evaluate(StatementAdapter.java:36) ~[randomizedtesting-runner-2.7.1.jar:?]
    	at com.carrotsearch.randomizedtesting.ThreadLeakControl$StatementRunner.run(ThreadLeakControl.java:368) ~[randomizedtesting-runner-2.7.1.jar:?]
    	at java.base/java.lang.Thread.run(Thread.java:1583) [?:?]

ExperimentOptionsForHybridSearchTests > testGetParameterCombinations_whenEmptyTechniques_thenReturnEmptyList STANDARD_OUT
    [2025-11-22T05:35:02,338][INFO ][o.o.s.e.ExperimentOptionsForHybridSearchTests] [testGetParameterCombinations_whenEmptyTechniques_thenReturnEmptyList] before test

RestDeleteQuerySetActionTests > testDeleteQuerySet_Failure STANDARD_OUT
    [2025-11-22T03:35:02,342][INFO ][o.o.s.r.RestDeleteQuerySetActionTests] [testDeleteQuerySet_Failure] after test

ExperimentOptionsForHybridSearchTests > testGetParameterCombinations_whenEmptyTechniques_thenReturnEmptyList STANDARD_OUT
    [2025-11-22T05:35:02,344][INFO ][o.o.s.e.ExperimentOptionsForHybridSearchTests] [testGetParameterCombinations_whenEmptyTechniques_thenReturnEmptyList] after test

ExperimentOptionsForHybridSearchTests > testGetParameterCombinations_withConstantListOfCorrectValues_weightsAreRoundedToOneDecimal STANDARD_OUT
    [2025-11-22T05:35:02,346][INFO ][o.o.s.e.ExperimentOptionsForHybridSearchTests] [testGetParameterCombinations_withConstantListOfCorrectValues_weightsAreRoundedToOneDecimal] before test
    [2025-11-22T05:35:02,348][INFO ][o.o.s.e.ExperimentOptionsForHybridSearchTests] [testGetParameterCombinations_withConstantListOfCorrectValues_weightsAreRoundedToOneDecimal] after test

ExperimentOptionsForHybridSearchTests > testGetParameterCombinations_weightsAreRoundedToOneDecimal STANDARD_OUT
    [2025-11-22T05:35:02,350][INFO ][o.o.s.e.ExperimentOptionsForHybridSearchTests] [testGetParameterCombinations_weightsAreRoundedToOneDecimal] before test
    [2025-11-22T05:35:02,351][INFO ][o.o.s.e.ExperimentOptionsForHybridSearchTests] [testGetParameterCombinations_weightsAreRoundedToOneDecimal] after test

ExperimentOptionsForHybridSearchTests > testGetParameterCombinations_whenIncludeWeightsTrue_thenReturnAllCombinations STANDARD_OUT
    [2025-11-22T05:35:02,353][INFO ][o.o.s.e.ExperimentOptionsForHybridSearchTests] [testGetParameterCombinations_whenIncludeWeightsTrue_thenReturnAllCombinations] before test
    [2025-11-22T05:35:02,353][INFO ][o.o.s.e.ExperimentOptionsForHybridSearchTests] [testGetParameterCombinations_whenIncludeWeightsTrue_thenReturnAllCombinations] after test

ExperimentOptionsForHybridSearchTests > testExperimentOptionsForHybridSearch_gettersAndSetters STANDARD_OUT
    [2025-11-22T05:35:02,355][INFO ][o.o.s.e.ExperimentOptionsForHybridSearchTests] [testExperimentOptionsForHybridSearch_gettersAndSetters] before test
    [2025-11-22T05:35:02,356][INFO ][o.o.s.e.ExperimentOptionsForHybridSearchTests] [testExperimentOptionsForHybridSearch_gettersAndSetters] after test

ExperimentOptionsForHybridSearchTests > testGetParameterCombinations_whenIncludeWeightsFalse_thenReturnDefaultWeights STANDARD_OUT
    [2025-11-22T05:35:02,360][INFO ][o.o.s.e.ExperimentOptionsForHybridSearchTests] [testGetParameterCombinations_whenIncludeWeightsFalse_thenReturnDefaultWeights] before test
    [2025-11-22T05:35:02,361][INFO ][o.o.s.e.ExperimentOptionsForHybridSearchTests] [testGetParameterCombinations_whenIncludeWeightsFalse_thenReturnDefaultWeights] after test

ExperimentOptionsForHybridSearchTests > testGetParameterCombinations_withPreciseIncrements_shouldIncludeAllWeights STANDARD_OUT
    [2025-11-22T05:35:02,364][INFO ][o.o.s.e.ExperimentOptionsForHybridSearchTests] [testGetParameterCombinations_withPreciseIncrements_shouldIncludeAllWeights] before test
    [2025-11-22T05:35:02,366][INFO ][o.o.s.e.ExperimentOptionsForHybridSearchTests] [testGetParameterCombinations_withPreciseIncrements_shouldIncludeAllWeights] after test

ExperimentOptionsForHybridSearchTests > testWeightsRange_gettersAndSetters STANDARD_OUT
    [2025-11-22T05:35:02,367][INFO ][o.o.s.e.ExperimentOptionsForHybridSearchTests] [testWeightsRange_gettersAndSetters] before test
    [2025-11-22T05:35:02,368][INFO ][o.o.s.e.ExperimentOptionsForHybridSearchTests] [testWeightsRange_gettersAndSetters] after test

RestPostScheduledExperimentActionTests > testPrepareRequest_WorkbenchDisabled STANDARD_OUT
    [2025-11-21T14:35:02,368][INFO ][o.o.s.r.RestPostScheduledExperimentActionTests] [testPrepareRequest_WorkbenchDisabled] before test
    [2025-11-21T14:35:02,377][INFO ][o.o.s.r.RestPostScheduledExperimentActionTests] [testPrepareRequest_WorkbenchDisabled] after test

RestPostScheduledExperimentActionTests > testPrepareRequest_WorkbenchEnabled_Success STANDARD_OUT
    [2025-11-21T14:35:02,379][INFO ][o.o.s.r.RestPostScheduledExperimentActionTests] [testPrepareRequest_WorkbenchEnabled_Success] before test

RestSearchRelevanceStatsActionTests > test_execute_customParams_includePartial STANDARD_OUT
    [2025-11-21T18:35:02,377][INFO ][o.o.s.r.RestSearchRelevanceStatsActionTests] [test_execute_customParams_includePartial] before test

ImportJudgmentsProcessorTests > testGenerateJudgmentRatingWithInvalidRatingsType STANDARD_OUT
    [2025-11-22T00:35:02,394][INFO ][o.o.s.j.ImportJudgmentsProcessorTests] [testGenerateJudgmentRatingWithInvalidRatingsType] before test

RestPostScheduledExperimentActionTests > testPrepareRequest_WorkbenchEnabled_Success STANDARD_OUT
    [2025-11-21T14:35:02,416][WARN ][r.suppressed             ] [testPrepareRequest_WorkbenchEnabled_Success] path: /_plugins/_search_relevance/experiment/schedule, params: {}
    java.io.IOException: Test exception
    	at org.opensearch.searchrelevance.rest.RestPostScheduledExperimentActionTests.lambda$testPrepareRequest_WorkbenchEnabled_Success$0(RestPostScheduledExperimentActionTests.java:99) ~[test/:?]
    	at org.mockito.internal.stubbing.StubbedInvocationMatcher.answer(StubbedInvocationMatcher.java:42) ~[mockito-core-5.16.1.jar:?]
    	at org.mockito.internal.handler.MockHandlerImpl.handle(MockHandlerImpl.java:103) ~[mockito-core-5.16.1.jar:?]
    	at org.mockito.internal.handler.NullResultGuardian.handle(NullResultGuardian.java:29) ~[mockito-core-5.16.1.jar:?]
    	at org.mockito.internal.handler.InvocationNotifierHandler.handle(InvocationNotifierHandler.java:34) ~[mockito-core-5.16.1.jar:?]
    	at org.mockito.internal.creation.bytebuddy.access.MockMethodInterceptor.doIntercept(MockMethodInterceptor.java:84) ~[mockito-core-5.16.1.jar:?]
    	at org.mockito.internal.creation.bytebuddy.access.MockMethodInterceptor.doIntercept(MockMethodInterceptor.java:58) ~[mockito-core-5.16.1.jar:?]
    	at org.mockito.internal.creation.bytebuddy.access.MockMethodInterceptor$DispatcherDefaultingToRealMethod.interceptSuperCallable(MockMethodInterceptor.java:147) ~[mockito-core-5.16.1.jar:?]
    	at org.opensearch.transport.client.node.NodeClient$MockitoMock$fbv48zLD.doExecute(Unknown Source) ~[opensearch-3.3.0-SNAPSHOT.jar:3.3.0-SNAPSHOT]
    	at org.opensearch.transport.client.support.AbstractClient.execute(AbstractClient.java:501) ~[opensearch-3.3.0-SNAPSHOT.jar:3.3.0-SNAPSHOT]
    	at org.opensearch.searchrelevance.rest.RestPostScheduledExperimentAction.lambda$prepareRequest$2(RestPostScheduledExperimentAction.java:86) ~[opensearch-search-relevance-3.3.0.0-SNAPSHOT.jar:?]
    	at org.opensearch.rest.BaseRestHandler.handleRequest(BaseRestHandler.java:132) ~[opensearch-3.3.0-SNAPSHOT.jar:3.3.0-SNAPSHOT]
    	at org.opensearch.searchrelevance.rest.RestPostScheduledExperimentActionTests.testPrepareRequest_WorkbenchEnabled_Success(RestPostScheduledExperimentActionTests.java:104) ~[test/:?]
    	at java.base/jdk.internal.reflect.DirectMethodHandleAccessor.invoke(DirectMethodHandleAccessor.java:103) ~[?:?]
    	at java.base/java.lang.reflect.Method.invoke(Method.java:580) ~[?:?]
    	at com.carrotsearch.randomizedtesting.RandomizedRunner.invoke(RandomizedRunner.java:1750) ~[randomizedtesting-runner-2.7.1.jar:?]
    	at com.carrotsearch.randomizedtesting.RandomizedRunner$8.evaluate(RandomizedRunner.java:938) ~[randomizedtesting-runner-2.7.1.jar:?]
    	at com.carrotsearch.randomizedtesting.RandomizedRunner$9.evaluate(RandomizedRunner.java:974) ~[randomizedtesting-runner-2.7.1.jar:?]
    	at com.carrotsearch.randomizedtesting.RandomizedRunner$10.evaluate(RandomizedRunner.java:988) ~[randomizedtesting-runner-2.7.1.jar:?]
    	at com.carrotsearch.randomizedtesting.rules.StatementAdapter.evaluate(StatementAdapter.java:36) ~[randomizedtesting-runner-2.7.1.jar:?]
    	at org.junit.rules.RunRules.evaluate(RunRules.java:20) ~[junit-4.13.2.jar:4.13.2]
    	at org.apache.lucene.tests.util.TestRuleSetupTeardownChained$1.evaluate(TestRuleSetupTeardownChained.java:48) ~[lucene-test-framework-10.3.1.jar:10.3.1 51190f35a16d2ce433139abfe0fd8365791b352a - 2025-10-02 09:50:16]
    	at org.apache.lucene.tests.util.AbstractBeforeAfterRule$1.evaluate(AbstractBeforeAfterRule.java:43) ~[lucene-test-framework-10.3.1.jar:10.3.1 51190f35a16d2ce433139abfe0fd8365791b352a - 2025-10-02 09:50:16]
    	at org.apache.lucene.tests.util.TestRuleThreadAndTestName$1.evaluate(TestRuleThreadAndTestName.java:45) ~[lucene-test-framework-10.3.1.jar:10.3.1 51190f35a16d2ce433139abfe0fd8365791b352a - 2025-10-02 09:50:16]
    	at org.apache.lucene.tests.util.TestRuleIgnoreAfterMaxFailures$1.evaluate(TestRuleIgnoreAfterMaxFailures.java:60) ~[lucene-test-framework-10.3.1.jar:10.3.1 51190f35a16d2ce433139abfe0fd8365791b352a - 2025-10-02 09:50:16]
    	at org.apache.lucene.tests.util.TestRuleMarkFailure$1.evaluate(TestRuleMarkFailure.java:44) ~[lucene-test-framework-10.3.1.jar:10.3.1 51190f35a16d2ce433139abfe0fd8365791b352a - 2025-10-02 09:50:16]
    	at org.junit.rules.RunRules.evaluate(RunRules.java:20) ~[junit-4.13.2.jar:4.13.2]
    	at com.carrotsearch.randomizedtesting.rules.StatementAdapter.evaluate(StatementAdapter.java:36) ~[randomizedtesting-runner-2.7.1.jar:?]
    	at com.carrotsearch.randomizedtesting.ThreadLeakControl$StatementRunner.run(ThreadLeakControl.java:368) ~[randomizedtesting-runner-2.7.1.jar:?]
    	at com.carrotsearch.randomizedtesting.ThreadLeakControl.forkTimeoutingTask(ThreadLeakControl.java:817) ~[randomizedtesting-runner-2.7.1.jar:?]
    	at com.carrotsearch.randomizedtesting.ThreadLeakControl$3.evaluate(ThreadLeakControl.java:468) ~[randomizedtesting-runner-2.7.1.jar:?]
    	at com.carrotsearch.randomizedtesting.RandomizedRunner.runSingleTest(RandomizedRunner.java:947) ~[randomizedtesting-runner-2.7.1.jar:?]
    	at com.carrotsearch.randomizedtesting.RandomizedRunner$5.evaluate(RandomizedRunner.java:832) ~[randomizedtesting-runner-2.7.1.jar:?]
    	at com.carrotsearch.randomizedtesting.RandomizedRunner$6.evaluate(RandomizedRunner.java:883) ~[randomizedtesting-runner-2.7.1.jar:?]
    	at com.carrotsearch.randomizedtesting.RandomizedRunner$7.evaluate(RandomizedRunner.java:894) ~[randomizedtesting-runner-2.7.1.jar:?]
    	at org.apache.lucene.tests.util.AbstractBeforeAfterRule$1.evaluate(AbstractBeforeAfterRule.java:43) ~[lucene-test-framework-10.3.1.jar:10.3.1 51190f35a16d2ce433139abfe0fd8365791b352a - 2025-10-02 09:50:16]
    	at com.carrotsearch.randomizedtesting.rules.StatementAdapter.evaluate(StatementAdapter.java:36) ~[randomizedtesting-runner-2.7.1.jar:?]
    	at org.apache.lucene.tests.util.TestRuleStoreClassName$1.evaluate(TestRuleStoreClassName.java:38) ~[lucene-test-framework-10.3.1.jar:10.3.1 51190f35a16d2ce433139abfe0fd8365791b352a - 2025-10-02 09:50:16]
    	at com.carrotsearch.randomizedtesting.rules.NoShadowingOrOverridesOnMethodsRule$1.evaluate(NoShadowingOrOverridesOnMethodsRule.java:40) ~[randomizedtesting-runner-2.7.1.jar:?]
    	at com.carrotsearch.randomizedtesting.rules.NoShadowingOrOverridesOnMethodsRule$1.evaluate(NoShadowingOrOverridesOnMethodsRule.java:40) ~[randomizedtesting-runner-2.7.1.jar:?]
    	at com.carrotsearch.randomizedtesting.rules.StatementAdapter.evaluate(StatementAdapter.java:36) ~[randomizedtesting-runner-2.7.1.jar:?]
    	at com.carrotsearch.randomizedtesting.rules.StatementAdapter.evaluate(StatementAdapter.java:36) ~[randomizedtesting-runner-2.7.1.jar:?]
    	at org.apache.lucene.tests.util.TestRuleAssertionsRequired$1.evaluate(TestRuleAssertionsRequired.java:53) ~[lucene-test-framework-10.3.1.jar:10.3.1 51190f35a16d2ce433139abfe0fd8365791b352a - 2025-10-02 09:50:16]
    	at org.apache.lucene.tests.util.AbstractBeforeAfterRule$1.evaluate(AbstractBeforeAfterRule.java:43) ~[lucene-test-framework-10.3.1.jar:10.3.1 51190f35a16d2ce433139abfe0fd8365791b352a - 2025-10-02 09:50:16]
    	at org.apache.lucene.tests.util.TestRuleMarkFailure$1.evaluate(TestRuleMarkFailure.java:44) ~[lucene-test-framework-10.3.1.jar:10.3.1 51190f35a16d2ce433139abfe0fd8365791b352a - 2025-10-02 09:50:16]
    	at org.apache.lucene.tests.util.TestRuleIgnoreAfterMaxFailures$1.evaluate(TestRuleIgnoreAfterMaxFailures.java:60) ~[lucene-test-framework-10.3.1.jar:10.3.1 51190f35a16d2ce433139abfe0fd8365791b352a - 2025-10-02 09:50:16]
    	at org.apache.lucene.tests.util.TestRuleIgnoreTestSuites$1.evaluate(TestRuleIgnoreTestSuites.java:47) ~[lucene-test-framework-10.3.1.jar:10.3.1 51190f35a16d2ce433139abfe0fd8365791b352a - 2025-10-02 09:50:16]
    	at org.junit.rules.RunRules.evaluate(RunRules.java:20) ~[junit-4.13.2.jar:4.13.2]
    	at com.carrotsearch.randomizedtesting.rules.StatementAdapter.evaluate(StatementAdapter.java:36) ~[randomizedtesting-runner-2.7.1.jar:?]
    	at com.carrotsearch.randomizedtesting.ThreadLeakControl$StatementRunner.run(ThreadLeakControl.java:368) ~[randomizedtesting-runner-2.7.1.jar:?]
    	at java.base/java.lang.Thread.run(Thread.java:1583) [?:?]
    [2025-11-21T14:35:02,418][INFO ][o.o.s.r.RestPostScheduledExperimentActionTests] [testPrepareRequest_WorkbenchEnabled_Success] after test

ImportJudgmentsProcessorTests > testGenerateJudgmentRatingWithInvalidRatingsType STANDARD_OUT
    [2025-11-22T00:35:02,419][INFO ][o.o.s.j.ImportJudgmentsProcessorTests] [testGenerateJudgmentRatingWithInvalidRatingsType] after test

RestPostScheduledExperimentActionTests > testPrepareRequest_WorkbenchEnabled_Failure STANDARD_OUT
    [2025-11-21T14:35:02,420][INFO ][o.o.s.r.RestPostScheduledExperimentActionTests] [testPrepareRequest_WorkbenchEnabled_Failure] before test

ImportJudgmentsProcessorTests > testGetJudgmentType STANDARD_OUT
    [2025-11-22T00:35:02,421][INFO ][o.o.s.j.ImportJudgmentsProcessorTests] [testGetJudgmentType] before test
    [2025-11-22T00:35:02,424][INFO ][o.o.s.j.ImportJudgmentsProcessorTests] [testGetJudgmentType] after test

RestPostScheduledExperimentActionTests > testPrepareRequest_WorkbenchEnabled_Failure STANDARD_OUT
    [2025-11-21T14:35:02,424][WARN ][r.suppressed             ] [testPrepareRequest_WorkbenchEnabled_Failure] path: /_plugins/_search_relevance/experiment/schedule, params: {}
    java.io.IOException: Test exception
    	at org.opensearch.searchrelevance.rest.RestPostScheduledExperimentActionTests.lambda$testPrepareRequest_WorkbenchEnabled_Failure$1(RestPostScheduledExperimentActionTests.java:120) ~[test/:?]
    	at org.mockito.internal.stubbing.StubbedInvocationMatcher.answer(StubbedInvocationMatcher.java:42) ~[mockito-core-5.16.1.jar:?]
    	at org.mockito.internal.handler.MockHandlerImpl.handle(MockHandlerImpl.java:103) ~[mockito-core-5.16.1.jar:?]
    	at org.mockito.internal.handler.NullResultGuardian.handle(NullResultGuardian.java:29) ~[mockito-core-5.16.1.jar:?]
    	at org.mockito.internal.handler.InvocationNotifierHandler.handle(InvocationNotifierHandler.java:34) ~[mockito-core-5.16.1.jar:?]
    	at org.mockito.internal.creation.bytebuddy.access.MockMethodInterceptor.doIntercept(MockMethodInterceptor.java:84) ~[mockito-core-5.16.1.jar:?]
    	at org.mockito.internal.creation.bytebuddy.access.MockMethodInterceptor.doIntercept(MockMethodInterceptor.java:58) ~[mockito-core-5.16.1.jar:?]
    	at org.mockito.internal.creation.bytebuddy.access.MockMethodInterceptor$DispatcherDefaultingToRealMethod.interceptSuperCallable(MockMethodInterceptor.java:147) ~[mockito-core-5.16.1.jar:?]
    	at org.opensearch.transport.client.node.NodeClient$MockitoMock$fbv48zLD.doExecute(Unknown Source) ~[opensearch-3.3.0-SNAPSHOT.jar:3.3.0-SNAPSHOT]
    	at org.opensearch.transport.client.support.AbstractClient.execute(AbstractClient.java:501) ~[opensearch-3.3.0-SNAPSHOT.jar:3.3.0-SNAPSHOT]
    	at org.opensearch.searchrelevance.rest.RestPostScheduledExperimentAction.lambda$prepareRequest$2(RestPostScheduledExperimentAction.java:86) ~[opensearch-search-relevance-3.3.0.0-SNAPSHOT.jar:?]
    	at org.opensearch.rest.BaseRestHandler.handleRequest(BaseRestHandler.java:132) ~[opensearch-3.3.0-SNAPSHOT.jar:3.3.0-SNAPSHOT]
    	at org.opensearch.searchrelevance.rest.RestPostScheduledExperimentActionTests.testPrepareRequest_WorkbenchEnabled_Failure(RestPostScheduledExperimentActionTests.java:125) ~[test/:?]
    	at java.base/jdk.internal.reflect.DirectMethodHandleAccessor.invoke(DirectMethodHandleAccessor.java:103) ~[?:?]
    	at java.base/java.lang.reflect.Method.invoke(Method.java:580) ~[?:?]
    	at com.carrotsearch.randomizedtesting.RandomizedRunner.invoke(RandomizedRunner.java:1750) ~[randomizedtesting-runner-2.7.1.jar:?]
    	at com.carrotsearch.randomizedtesting.RandomizedRunner$8.evaluate(RandomizedRunner.java:938) ~[randomizedtesting-runner-2.7.1.jar:?]
    	at com.carrotsearch.randomizedtesting.RandomizedRunner$9.evaluate(RandomizedRunner.java:974) ~[randomizedtesting-runner-2.7.1.jar:?]
    	at com.carrotsearch.randomizedtesting.RandomizedRunner$10.evaluate(RandomizedRunner.java:988) ~[randomizedtesting-runner-2.7.1.jar:?]
    	at com.carrotsearch.randomizedtesting.rules.StatementAdapter.evaluate(StatementAdapter.java:36) ~[randomizedtesting-runner-2.7.1.jar:?]
    	at org.junit.rules.RunRules.evaluate(RunRules.java:20) ~[junit-4.13.2.jar:4.13.2]
    	at org.apache.lucene.tests.util.TestRuleSetupTeardownChained$1.evaluate(TestRuleSetupTeardownChained.java:48) ~[lucene-test-framework-10.3.1.jar:10.3.1 51190f35a16d2ce433139abfe0fd8365791b352a - 2025-10-02 09:50:16]
    	at org.apache.lucene.tests.util.AbstractBeforeAfterRule$1.evaluate(AbstractBeforeAfterRule.java:43) ~[lucene-test-framework-10.3.1.jar:10.3.1 51190f35a16d2ce433139abfe0fd8365791b352a - 2025-10-02 09:50:16]
    	at org.apache.lucene.tests.util.TestRuleThreadAndTestName$1.evaluate(TestRuleThreadAndTestName.java:45) ~[lucene-test-framework-10.3.1.jar:10.3.1 51190f35a16d2ce433139abfe0fd8365791b352a - 2025-10-02 09:50:16]
    	at org.apache.lucene.tests.util.TestRuleIgnoreAfterMaxFailures$1.evaluate(TestRuleIgnoreAfterMaxFailures.java:60) ~[lucene-test-framework-10.3.1.jar:10.3.1 51190f35a16d2ce433139abfe0fd8365791b352a - 2025-10-02 09:50:16]
    	at org.apache.lucene.tests.util.TestRuleMarkFailure$1.evaluate(TestRuleMarkFailure.java:44) ~[lucene-test-framework-10.3.1.jar:10.3.1 51190f35a16d2ce433139abfe0fd8365791b352a - 2025-10-02 09:50:16]
    	at org.junit.rules.RunRules.evaluate(RunRules.java:20) ~[junit-4.13.2.jar:4.13.2]
    	at com.carrotsearch.randomizedtesting.rules.StatementAdapter.evaluate(StatementAdapter.java:36) ~[randomizedtesting-runner-2.7.1.jar:?]
    	at com.carrotsearch.randomizedtesting.ThreadLeakControl$StatementRunner.run(ThreadLeakControl.java:368) ~[randomizedtesting-runner-2.7.1.jar:?]
    	at com.carrotsearch.randomizedtesting.ThreadLeakControl.forkTimeoutingTask(ThreadLeakControl.java:817) ~[randomizedtesting-runner-2.7.1.jar:?]
    	at com.carrotsearch.randomizedtesting.ThreadLeakControl$3.evaluate(ThreadLeakControl.java:468) ~[randomizedtesting-runner-2.7.1.jar:?]
    	at com.carrotsearch.randomizedtesting.RandomizedRunner.runSingleTest(RandomizedRunner.java:947) ~[randomizedtesting-runner-2.7.1.jar:?]
    	at com.carrotsearch.randomizedtesting.RandomizedRunner$5.evaluate(RandomizedRunner.java:832) ~[randomizedtesting-runner-2.7.1.jar:?]
    	at com.carrotsearch.randomizedtesting.RandomizedRunner$6.evaluate(RandomizedRunner.java:883) ~[randomizedtesting-runner-2.7.1.jar:?]
    	at com.carrotsearch.randomizedtesting.RandomizedRunner$7.evaluate(RandomizedRunner.java:894) ~[randomizedtesting-runner-2.7.1.jar:?]
    	at org.apache.lucene.tests.util.AbstractBeforeAfterRule$1.evaluate(AbstractBeforeAfterRule.java:43) ~[lucene-test-framework-10.3.1.jar:10.3.1 51190f35a16d2ce433139abfe0fd8365791b352a - 2025-10-02 09:50:16]
    	at com.carrotsearch.randomizedtesting.rules.StatementAdapter.evaluate(StatementAdapter.java:36) ~[randomizedtesting-runner-2.7.1.jar:?]
    	at org.apache.lucene.tests.util.TestRuleStoreClassName$1.evaluate(TestRuleStoreClassName.java:38) ~[lucene-test-framework-10.3.1.jar:10.3.1 51190f35a16d2ce433139abfe0fd8365791b352a - 2025-10-02 09:50:16]
    	at com.carrotsearch.randomizedtesting.rules.NoShadowingOrOverridesOnMethodsRule$1.evaluate(NoShadowingOrOverridesOnMethodsRule.java:40) ~[randomizedtesting-runner-2.7.1.jar:?]
    	at com.carrotsearch.randomizedtesting.rules.NoShadowingOrOverridesOnMethodsRule$1.evaluate(NoShadowingOrOverridesOnMethodsRule.java:40) ~[randomizedtesting-runner-2.7.1.jar:?]
    	at com.carrotsearch.randomizedtesting.rules.StatementAdapter.evaluate(StatementAdapter.java:36) ~[randomizedtesting-runner-2.7.1.jar:?]
    	at com.carrotsearch.randomizedtesting.rules.StatementAdapter.evaluate(StatementAdapter.java:36) ~[randomizedtesting-runner-2.7.1.jar:?]
    	at org.apache.lucene.tests.util.TestRuleAssertionsRequired$1.evaluate(TestRuleAssertionsRequired.java:53) ~[lucene-test-framework-10.3.1.jar:10.3.1 51190f35a16d2ce433139abfe0fd8365791b352a - 2025-10-02 09:50:16]
    	at org.apache.lucene.tests.util.AbstractBeforeAfterRule$1.evaluate(AbstractBeforeAfterRule.java:43) ~[lucene-test-framework-10.3.1.jar:10.3.1 51190f35a16d2ce433139abfe0fd8365791b352a - 2025-10-02 09:50:16]
    	at org.apache.lucene.tests.util.TestRuleMarkFailure$1.evaluate(TestRuleMarkFailure.java:44) ~[lucene-test-framework-10.3.1.jar:10.3.1 51190f35a16d2ce433139abfe0fd8365791b352a - 2025-10-02 09:50:16]
    	at org.apache.lucene.tests.util.TestRuleIgnoreAfterMaxFailures$1.evaluate(TestRuleIgnoreAfterMaxFailures.java:60) ~[lucene-test-framework-10.3.1.jar:10.3.1 51190f35a16d2ce433139abfe0fd8365791b352a - 2025-10-02 09:50:16]
    	at org.apache.lucene.tests.util.TestRuleIgnoreTestSuites$1.evaluate(TestRuleIgnoreTestSuites.java:47) ~[lucene-test-framework-10.3.1.jar:10.3.1 51190f35a16d2ce433139abfe0fd8365791b352a - 2025-10-02 09:50:16]
    	at org.junit.rules.RunRules.evaluate(RunRules.java:20) ~[junit-4.13.2.jar:4.13.2]
    	at com.carrotsearch.randomizedtesting.rules.StatementAdapter.evaluate(StatementAdapter.java:36) ~[randomizedtesting-runner-2.7.1.jar:?]
    	at com.carrotsearch.randomizedtesting.ThreadLeakControl$StatementRunner.run(ThreadLeakControl.java:368) ~[randomizedtesting-runner-2.7.1.jar:?]
    	at java.base/java.lang.Thread.run(Thread.java:1583) [?:?]

ImportJudgmentsProcessorTests > testGenerateJudgmentRatingWithNullRating STANDARD_OUT
    [2025-11-22T00:35:02,426][INFO ][o.o.s.j.ImportJudgmentsProcessorTests] [testGenerateJudgmentRatingWithNullRating] before test

RestPostScheduledExperimentActionTests > testPrepareRequest_WorkbenchEnabled_Failure STANDARD_OUT
    [2025-11-21T14:35:02,426][INFO ][o.o.s.r.RestPostScheduledExperimentActionTests] [testPrepareRequest_WorkbenchEnabled_Failure] after test

RestPostScheduledExperimentActionTests > testPrepareRequest_JobSchedulerDisabled STANDARD_OUT
    [2025-11-21T14:35:02,427][INFO ][o.o.s.r.RestPostScheduledExperimentActionTests] [testPrepareRequest_JobSchedulerDisabled] before test

ImportJudgmentsProcessorTests > testGenerateJudgmentRatingWithNullRating STANDARD_OUT
    [2025-11-22T00:35:02,428][INFO ][o.o.s.j.ImportJudgmentsProcessorTests] [testGenerateJudgmentRatingWithNullRating] after test

RestPostScheduledExperimentActionTests > testPrepareRequest_JobSchedulerDisabled STANDARD_OUT
    [2025-11-21T14:35:02,429][INFO ][o.o.s.r.RestPostScheduledExperimentActionTests] [testPrepareRequest_JobSchedulerDisabled] after test

ImportJudgmentsProcessorTests > testGenerateJudgmentRatingWithInvalidRating STANDARD_OUT
    [2025-11-22T00:35:02,430][INFO ][o.o.s.j.ImportJudgmentsProcessorTests] [testGenerateJudgmentRatingWithInvalidRating] before test

RestPostScheduledExperimentActionTests > testExecuteRequest_MinimumInterval STANDARD_OUT
    [2025-11-21T14:35:02,431][INFO ][o.o.s.r.RestPostScheduledExperimentActionTests] [testExecuteRequest_MinimumInterval] before test

ImportJudgmentsProcessorTests > testGenerateJudgmentRatingWithInvalidRating STANDARD_OUT
    [2025-11-22T00:35:02,433][INFO ][o.o.s.j.ImportJudgmentsProcessorTests] [testGenerateJudgmentRatingWithInvalidRating] after test

RestPostScheduledExperimentActionTests > testExecuteRequest_MinimumInterval STANDARD_OUT
    [2025-11-21T14:35:02,434][INFO ][o.o.s.r.RestPostScheduledExperimentActionTests] [testExecuteRequest_MinimumInterval] after test

RestPostScheduledExperimentActionTests > testExecuteRequest_InvalidCron STANDARD_OUT
    [2025-11-21T14:35:02,436][INFO ][o.o.s.r.RestPostScheduledExperimentActionTests] [testExecuteRequest_InvalidCron] before test

ImportJudgmentsProcessorTests > testGenerateJudgmentRatingWithEmptyDocId STANDARD_OUT
    [2025-11-22T00:35:02,437][INFO ][o.o.s.j.ImportJudgmentsProcessorTests] [testGenerateJudgmentRatingWithEmptyDocId] before test

RestPostScheduledExperimentActionTests > testExecuteRequest_InvalidCron STANDARD_OUT
    [2025-11-21T14:35:02,440][INFO ][o.o.s.r.RestPostScheduledExperimentActionTests] [testExecuteRequest_InvalidCron] after test

ImportJudgmentsProcessorTests > testGenerateJudgmentRatingWithEmptyDocId STANDARD_OUT
    [2025-11-22T00:35:02,440][INFO ][o.o.s.j.ImportJudgmentsProcessorTests] [testGenerateJudgmentRatingWithEmptyDocId] after test

ImportJudgmentsProcessorTests > testGenerateJudgmentRatingSuccess STANDARD_OUT
    [2025-11-22T00:35:02,442][INFO ][o.o.s.j.ImportJudgmentsProcessorTests] [testGenerateJudgmentRatingSuccess] before test
    [2025-11-22T00:35:02,446][INFO ][o.o.s.j.ImportJudgmentsProcessorTests] [testGenerateJudgmentRatingSuccess] after test

ExperimentCancellationTokenTests > testCancellationToken STANDARD_OUT
    [2025-11-21T17:35:02,464][INFO ][o.o.s.s.ExperimentCancellationTokenTests] [testCancellationToken] before test
    [2025-11-21T17:35:02,471][INFO ][o.o.s.s.ExperimentCancellationTokenTests] [testCancellationToken] after test

ExperimentBatchStatusTests > testEnumStringRepresentation STANDARD_OUT
    [2025-11-21T17:35:02,473][INFO ][o.o.s.m.ExperimentBatchStatusTests] [testEnumStringRepresentation] before test
    [2025-11-21T17:35:02,477][INFO ][o.o.s.m.ExperimentBatchStatusTests] [testEnumStringRepresentation] after test

ExperimentBatchStatusTests > testEnumValues STANDARD_OUT
    [2025-11-21T17:35:02,479][INFO ][o.o.s.m.ExperimentBatchStatusTests] [testEnumValues] before test
    [2025-11-21T17:35:02,479][INFO ][o.o.s.m.ExperimentBatchStatusTests] [testEnumValues] after test

TimestampedEventStatSnapshotTests > test_aggregateEventStatSnapshotsReturnsNull STANDARD_OUT
    [2025-11-21T22:35:02,505][INFO ][o.o.s.s.e.TimestampedEventStatSnapshotTests] [test_aggregateEventStatSnapshotsReturnsNull] before test
    [2025-11-21T22:35:02,508][INFO ][o.o.s.s.e.TimestampedEventStatSnapshotTests] [test_aggregateEventStatSnapshotsReturnsNull] after test

TimestampedEventStatSnapshotTests > test_writeToOutputs STANDARD_OUT
    [2025-11-21T22:35:02,509][INFO ][o.o.s.s.e.TimestampedEventStatSnapshotTests] [test_writeToOutputs] before test

RestDeleteSearchConfigurationActionTests > testDeleteSearchConfiguration_NotFound STANDARD_OUT
    [2025-11-21T23:35:02,514][INFO ][o.o.s.r.RestDeleteSearchConfigurationActionTests] [testDeleteSearchConfiguration_NotFound] before test

TimestampedEventStatSnapshotTests > test_writeToOutputs STANDARD_OUT
    [2025-11-21T22:35:02,544][INFO ][o.o.s.s.e.TimestampedEventStatSnapshotTests] [test_writeToOutputs] after test

TimestampedEventStatSnapshotTests > test_constructorAndGetters STANDARD_OUT
    [2025-11-21T22:35:02,546][INFO ][o.o.s.s.e.TimestampedEventStatSnapshotTests] [test_constructorAndGetters] before test
    [2025-11-21T22:35:02,547][INFO ][o.o.s.s.e.TimestampedEventStatSnapshotTests] [test_constructorAndGetters] after test

TimestampedEventStatSnapshotTests > test_streamConstructor STANDARD_OUT
    [2025-11-21T22:35:02,549][INFO ][o.o.s.s.e.TimestampedEventStatSnapshotTests] [test_streamConstructor] before test
    [2025-11-21T22:35:02,581][INFO ][o.o.s.s.e.TimestampedEventStatSnapshotTests] [test_streamConstructor] after test

TimestampedEventStatSnapshotTests > test_toXContent STANDARD_OUT
    [2025-11-21T22:35:02,582][INFO ][o.o.s.s.e.TimestampedEventStatSnapshotTests] [test_toXContent] before test

RestSearchRelevanceStatsActionTests > test_execute_customParams_includePartial STANDARD_OUT
    [2025-11-21T18:35:02,593][INFO ][o.o.s.r.RestSearchRelevanceStatsActionTests] [test_execute_customParams_includePartial] after test

RestSearchRelevanceStatsActionTests > test_execute_statParameters_olderVersion STANDARD_OUT
    [2025-11-21T18:35:02,595][INFO ][o.o.s.r.RestSearchRelevanceStatsActionTests] [test_execute_statParameters_olderVersion] before test
    [2025-11-21T18:35:02,606][INFO ][o.o.s.r.RestSearchRelevanceStatsActionTests] [test_execute_statParameters_olderVersion] after test

TimestampedEventStatSnapshotTests > test_toXContent STANDARD_OUT
    [2025-11-21T22:35:02,608][INFO ][o.o.s.s.e.TimestampedEventStatSnapshotTests] [test_toXContent] after test

RestSearchRelevanceStatsActionTests > test_execute_customParams_includeNone STANDARD_OUT
    [2025-11-21T18:35:02,609][INFO ][o.o.s.r.RestSearchRelevanceStatsActionTests] [test_execute_customParams_includeNone] before test

TimestampedEventStatSnapshotTests > test_aggregateEventStatDataThrowsException STANDARD_OUT
    [2025-11-21T22:35:02,610][INFO ][o.o.s.s.e.TimestampedEventStatSnapshotTests] [test_aggregateEventStatDataThrowsException] before test
    [2025-11-21T22:35:02,610][INFO ][o.o.s.s.e.TimestampedEventStatSnapshotTests] [test_aggregateEventStatDataThrowsException] after test

TimestampedEventStatSnapshotTests > test_aggregateEventStatSnapshots STANDARD_OUT
    [2025-11-21T22:35:02,611][INFO ][o.o.s.s.e.TimestampedEventStatSnapshotTests] [test_aggregateEventStatSnapshots] before test
    [2025-11-21T22:35:02,612][INFO ][o.o.s.s.e.TimestampedEventStatSnapshotTests] [test_aggregateEventStatSnapshots] after test

RestDeleteSearchConfigurationActionTests > testDeleteSearchConfiguration_NotFound STANDARD_OUT
    [2025-11-21T23:35:02,614][INFO ][o.o.s.r.RestDeleteSearchConfigurationActionTests] [testDeleteSearchConfiguration_NotFound] after test

RestDeleteSearchConfigurationActionTests > testDeleteSearchConfiguration_NullId STANDARD_OUT
    [2025-11-21T23:35:02,618][INFO ][o.o.s.r.RestDeleteSearchConfigurationActionTests] [testDeleteSearchConfiguration_NullId] before test

RestSearchRelevanceStatsActionTests > test_execute_customParams_includeNone STANDARD_OUT
    [2025-11-21T18:35:02,618][INFO ][o.o.s.r.RestSearchRelevanceStatsActionTests] [test_execute_customParams_includeNone] after test

RestDeleteSearchConfigurationActionTests > testDeleteSearchConfiguration_NullId STANDARD_OUT
    [2025-11-21T23:35:02,620][INFO ][o.o.s.r.RestDeleteSearchConfigurationActionTests] [testDeleteSearchConfiguration_NullId] after test

RestSearchRelevanceStatsActionTests > test_execute_statParameters STANDARD_OUT
    [2025-11-21T18:35:02,622][INFO ][o.o.s.r.RestSearchRelevanceStatsActionTests] [test_execute_statParameters] before test

RestDeleteSearchConfigurationActionTests > testPrepareRequest_WorkbenchDisabled STANDARD_OUT
    [2025-11-21T23:35:02,622][INFO ][o.o.s.r.RestDeleteSearchConfigurationActionTests] [testPrepareRequest_WorkbenchDisabled] before test
    [2025-11-21T23:35:02,627][INFO ][o.o.s.r.RestDeleteSearchConfigurationActionTests] [testPrepareRequest_WorkbenchDisabled] after test

RestSearchRelevanceStatsActionTests > test_execute_statParameters STANDARD_OUT
    [2025-11-21T18:35:02,628][INFO ][o.o.s.r.RestSearchRelevanceStatsActionTests] [test_execute_statParameters] after test

RestDeleteSearchConfigurationActionTests > testDeleteSearchConfiguration_Success STANDARD_OUT
    [2025-11-21T23:35:02,628][INFO ][o.o.s.r.RestDeleteSearchConfigurationActionTests] [testDeleteSearchConfiguration_Success] before test

RestSearchRelevanceStatsActionTests > test_execute STANDARD_OUT
    [2025-11-21T18:35:02,629][INFO ][o.o.s.r.RestSearchRelevanceStatsActionTests] [test_execute] before test

RestDeleteSearchConfigurationActionTests > testDeleteSearchConfiguration_Success STANDARD_OUT
    [2025-11-21T23:35:02,630][INFO ][o.o.s.r.RestDeleteSearchConfigurationActionTests] [testDeleteSearchConfiguration_Success] after test

RestDeleteSearchConfigurationActionTests > testDeleteSearchConfiguration_Failure STANDARD_OUT
    [2025-11-21T23:35:02,632][INFO ][o.o.s.r.RestDeleteSearchConfigurationActionTests] [testDeleteSearchConfiguration_Failure] before test

RestSearchRelevanceStatsActionTests > test_execute STANDARD_OUT
    [2025-11-21T18:35:02,634][INFO ][o.o.s.r.RestSearchRelevanceStatsActionTests] [test_execute] after test

RestSearchRelevanceStatsActionTests > test_execute_olderVersion STANDARD_OUT
    [2025-11-21T18:35:02,638][INFO ][o.o.s.r.RestSearchRelevanceStatsActionTests] [test_execute_olderVersion] before test

PutExperimentTransportActionTests > testNullRequestReturnsError STANDARD_OUT
    [2025-11-21T17:35:02,636][INFO ][o.o.s.t.e.PutExperimentTransportActionTests] [testNullRequestReturnsError] before test

RestDeleteSearchConfigurationActionTests > testDeleteSearchConfiguration_Failure STANDARD_OUT
    [2025-11-21T23:35:02,636][WARN ][r.suppressed             ] [testDeleteSearchConfiguration_Failure] path: /_plugins/_search_relevance/search_configurations, params: {id=test_id}
    java.io.IOException: Test exception
    	at org.opensearch.searchrelevance.rest.RestDeleteSearchConfigurationActionTests.lambda$testDeleteSearchConfiguration_Failure$2(RestDeleteSearchConfigurationActionTests.java:113) ~[test/:?]
    	at org.mockito.internal.stubbing.StubbedInvocationMatcher.answer(StubbedInvocationMatcher.java:42) ~[mockito-core-5.16.1.jar:?]
    	at org.mockito.internal.handler.MockHandlerImpl.handle(MockHandlerImpl.java:103) ~[mockito-core-5.16.1.jar:?]
    	at org.mockito.internal.handler.NullResultGuardian.handle(NullResultGuardian.java:29) ~[mockito-core-5.16.1.jar:?]
    	at org.mockito.internal.handler.InvocationNotifierHandler.handle(InvocationNotifierHandler.java:34) ~[mockito-core-5.16.1.jar:?]
    	at org.mockito.internal.creation.bytebuddy.access.MockMethodInterceptor.doIntercept(MockMethodInterceptor.java:84) ~[mockito-core-5.16.1.jar:?]
    	at org.mockito.internal.creation.bytebuddy.access.MockMethodInterceptor.doIntercept(MockMethodInterceptor.java:58) ~[mockito-core-5.16.1.jar:?]
    	at org.mockito.internal.creation.bytebuddy.access.MockMethodInterceptor$DispatcherDefaultingToRealMethod.interceptSuperCallable(MockMethodInterceptor.java:147) ~[mockito-core-5.16.1.jar:?]
    	at org.opensearch.transport.client.node.NodeClient$MockitoMock$NJmu4nax.doExecute(Unknown Source) ~[opensearch-3.3.0-SNAPSHOT.jar:3.3.0-SNAPSHOT]
    	at org.opensearch.transport.client.support.AbstractClient.execute(AbstractClient.java:501) ~[opensearch-3.3.0-SNAPSHOT.jar:3.3.0-SNAPSHOT]
    	at org.opensearch.searchrelevance.rest.RestDeleteSearchConfigurationAction.lambda$prepareRequest$1(RestDeleteSearchConfigurationAction.java:66) ~[opensearch-search-relevance-3.3.0.0-SNAPSHOT.jar:?]
    	at org.opensearch.rest.BaseRestHandler.handleRequest(BaseRestHandler.java:132) ~[opensearch-3.3.0-SNAPSHOT.jar:3.3.0-SNAPSHOT]
    	at org.opensearch.searchrelevance.rest.RestDeleteSearchConfigurationActionTests.testDeleteSearchConfiguration_Failure(RestDeleteSearchConfigurationActionTests.java:118) ~[test/:?]
    	at java.base/jdk.internal.reflect.DirectMethodHandleAccessor.invoke(DirectMethodHandleAccessor.java:103) ~[?:?]
    	at java.base/java.lang.reflect.Method.invoke(Method.java:580) ~[?:?]
    	at com.carrotsearch.randomizedtesting.RandomizedRunner.invoke(RandomizedRunner.java:1750) ~[randomizedtesting-runner-2.7.1.jar:?]
    	at com.carrotsearch.randomizedtesting.RandomizedRunner$8.evaluate(RandomizedRunner.java:938) ~[randomizedtesting-runner-2.7.1.jar:?]
    	at com.carrotsearch.randomizedtesting.RandomizedRunner$9.evaluate(RandomizedRunner.java:974) ~[randomizedtesting-runner-2.7.1.jar:?]
    	at com.carrotsearch.randomizedtesting.RandomizedRunner$10.evaluate(RandomizedRunner.java:988) ~[randomizedtesting-runner-2.7.1.jar:?]
    	at com.carrotsearch.randomizedtesting.rules.StatementAdapter.evaluate(StatementAdapter.java:36) ~[randomizedtesting-runner-2.7.1.jar:?]
    	at org.junit.rules.RunRules.evaluate(RunRules.java:20) ~[junit-4.13.2.jar:4.13.2]
    	at org.apache.lucene.tests.util.TestRuleSetupTeardownChained$1.evaluate(TestRuleSetupTeardownChained.java:48) ~[lucene-test-framework-10.3.1.jar:10.3.1 51190f35a16d2ce433139abfe0fd8365791b352a - 2025-10-02 09:50:16]
    	at org.apache.lucene.tests.util.AbstractBeforeAfterRule$1.evaluate(AbstractBeforeAfterRule.java:43) ~[lucene-test-framework-10.3.1.jar:10.3.1 51190f35a16d2ce433139abfe0fd8365791b352a - 2025-10-02 09:50:16]
    	at org.apache.lucene.tests.util.TestRuleThreadAndTestName$1.evaluate(TestRuleThreadAndTestName.java:45) ~[lucene-test-framework-10.3.1.jar:10.3.1 51190f35a16d2ce433139abfe0fd8365791b352a - 2025-10-02 09:50:16]
    	at org.apache.lucene.tests.util.TestRuleIgnoreAfterMaxFailures$1.evaluate(TestRuleIgnoreAfterMaxFailures.java:60) ~[lucene-test-framework-10.3.1.jar:10.3.1 51190f35a16d2ce433139abfe0fd8365791b352a - 2025-10-02 09:50:16]
    	at org.apache.lucene.tests.util.TestRuleMarkFailure$1.evaluate(TestRuleMarkFailure.java:44) ~[lucene-test-framework-10.3.1.jar:10.3.1 51190f35a16d2ce433139abfe0fd8365791b352a - 2025-10-02 09:50:16]
    	at org.junit.rules.RunRules.evaluate(RunRules.java:20) ~[junit-4.13.2.jar:4.13.2]
    	at com.carrotsearch.randomizedtesting.rules.StatementAdapter.evaluate(StatementAdapter.java:36) ~[randomizedtesting-runner-2.7.1.jar:?]
    	at com.carrotsearch.randomizedtesting.ThreadLeakControl$StatementRunner.run(ThreadLeakControl.java:368) ~[randomizedtesting-runner-2.7.1.jar:?]
    	at com.carrotsearch.randomizedtesting.ThreadLeakControl.forkTimeoutingTask(ThreadLeakControl.java:817) ~[randomizedtesting-runner-2.7.1.jar:?]
    	at com.carrotsearch.randomizedtesting.ThreadLeakControl$3.evaluate(ThreadLeakControl.java:468) ~[randomizedtesting-runner-2.7.1.jar:?]
    	at com.carrotsearch.randomizedtesting.RandomizedRunner.runSingleTest(RandomizedRunner.java:947) ~[randomizedtesting-runner-2.7.1.jar:?]
    	at com.carrotsearch.randomizedtesting.RandomizedRunner$5.evaluate(RandomizedRunner.java:832) ~[randomizedtesting-runner-2.7.1.jar:?]
    	at com.carrotsearch.randomizedtesting.RandomizedRunner$6.evaluate(RandomizedRunner.java:883) ~[randomizedtesting-runner-2.7.1.jar:?]
    	at com.carrotsearch.randomizedtesting.RandomizedRunner$7.evaluate(RandomizedRunner.java:894) ~[randomizedtesting-runner-2.7.1.jar:?]
    	at org.apache.lucene.tests.util.AbstractBeforeAfterRule$1.evaluate(AbstractBeforeAfterRule.java:43) ~[lucene-test-framework-10.3.1.jar:10.3.1 51190f35a16d2ce433139abfe0fd8365791b352a - 2025-10-02 09:50:16]
    	at com.carrotsearch.randomizedtesting.rules.StatementAdapter.evaluate(StatementAdapter.java:36) ~[randomizedtesting-runner-2.7.1.jar:?]
    	at org.apache.lucene.tests.util.TestRuleStoreClassName$1.evaluate(TestRuleStoreClassName.java:38) ~[lucene-test-framework-10.3.1.jar:10.3.1 51190f35a16d2ce433139abfe0fd8365791b352a - 2025-10-02 09:50:16]
    	at com.carrotsearch.randomizedtesting.rules.NoShadowingOrOverridesOnMethodsRule$1.evaluate(NoShadowingOrOverridesOnMethodsRule.java:40) ~[randomizedtesting-runner-2.7.1.jar:?]
    	at com.carrotsearch.randomizedtesting.rules.NoShadowingOrOverridesOnMethodsRule$1.evaluate(NoShadowingOrOverridesOnMethodsRule.java:40) ~[randomizedtesting-runner-2.7.1.jar:?]
    	at com.carrotsearch.randomizedtesting.rules.StatementAdapter.evaluate(StatementAdapter.java:36) ~[randomizedtesting-runner-2.7.1.jar:?]
    	at com.carrotsearch.randomizedtesting.rules.StatementAdapter.evaluate(StatementAdapter.java:36) ~[randomizedtesting-runner-2.7.1.jar:?]
    	at org.apache.lucene.tests.util.TestRuleAssertionsRequired$1.evaluate(TestRuleAssertionsRequired.java:53) ~[lucene-test-framework-10.3.1.jar:10.3.1 51190f35a16d2ce433139abfe0fd8365791b352a - 2025-10-02 09:50:16]
    	at org.apache.lucene.tests.util.AbstractBeforeAfterRule$1.evaluate(AbstractBeforeAfterRule.java:43) ~[lucene-test-framework-10.3.1.jar:10.3.1 51190f35a16d2ce433139abfe0fd8365791b352a - 2025-10-02 09:50:16]
    	at org.apache.lucene.tests.util.TestRuleMarkFailure$1.evaluate(TestRuleMarkFailure.java:44) ~[lucene-test-framework-10.3.1.jar:10.3.1 51190f35a16d2ce433139abfe0fd8365791b352a - 2025-10-02 09:50:16]
    	at org.apache.lucene.tests.util.TestRuleIgnoreAfterMaxFailures$1.evaluate(TestRuleIgnoreAfterMaxFailures.java:60) ~[lucene-test-framework-10.3.1.jar:10.3.1 51190f35a16d2ce433139abfe0fd8365791b352a - 2025-10-02 09:50:16]
    	at org.apache.lucene.tests.util.TestRuleIgnoreTestSuites$1.evaluate(TestRuleIgnoreTestSuites.java:47) ~[lucene-test-framework-10.3.1.jar:10.3.1 51190f35a16d2ce433139abfe0fd8365791b352a - 2025-10-02 09:50:16]
    	at org.junit.rules.RunRules.evaluate(RunRules.java:20) ~[junit-4.13.2.jar:4.13.2]
    	at com.carrotsearch.randomizedtesting.rules.StatementAdapter.evaluate(StatementAdapter.java:36) ~[randomizedtesting-runner-2.7.1.jar:?]
    	at com.carrotsearch.randomizedtesting.ThreadLeakControl$StatementRunner.run(ThreadLeakControl.java:368) ~[randomizedtesting-runner-2.7.1.jar:?]
    	at java.base/java.lang.Thread.run(Thread.java:1583) [?:?]

RestSearchRelevanceStatsActionTests > test_execute_olderVersion STANDARD_OUT
    [2025-11-21T18:35:02,645][INFO ][o.o.s.r.RestSearchRelevanceStatsActionTests] [test_execute_olderVersion] after test

RestDeleteSearchConfigurationActionTests > testDeleteSearchConfiguration_Failure STANDARD_OUT
    [2025-11-21T23:35:02,650][INFO ][o.o.s.r.RestDeleteSearchConfigurationActionTests] [testDeleteSearchConfiguration_Failure] after test

SearchRelevancePluginTests > testIsAnActionPlugin STANDARD_OUT
    [2025-11-22T00:35:02,678][INFO ][o.o.s.p.SearchRelevancePluginTests] [testIsAnActionPlugin] before test
    [2025-11-22T00:35:02,680][INFO ][o.o.s.p.SearchRelevancePluginTests] [testIsAnActionPlugin] after test

RestSearchRelevanceStatsActionTests > test_handleRequest_disabledForbidden STANDARD_OUT
    [2025-11-21T18:35:02,683][INFO ][o.o.s.r.RestSearchRelevanceStatsActionTests] [test_handleRequest_disabledForbidden] before test

SearchRelevancePluginTests > testTotalRestHandlers STANDARD_OUT
    [2025-11-22T00:35:02,684][INFO ][o.o.s.p.SearchRelevancePluginTests] [testTotalRestHandlers] before test

RestPutJudgmentActionTests > testPutJudgment_Failure STANDARD_OUT
    [2025-11-21T11:35:02,687][INFO ][o.o.s.r.RestPutJudgmentActionTests] [testPutJudgment_Failure] before test
    [2025-11-21T11:35:02,707][WARN ][r.suppressed             ] [testPutJudgment_Failure] path: /_plugins/_search_relevance/judgment, params: {}

RestSearchRelevanceStatsActionTests > test_handleRequest_disabledForbidden STANDARD_OUT
    [2025-11-21T18:35:02,708][INFO ][o.o.s.r.RestSearchRelevanceStatsActionTests] [test_handleRequest_disabledForbidden] after test

RestPutJudgmentActionTests > testPutJudgment_Failure STANDARD_OUT
    java.io.IOException: Test exception
    	at org.opensearch.searchrelevance.rest.RestPutJudgmentActionTests.lambda$testPutJudgment_Failure$5(RestPutJudgmentActionTests.java:224) ~[test/:?]
    	at org.mockito.internal.stubbing.StubbedInvocationMatcher.answer(StubbedInvocationMatcher.java:42) ~[mockito-core-5.16.1.jar:?]
    	at org.mockito.internal.handler.MockHandlerImpl.handle(MockHandlerImpl.java:103) ~[mockito-core-5.16.1.jar:?]
    	at org.mockito.internal.handler.NullResultGuardian.handle(NullResultGuardian.java:29) ~[mockito-core-5.16.1.jar:?]
    	at org.mockito.internal.handler.InvocationNotifierHandler.handle(InvocationNotifierHandler.java:34) ~[mockito-core-5.16.1.jar:?]
    	at org.mockito.internal.creation.bytebuddy.access.MockMethodInterceptor.doIntercept(MockMethodInterceptor.java:84) ~[mockito-core-5.16.1.jar:?]
    	at org.mockito.internal.creation.bytebuddy.access.MockMethodInterceptor.doIntercept(MockMethodInterceptor.java:58) ~[mockito-core-5.16.1.jar:?]
    	at org.mockito.internal.creation.bytebuddy.access.MockMethodInterceptor$DispatcherDefaultingToRealMethod.interceptSuperCallable(MockMethodInterceptor.java:147) ~[mockito-core-5.16.1.jar:?]
    	at org.opensearch.transport.client.node.NodeClient$MockitoMock$NJmu4nax.doExecute(Unknown Source) ~[opensearch-3.3.0-SNAPSHOT.jar:3.3.0-SNAPSHOT]
    	at org.opensearch.transport.client.support.AbstractClient.execute(AbstractClient.java:501) ~[opensearch-3.3.0-SNAPSHOT.jar:3.3.0-SNAPSHOT]
    	at org.opensearch.searchrelevance.rest.RestPutJudgmentAction.lambda$prepareRequest$5(RestPutJudgmentAction.java:175) ~[opensearch-search-relevance-3.3.0.0-SNAPSHOT.jar:?]
    	at org.opensearch.rest.BaseRestHandler.handleRequest(BaseRestHandler.java:132) ~[opensearch-3.3.0-SNAPSHOT.jar:3.3.0-SNAPSHOT]
    	at org.opensearch.searchrelevance.rest.RestPutJudgmentActionTests.testPutJudgment_Failure(RestPutJudgmentActionTests.java:229) ~[test/:?]
    	at java.base/jdk.internal.reflect.DirectMethodHandleAccessor.invoke(DirectMethodHandleAccessor.java:103) ~[?:?]
    	at java.base/java.lang.reflect.Method.invoke(Method.java:580) ~[?:?]
    	at com.carrotsearch.randomizedtesting.RandomizedRunner.invoke(RandomizedRunner.java:1750) ~[randomizedtesting-runner-2.7.1.jar:?]
    	at com.carrotsearch.randomizedtesting.RandomizedRunner$8.evaluate(RandomizedRunner.java:938) ~[randomizedtesting-runner-2.7.1.jar:?]
    	at com.carrotsearch.randomizedtesting.RandomizedRunner$9.evaluate(RandomizedRunner.java:974) ~[randomizedtesting-runner-2.7.1.jar:?]
    	at com.carrotsearch.randomizedtesting.RandomizedRunner$10.evaluate(RandomizedRunner.java:988) ~[randomizedtesting-runner-2.7.1.jar:?]
    	at com.carrotsearch.randomizedtesting.rules.StatementAdapter.evaluate(StatementAdapter.java:36) ~[randomizedtesting-runner-2.7.1.jar:?]
    	at org.junit.rules.RunRules.evaluate(RunRules.java:20) ~[junit-4.13.2.jar:4.13.2]
    	at org.apache.lucene.tests.util.TestRuleSetupTeardownChained$1.evaluate(TestRuleSetupTeardownChained.java:48) ~[lucene-test-framework-10.3.1.jar:10.3.1 51190f35a16d2ce433139abfe0fd8365791b352a - 2025-10-02 09:50:16]
    	at org.apache.lucene.tests.util.AbstractBeforeAfterRule$1.evaluate(AbstractBeforeAfterRule.java:43) ~[lucene-test-framework-10.3.1.jar:10.3.1 51190f35a16d2ce433139abfe0fd8365791b352a - 2025-10-02 09:50:16]
    	at org.apache.lucene.tests.util.TestRuleThreadAndTestName$1.evaluate(TestRuleThreadAndTestName.java:45) ~[lucene-test-framework-10.3.1.jar:10.3.1 51190f35a16d2ce433139abfe0fd8365791b352a - 2025-10-02 09:50:16]
    	at org.apache.lucene.tests.util.TestRuleIgnoreAfterMaxFailures$1.evaluate(TestRuleIgnoreAfterMaxFailures.java:60) ~[lucene-test-framework-10.3.1.jar:10.3.1 51190f35a16d2ce433139abfe0fd8365791b352a - 2025-10-02 09:50:16]
    	at org.apache.lucene.tests.util.TestRuleMarkFailure$1.evaluate(TestRuleMarkFailure.java:44) ~[lucene-test-framework-10.3.1.jar:10.3.1 51190f35a16d2ce433139abfe0fd8365791b352a - 2025-10-02 09:50:16]
    	at org.junit.rules.RunRules.evaluate(RunRules.java:20) ~[junit-4.13.2.jar:4.13.2]
    	at com.carrotsearch.randomizedtesting.rules.StatementAdapter.evaluate(StatementAdapter.java:36) ~[randomizedtesting-runner-2.7.1.jar:?]
    	at com.carrotsearch.randomizedtesting.ThreadLeakControl$StatementRunner.run(ThreadLeakControl.java:368) ~[randomizedtesting-runner-2.7.1.jar:?]
    	at com.carrotsearch.randomizedtesting.ThreadLeakControl.forkTimeoutingTask(ThreadLeakControl.java:817) ~[randomizedtesting-runner-2.7.1.jar:?]
    	at com.carrotsearch.randomizedtesting.ThreadLeakControl$3.evaluate(ThreadLeakControl.java:468) ~[randomizedtesting-runner-2.7.1.jar:?]
    	at com.carrotsearch.randomizedtesting.RandomizedRunner.runSingleTest(RandomizedRunner.java:947) ~[randomizedtesting-runner-2.7.1.jar:?]
    	at com.carrotsearch.randomizedtesting.RandomizedRunner$5.evaluate(RandomizedRunner.java:832) ~[randomizedtesting-runner-2.7.1.jar:?]
    	at com.carrotsearch.randomizedtesting.RandomizedRunner$6.evaluate(RandomizedRunner.java:883) ~[randomizedtesting-runner-2.7.1.jar:?]
    	at com.carrotsearch.randomizedtesting.RandomizedRunner$7.evaluate(RandomizedRunner.java:894) ~[randomizedtesting-runner-2.7.1.jar:?]
    	at org.apache.lucene.tests.util.AbstractBeforeAfterRule$1.evaluate(AbstractBeforeAfterRule.java:43) ~[lucene-test-framework-10.3.1.jar:10.3.1 51190f35a16d2ce433139abfe0fd8365791b352a - 2025-10-02 09:50:16]
    	at com.carrotsearch.randomizedtesting.rules.StatementAdapter.evaluate(StatementAdapter.java:36) ~[randomizedtesting-runner-2.7.1.jar:?]
    	at org.apache.lucene.tests.util.TestRuleStoreClassName$1.evaluate(TestRuleStoreClassName.java:38) ~[lucene-test-framework-10.3.1.jar:10.3.1 51190f35a16d2ce433139abfe0fd8365791b352a - 2025-10-02 09:50:16]
    	at com.carrotsearch.randomizedtesting.rules.NoShadowingOrOverridesOnMethodsRule$1.evaluate(NoShadowingOrOverridesOnMethodsRule.java:40) ~[randomizedtesting-runner-2.7.1.jar:?]
    	at com.carrotsearch.randomizedtesting.rules.NoShadowingOrOverridesOnMethodsRule$1.evaluate(NoShadowingOrOverridesOnMethodsRule.java:40) ~[randomizedtesting-runner-2.7.1.jar:?]
    	at com.carrotsearch.randomizedtesting.rules.StatementAdapter.evaluate(StatementAdapter.java:36) ~[randomizedtesting-runner-2.7.1.jar:?]
    	at com.carrotsearch.randomizedtesting.rules.StatementAdapter.evaluate(StatementAdapter.java:36) ~[randomizedtesting-runner-2.7.1.jar:?]
    	at org.apache.lucene.tests.util.TestRuleAssertionsRequired$1.evaluate(TestRuleAssertionsRequired.java:53) ~[lucene-test-framework-10.3.1.jar:10.3.1 51190f35a16d2ce433139abfe0fd8365791b352a - 2025-10-02 09:50:16]
    	at org.apache.lucene.tests.util.AbstractBeforeAfterRule$1.evaluate(AbstractBeforeAfterRule.java:43) ~[lucene-test-framework-10.3.1.jar:10.3.1 51190f35a16d2ce433139abfe0fd8365791b352a - 2025-10-02 09:50:16]
    	at org.apache.lucene.tests.util.TestRuleMarkFailure$1.evaluate(TestRuleMarkFailure.java:44) ~[lucene-test-framework-10.3.1.jar:10.3.1 51190f35a16d2ce433139abfe0fd8365791b352a - 2025-10-02 09:50:16]
    	at org.apache.lucene.tests.util.TestRuleIgnoreAfterMaxFailures$1.evaluate(TestRuleIgnoreAfterMaxFailures.java:60) ~[lucene-test-framework-10.3.1.jar:10.3.1 51190f35a16d2ce433139abfe0fd8365791b352a - 2025-10-02 09:50:16]
    	at org.apache.lucene.tests.util.TestRuleIgnoreTestSuites$1.evaluate(TestRuleIgnoreTestSuites.java:47) ~[lucene-test-framework-10.3.1.jar:10.3.1 51190f35a16d2ce433139abfe0fd8365791b352a - 2025-10-02 09:50:16]
    	at org.junit.rules.RunRules.evaluate(RunRules.java:20) ~[junit-4.13.2.jar:4.13.2]
    	at com.carrotsearch.randomizedtesting.rules.StatementAdapter.evaluate(StatementAdapter.java:36) ~[randomizedtesting-runner-2.7.1.jar:?]
    	at com.carrotsearch.randomizedtesting.ThreadLeakControl$StatementRunner.run(ThreadLeakControl.java:368) ~[randomizedtesting-runner-2.7.1.jar:?]
    	at java.base/java.lang.Thread.run(Thread.java:1583) [?:?]

RestSearchRelevanceStatsActionTests > test_handleRequest_invalidStatParameter STANDARD_OUT
    [2025-11-21T18:35:02,709][INFO ][o.o.s.r.RestSearchRelevanceStatsActionTests] [test_handleRequest_invalidStatParameter] before test

RestPutJudgmentActionTests > testPutJudgment_Failure STANDARD_OUT
    [2025-11-21T11:35:02,709][INFO ][o.o.s.r.RestPutJudgmentActionTests] [testPutJudgment_Failure] after test

PutExperimentTransportActionTests > testNullRequestReturnsError STANDARD_OUT
    [2025-11-21T17:35:02,713][INFO ][o.o.s.t.e.PutExperimentTransportActionTests] [testNullRequestReturnsError] after test

RestPutJudgmentActionTests > testPutUbiJudgment_Success STANDARD_OUT
    [2025-11-21T11:35:02,713][INFO ][o.o.s.r.RestPutJudgmentActionTests] [testPutUbiJudgment_Success] before test

PutExperimentTransportActionTests > testExperimentCreationFailure STANDARD_OUT
    [2025-11-21T17:35:02,714][INFO ][o.o.s.t.e.PutExperimentTransportActionTests] [testExperimentCreationFailure] before test

RestSearchRelevanceStatsActionTests > test_handleRequest_invalidStatParameter STANDARD_OUT
    [2025-11-21T18:35:02,717][INFO ][o.o.s.r.RestSearchRelevanceStatsActionTests] [test_handleRequest_invalidStatParameter] after test

PutExperimentTransportActionTests > testExperimentCreationFailure STANDARD_OUT
    [2025-11-21T17:35:02,720][ERROR][o.o.s.t.e.PutExperimentTransportAction] [testExperimentCreationFailure] Failed to create initial experiment
    java.lang.RuntimeException: Database error
    	at org.opensearch.searchrelevance.transport.experiment.PutExperimentTransportActionTests.lambda$testExperimentCreationFailure$4(PutExperimentTransportActionTests.java:208) ~[test/:3.3.0.0-SNAPSHOT]
    	at org.mockito.internal.stubbing.StubbedInvocationMatcher.answer(StubbedInvocationMatcher.java:42) ~[mockito-core-5.16.1.jar:?]
    	at org.mockito.internal.handler.MockHandlerImpl.handle(MockHandlerImpl.java:103) ~[mockito-core-5.16.1.jar:?]
    	at org.mockito.internal.handler.NullResultGuardian.handle(NullResultGuardian.java:29) ~[mockito-core-5.16.1.jar:?]
    	at org.mockito.internal.handler.InvocationNotifierHandler.handle(InvocationNotifierHandler.java:34) ~[mockito-core-5.16.1.jar:?]
    	at org.mockito.internal.creation.bytebuddy.access.MockMethodInterceptor.doIntercept(MockMethodInterceptor.java:84) ~[mockito-core-5.16.1.jar:?]
    	at org.mockito.internal.creation.bytebuddy.access.MockMethodInterceptor.doIntercept(MockMethodInterceptor.java:58) ~[mockito-core-5.16.1.jar:?]
    	at org.mockito.internal.creation.bytebuddy.access.MockMethodInterceptor$DispatcherDefaultingToRealMethod.interceptSuperCallable(MockMethodInterceptor.java:147) ~[mockito-core-5.16.1.jar:?]
    	at org.opensearch.searchrelevance.dao.ExperimentDao$MockitoMock$ewn1n3RT.putExperiment(Unknown Source) ~[opensearch-search-relevance-3.3.0.0-SNAPSHOT.jar:3.3.0.0-SNAPSHOT]
    	at org.opensearch.searchrelevance.transport.experiment.PutExperimentTransportAction.doExecute(PutExperimentTransportAction.java:99) ~[opensearch-search-relevance-3.3.0.0-SNAPSHOT.jar:3.3.0.0-SNAPSHOT]
    	at org.opensearch.searchrelevance.transport.experiment.PutExperimentTransportActionTests.testExperimentCreationFailure(PutExperimentTransportActionTests.java:213) ~[test/:3.3.0.0-SNAPSHOT]
    	at java.base/jdk.internal.reflect.DirectMethodHandleAccessor.invoke(DirectMethodHandleAccessor.java:103) ~[?:?]
    	at java.base/java.lang.reflect.Method.invoke(Method.java:580) ~[?:?]
    	at com.carrotsearch.randomizedtesting.RandomizedRunner.invoke(RandomizedRunner.java:1750) ~[randomizedtesting-runner-2.7.1.jar:?]
    	at com.carrotsearch.randomizedtesting.RandomizedRunner$8.evaluate(RandomizedRunner.java:938) ~[randomizedtesting-runner-2.7.1.jar:?]
    	at com.carrotsearch.randomizedtesting.RandomizedRunner$9.evaluate(RandomizedRunner.java:974) ~[randomizedtesting-runner-2.7.1.jar:?]
    	at com.carrotsearch.randomizedtesting.RandomizedRunner$10.evaluate(RandomizedRunner.java:988) ~[randomizedtesting-runner-2.7.1.jar:?]
    	at com.carrotsearch.randomizedtesting.rules.StatementAdapter.evaluate(StatementAdapter.java:36) ~[randomizedtesting-runner-2.7.1.jar:?]
    	at org.junit.rules.RunRules.evaluate(RunRules.java:20) ~[junit-4.13.2.jar:4.13.2]
    	at org.apache.lucene.tests.util.TestRuleSetupTeardownChained$1.evaluate(TestRuleSetupTeardownChained.java:48) ~[lucene-test-framework-10.3.1.jar:10.3.1 51190f35a16d2ce433139abfe0fd8365791b352a - 2025-10-02 09:50:16]
    	at org.apache.lucene.tests.util.AbstractBeforeAfterRule$1.evaluate(AbstractBeforeAfterRule.java:43) ~[lucene-test-framework-10.3.1.jar:10.3.1 51190f35a16d2ce433139abfe0fd8365791b352a - 2025-10-02 09:50:16]
    	at org.apache.lucene.tests.util.TestRuleThreadAndTestName$1.evaluate(TestRuleThreadAndTestName.java:45) ~[lucene-test-framework-10.3.1.jar:10.3.1 51190f35a16d2ce433139abfe0fd8365791b352a - 2025-10-02 09:50:16]
    	at org.apache.lucene.tests.util.TestRuleIgnoreAfterMaxFailures$1.evaluate(TestRuleIgnoreAfterMaxFailures.java:60) ~[lucene-test-framework-10.3.1.jar:10.3.1 51190f35a16d2ce433139abfe0fd8365791b352a - 2025-10-02 09:50:16]
    	at org.apache.lucene.tests.util.TestRuleMarkFailure$1.evaluate(TestRuleMarkFailure.java:44) ~[lucene-test-framework-10.3.1.jar:10.3.1 51190f35a16d2ce433139abfe0fd8365791b352a - 2025-10-02 09:50:16]
    	at org.junit.rules.RunRules.evaluate(RunRules.java:20) ~[junit-4.13.2.jar:4.13.2]
    	at com.carrotsearch.randomizedtesting.rules.StatementAdapter.evaluate(StatementAdapter.java:36) ~[randomizedtesting-runner-2.7.1.jar:?]
    	at com.carrotsearch.randomizedtesting.ThreadLeakControl$StatementRunner.run(ThreadLeakControl.java:368) ~[randomizedtesting-runner-2.7.1.jar:?]
    	at com.carrotsearch.randomizedtesting.ThreadLeakControl.forkTimeoutingTask(ThreadLeakControl.java:817) ~[randomizedtesting-runner-2.7.1.jar:?]
    	at com.carrotsearch.randomizedtesting.ThreadLeakControl$3.evaluate(ThreadLeakControl.java:468) ~[randomizedtesting-runner-2.7.1.jar:?]
    	at com.carrotsearch.randomizedtesting.RandomizedRunner.runSingleTest(RandomizedRunner.java:947) ~[randomizedtesting-runner-2.7.1.jar:?]
    	at com.carrotsearch.randomizedtesting.RandomizedRunner$5.evaluate(RandomizedRunner.java:832) ~[randomizedtesting-runner-2.7.1.jar:?]
    	at com.carrotsearch.randomizedtesting.RandomizedRunner$6.evaluate(RandomizedRunner.java:883) ~[randomizedtesting-runner-2.7.1.jar:?]
    	at com.carrotsearch.randomizedtesting.RandomizedRunner$7.evaluate(RandomizedRunner.java:894) ~[randomizedtesting-runner-2.7.1.jar:?]
    	at org.apache.lucene.tests.util.AbstractBeforeAfterRule$1.evaluate(AbstractBeforeAfterRule.java:43) ~[lucene-test-framework-10.3.1.jar:10.3.1 51190f35a16d2ce433139abfe0fd8365791b352a - 2025-10-02 09:50:16]
    	at com.carrotsearch.randomizedtesting.rules.StatementAdapter.evaluate(StatementAdapter.java:36) ~[randomizedtesting-runner-2.7.1.jar:?]
    	at org.apache.lucene.tests.util.TestRuleStoreClassName$1.evaluate(TestRuleStoreClassName.java:38) ~[lucene-test-framework-10.3.1.jar:10.3.1 51190f35a16d2ce433139abfe0fd8365791b352a - 2025-10-02 09:50:16]
    	at com.carrotsearch.randomizedtesting.rules.NoShadowingOrOverridesOnMethodsRule$1.evaluate(NoShadowingOrOverridesOnMethodsRule.java:40) ~[randomizedtesting-runner-2.7.1.jar:?]
    	at com.carrotsearch.randomizedtesting.rules.NoShadowingOrOverridesOnMethodsRule$1.evaluate(NoShadowingOrOverridesOnMethodsRule.java:40) ~[randomizedtesting-runner-2.7.1.jar:?]
    	at com.carrotsearch.randomizedtesting.rules.StatementAdapter.evaluate(StatementAdapter.java:36) ~[randomizedtesting-runner-2.7.1.jar:?]
    	at com.carrotsearch.randomizedtesting.rules.StatementAdapter.evaluate(StatementAdapter.java:36) ~[randomizedtesting-runner-2.7.1.jar:?]
    	at org.apache.lucene.tests.util.TestRuleAssertionsRequired$1.evaluate(TestRuleAssertionsRequired.java:53) ~[lucene-test-framework-10.3.1.jar:10.3.1 51190f35a16d2ce433139abfe0fd8365791b352a - 2025-10-02 09:50:16]
    	at org.apache.lucene.tests.util.AbstractBeforeAfterRule$1.evaluate(AbstractBeforeAfterRule.java:43) ~[lucene-test-framework-10.3.1.jar:10.3.1 51190f35a16d2ce433139abfe0fd8365791b352a - 2025-10-02 09:50:16]
    	at org.apache.lucene.tests.util.TestRuleMarkFailure$1.evaluate(TestRuleMarkFailure.java:44) ~[lucene-test-framework-10.3.1.jar:10.3.1 51190f35a16d2ce433139abfe0fd8365791b352a - 2025-10-02 09:50:16]
    	at org.apache.lucene.tests.util.TestRuleIgnoreAfterMaxFailures$1.evaluate(TestRuleIgnoreAfterMaxFailures.java:60) ~[lucene-test-framework-10.3.1.jar:10.3.1 51190f35a16d2ce433139abfe0fd8365791b352a - 2025-10-02 09:50:16]
    	at org.apache.lucene.tests.util.TestRuleIgnoreTestSuites$1.evaluate(TestRuleIgnoreTestSuites.java:47) ~[lucene-test-framework-10.3.1.jar:10.3.1 51190f35a16d2ce433139abfe0fd8365791b352a - 2025-10-02 09:50:16]
    	at org.junit.rules.RunRules.evaluate(RunRules.java:20) ~[junit-4.13.2.jar:4.13.2]
    	at com.carrotsearch.randomizedtesting.rules.StatementAdapter.evaluate(StatementAdapter.java:36) ~[randomizedtesting-runner-2.7.1.jar:?]
    	at com.carrotsearch.randomizedtesting.ThreadLeakControl$StatementRunner.run(ThreadLeakControl.java:368) ~[randomizedtesting-runner-2.7.1.jar:?]
    	at java.base/java.lang.Thread.run(Thread.java:1583) [?:?]
    [2025-11-21T17:35:02,722][INFO ][o.o.s.t.e.PutExperimentTransportActionTests] [testExperimentCreationFailure] after test

PutExperimentTransportActionTests > testEmptyQueryTextsCompletesExperimentImmediately STANDARD_OUT
    [2025-11-21T17:35:02,724][INFO ][o.o.s.t.e.PutExperimentTransportActionTests] [testEmptyQueryTextsCompletesExperimentImmediately] before test

RestPutJudgmentActionTests > testPutUbiJudgment_Success STANDARD_OUT
    [2025-11-21T11:35:02,728][INFO ][o.o.s.r.RestPutJudgmentActionTests] [testPutUbiJudgment_Success] after test

RestPutJudgmentActionTests > testPutJudgment_InvalidType STANDARD_OUT
    [2025-11-21T11:35:02,730][INFO ][o.o.s.r.RestPutJudgmentActionTests] [testPutJudgment_InvalidType] before test
    [2025-11-21T11:35:02,733][INFO ][o.o.s.r.RestPutJudgmentActionTests] [testPutJudgment_InvalidType] after test

RestPutJudgmentActionTests > testPutLlmJudgment_MissingModelId STANDARD_OUT
    [2025-11-21T11:35:02,735][INFO ][o.o.s.r.RestPutJudgmentActionTests] [testPutLlmJudgment_MissingModelId] before test

PutExperimentTransportActionTests > testEmptyQueryTextsCompletesExperimentImmediately STANDARD_OUT
    [2025-11-21T17:35:02,736][INFO ][o.o.s.e.ExperimentRunningManager] [testEmptyQueryTextsCompletesExperimentImmediately] Experiment 14c7773f-db30-46a8-8452-abd4f5d3a42b completed with 0 query texts
    [2025-11-21T17:35:02,738][INFO ][o.o.s.t.e.PutExperimentTransportActionTests] [testEmptyQueryTextsCompletesExperimentImmediately] after test

RestPutJudgmentActionTests > testPutLlmJudgment_MissingModelId STANDARD_OUT
    [2025-11-21T11:35:02,739][INFO ][o.o.s.r.RestPutJudgmentActionTests] [testPutLlmJudgment_MissingModelId] after test

PutExperimentTransportActionTests > testQuerySetNotFoundHandlesError STANDARD_OUT
    [2025-11-21T17:35:02,741][INFO ][o.o.s.t.e.PutExperimentTransportActionTests] [testQuerySetNotFoundHandlesError] before test

RestPutJudgmentActionTests > testPutLlmJudgment_Success STANDARD_OUT
    [2025-11-21T11:35:02,741][INFO ][o.o.s.r.RestPutJudgmentActionTests] [testPutLlmJudgment_Success] before test

PutExperimentTransportActionTests > testQuerySetNotFoundHandlesError STANDARD_OUT
    [2025-11-21T17:35:02,744][ERROR][o.o.s.e.ExperimentRunningManager] [testQuerySetNotFoundHandlesError] Failed to fetch QuerySet for scheduled experiment: 5870fe81-e6e7-47ae-8c6b-72f06804fccb
    java.lang.RuntimeException: QuerySet not found
    	at org.opensearch.searchrelevance.transport.experiment.PutExperimentTransportActionTests.lambda$testQuerySetNotFoundHandlesError$3(PutExperimentTransportActionTests.java:180) ~[test/:3.3.0.0-SNAPSHOT]
    	at org.mockito.internal.stubbing.StubbedInvocationMatcher.answer(StubbedInvocationMatcher.java:42) ~[mockito-core-5.16.1.jar:?]
    	at org.mockito.internal.handler.MockHandlerImpl.handle(MockHandlerImpl.java:103) ~[mockito-core-5.16.1.jar:?]
    	at org.mockito.internal.handler.NullResultGuardian.handle(NullResultGuardian.java:29) ~[mockito-core-5.16.1.jar:?]
    	at org.mockito.internal.handler.InvocationNotifierHandler.handle(InvocationNotifierHandler.java:34) ~[mockito-core-5.16.1.jar:?]
    	at org.mockito.internal.creation.bytebuddy.access.MockMethodInterceptor.doIntercept(MockMethodInterceptor.java:84) ~[mockito-core-5.16.1.jar:?]
    	at org.mockito.internal.creation.bytebuddy.access.MockMethodInterceptor.doIntercept(MockMethodInterceptor.java:58) ~[mockito-core-5.16.1.jar:?]
    	at org.mockito.internal.creation.bytebuddy.access.MockMethodInterceptor$DispatcherDefaultingToRealMethod.interceptSuperCallable(MockMethodInterceptor.java:147) ~[mockito-core-5.16.1.jar:?]
    	at org.opensearch.searchrelevance.dao.QuerySetDao$MockitoMock$YMc0iiIu.getQuerySet(Unknown Source) ~[opensearch-search-relevance-3.3.0.0-SNAPSHOT.jar:3.3.0.0-SNAPSHOT]
    	at org.opensearch.searchrelevance.executors.ExperimentRunningManager.startExperimentRun(ExperimentRunningManager.java:140) ~[opensearch-search-relevance-3.3.0.0-SNAPSHOT.jar:?]
    	at org.opensearch.searchrelevance.transport.experiment.PutExperimentTransportAction.lambda$doExecute$0(PutExperimentTransportAction.java:104) ~[opensearch-search-relevance-3.3.0.0-SNAPSHOT.jar:3.3.0.0-SNAPSHOT]
    	at org.opensearch.core.action.ActionListener$1.onResponse(ActionListener.java:82) ~[opensearch-core-3.3.0-SNAPSHOT.jar:3.3.0-SNAPSHOT]
    	at org.opensearch.searchrelevance.transport.experiment.PutExperimentTransportActionTests.lambda$testQuerySetNotFoundHandlesError$2(PutExperimentTransportActionTests.java:174) ~[test/:3.3.0.0-SNAPSHOT]
    	at org.mockito.internal.stubbing.StubbedInvocationMatcher.answer(StubbedInvocationMatcher.java:42) ~[mockito-core-5.16.1.jar:?]
    	at org.mockito.internal.handler.MockHandlerImpl.handle(MockHandlerImpl.java:103) ~[mockito-core-5.16.1.jar:?]
    	at org.mockito.internal.handler.NullResultGuardian.handle(NullResultGuardian.java:29) ~[mockito-core-5.16.1.jar:?]
    	at org.mockito.internal.handler.InvocationNotifierHandler.handle(InvocationNotifierHandler.java:34) ~[mockito-core-5.16.1.jar:?]
    	at org.mockito.internal.creation.bytebuddy.access.MockMethodInterceptor.doIntercept(MockMethodInterceptor.java:84) ~[mockito-core-5.16.1.jar:?]
    	at org.mockito.internal.creation.bytebuddy.access.MockMethodInterceptor.doIntercept(MockMethodInterceptor.java:58) ~[mockito-core-5.16.1.jar:?]
    	at org.mockito.internal.creation.bytebuddy.access.MockMethodInterceptor$DispatcherDefaultingToRealMethod.interceptSuperCallable(MockMethodInterceptor.java:147) ~[mockito-core-5.16.1.jar:?]
    	at org.opensearch.searchrelevance.dao.ExperimentDao$MockitoMock$ewn1n3RT.putExperiment(Unknown Source) ~[opensearch-search-relevance-3.3.0.0-SNAPSHOT.jar:3.3.0.0-SNAPSHOT]
    	at org.opensearch.searchrelevance.transport.experiment.PutExperimentTransportAction.doExecute(PutExperimentTransportAction.java:99) ~[opensearch-search-relevance-3.3.0.0-SNAPSHOT.jar:3.3.0.0-SNAPSHOT]
    	at org.opensearch.searchrelevance.transport.experiment.PutExperimentTransportActionTests.testQuerySetNotFoundHandlesError(PutExperimentTransportActionTests.java:185) ~[test/:3.3.0.0-SNAPSHOT]
    	at java.base/jdk.internal.reflect.DirectMethodHandleAccessor.invoke(DirectMethodHandleAccessor.java:103) ~[?:?]
    	at java.base/java.lang.reflect.Method.invoke(Method.java:580) ~[?:?]
    	at com.carrotsearch.randomizedtesting.RandomizedRunner.invoke(RandomizedRunner.java:1750) ~[randomizedtesting-runner-2.7.1.jar:?]
    	at com.carrotsearch.randomizedtesting.RandomizedRunner$8.evaluate(RandomizedRunner.java:938) ~[randomizedtesting-runner-2.7.1.jar:?]
    	at com.carrotsearch.randomizedtesting.RandomizedRunner$9.evaluate(RandomizedRunner.java:974) ~[randomizedtesting-runner-2.7.1.jar:?]
    	at com.carrotsearch.randomizedtesting.RandomizedRunner$10.evaluate(RandomizedRunner.java:988) ~[randomizedtesting-runner-2.7.1.jar:?]
    	at com.carrotsearch.randomizedtesting.rules.StatementAdapter.evaluate(StatementAdapter.java:36) ~[randomizedtesting-runner-2.7.1.jar:?]
    	at org.junit.rules.RunRules.evaluate(RunRules.java:20) ~[junit-4.13.2.jar:4.13.2]
    	at org.apache.lucene.tests.util.TestRuleSetupTeardownChained$1.evaluate(TestRuleSetupTeardownChained.java:48) ~[lucene-test-framework-10.3.1.jar:10.3.1 51190f35a16d2ce433139abfe0fd8365791b352a - 2025-10-02 09:50:16]
    	at org.apache.lucene.tests.util.AbstractBeforeAfterRule$1.evaluate(AbstractBeforeAfterRule.java:43) ~[lucene-test-framework-10.3.1.jar:10.3.1 51190f35a16d2ce433139abfe0fd8365791b352a - 2025-10-02 09:50:16]
    	at org.apache.lucene.tests.util.TestRuleThreadAndTestName$1.evaluate(TestRuleThreadAndTestName.java:45) ~[lucene-test-framework-10.3.1.jar:10.3.1 51190f35a16d2ce433139abfe0fd8365791b352a - 2025-10-02 09:50:16]

RestPutJudgmentActionTests > testPutLlmJudgment_Success STANDARD_OUT
    [2025-11-21T11:35:02,745][INFO ][o.o.s.r.RestPutJudgmentActionTests] [testPutLlmJudgment_Success] after test

PutExperimentTransportActionTests > testQuerySetNotFoundHandlesError STANDARD_OUT
    	at org.apache.lucene.tests.util.TestRuleIgnoreAfterMaxFailures$1.evaluate(TestRuleIgnoreAfterMaxFailures.java:60) ~[lucene-test-framework-10.3.1.jar:10.3.1 51190f35a16d2ce433139abfe0fd8365791b352a - 2025-10-02 09:50:16]
    	at org.apache.lucene.tests.util.TestRuleMarkFailure$1.evaluate(TestRuleMarkFailure.java:44) ~[lucene-test-framework-10.3.1.jar:10.3.1 51190f35a16d2ce433139abfe0fd8365791b352a - 2025-10-02 09:50:16]
    	at org.junit.rules.RunRules.evaluate(RunRules.java:20) ~[junit-4.13.2.jar:4.13.2]
    	at com.carrotsearch.randomizedtesting.rules.StatementAdapter.evaluate(StatementAdapter.java:36) ~[randomizedtesting-runner-2.7.1.jar:?]
    	at com.carrotsearch.randomizedtesting.ThreadLeakControl$StatementRunner.run(ThreadLeakControl.java:368) ~[randomizedtesting-runner-2.7.1.jar:?]
    	at com.carrotsearch.randomizedtesting.ThreadLeakControl.forkTimeoutingTask(ThreadLeakControl.java:817) ~[randomizedtesting-runner-2.7.1.jar:?]
    	at com.carrotsearch.randomizedtesting.ThreadLeakControl$3.evaluate(ThreadLeakControl.java:468) ~[randomizedtesting-runner-2.7.1.jar:?]
    	at com.carrotsearch.randomizedtesting.RandomizedRunner.runSingleTest(RandomizedRunner.java:947) ~[randomizedtesting-runner-2.7.1.jar:?]
    	at com.carrotsearch.randomizedtesting.RandomizedRunner$5.evaluate(RandomizedRunner.java:832) ~[randomizedtesting-runner-2.7.1.jar:?]
    	at com.carrotsearch.randomizedtesting.RandomizedRunner$6.evaluate(RandomizedRunner.java:883) ~[randomizedtesting-runner-2.7.1.jar:?]
    	at com.carrotsearch.randomizedtesting.RandomizedRunner$7.evaluate(RandomizedRunner.java:894) ~[randomizedtesting-runner-2.7.1.jar:?]
    	at org.apache.lucene.tests.util.AbstractBeforeAfterRule$1.evaluate(AbstractBeforeAfterRule.java:43) ~[lucene-test-framework-10.3.1.jar:10.3.1 51190f35a16d2ce433139abfe0fd8365791b352a - 2025-10-02 09:50:16]
    	at com.carrotsearch.randomizedtesting.rules.StatementAdapter.evaluate(StatementAdapter.java:36) ~[randomizedtesting-runner-2.7.1.jar:?]
    	at org.apache.lucene.tests.util.TestRuleStoreClassName$1.evaluate(TestRuleStoreClassName.java:38) ~[lucene-test-framework-10.3.1.jar:10.3.1 51190f35a16d2ce433139abfe0fd8365791b352a - 2025-10-02 09:50:16]
    	at com.carrotsearch.randomizedtesting.rules.NoShadowingOrOverridesOnMethodsRule$1.evaluate(NoShadowingOrOverridesOnMethodsRule.java:40) ~[randomizedtesting-runner-2.7.1.jar:?]
    	at com.carrotsearch.randomizedtesting.rules.NoShadowingOrOverridesOnMethodsRule$1.evaluate(NoShadowingOrOverridesOnMethodsRule.java:40) ~[randomizedtesting-runner-2.7.1.jar:?]
    	at com.carrotsearch.randomizedtesting.rules.StatementAdapter.evaluate(StatementAdapter.java:36) ~[randomizedtesting-runner-2.7.1.jar:?]
    	at com.carrotsearch.randomizedtesting.rules.StatementAdapter.evaluate(StatementAdapter.java:36) ~[randomizedtesting-runner-2.7.1.jar:?]
    	at
     org.apache.lucene.tests.util.TestRuleAssertionsRequired$1.evaluate(TestRuleAssertionsRequired.java:53) ~[lucene-test-framework-10.3.1.jar:10.3.1 51190f35a16d2ce433139abfe0fd8365791b352a - 2025-10-02 09:50:16]
    	at org.apache.lucene.tests.util.AbstractBeforeAfterRule$1.evaluate(AbstractBeforeAfterRule.java:43) ~[lucene-test-framework-10.3.1.jar:10.3.1 51190f35a16d2ce433139abfe0fd8365791b352a - 2025-10-02 09:50:16]
    	at org.apache.lucene.tests.util.TestRuleMarkFailure$1.evaluate(TestRuleMarkFailure.java:44) ~[lucene-test-framework-10.3.1.jar:10.3.1 51190f35a16d2ce433139abfe0fd8365791b352a - 2025-10-02 09:50:16]
    	at org.apache.lucene.tests.util.TestRuleIgnoreAfterMaxFailures$1.evaluate(TestRuleIgnoreAfterMaxFailures.java:60) ~[lucene-test-framework-10.3.1.jar:10.3.1 51190f35a16d2ce433139abfe0fd8365791b352a - 2025-10-02 09:50:16]
    	at org.apache.lucene.tests.util.TestRuleIgnoreTestSuites$1.evaluate(TestRuleIgnoreTestSuites.java:47) ~[lucene-test-framework-10.3.1.jar:10.3.1 51190f35a16d2ce433139abfe0fd8365791b352a - 2025-10-02 09:50:16]
    	at org.junit.rules.RunRules.evaluate(RunRules.java:20) ~[junit-4.13.2.jar:4.13.2]
    	at com.carrotsearch.randomizedtesting.rules.StatementAdapter.evaluate(StatementAdapter.java:36) ~[randomizedtesting-runner-2.7.1.jar:?]
    	at com.carrotsearch.randomizedtesting.ThreadLeakControl$StatementRunner.run(ThreadLeakControl.java:368) ~[randomizedtesting-runner-2.7.1.jar:?]
    	at java.base/java.lang.Thread.run(Thread.java:1583) [?:?]
    [2025-11-21T17:35:02,747][ERROR][o.o.s.e.ExperimentRunningManager] [testQuerySetNotFoundHandlesError] Failed to fetch QuerySet for experiment: 5870fe81-e6e7-47ae-8c6b-72f06804fccb
    java.lang.RuntimeException: QuerySet not found
    	at org.opensearch.searchrelevance.transport.experiment.PutExperimentTransportActionTests.lambda$testQuerySetNotFoundHandlesError$3(PutExperimentTransportActionTests.java:180) ~[test/:3.3.0.0-SNAPSHOT]
    	at org.mockito.internal.stubbing.StubbedInvocationMatcher.answer(StubbedInvocationMatcher.java:42) ~[mockito-core-5.16.1.jar:?]
    	at org.mockito.internal.handler.MockHandlerImpl.handle(MockHandlerImpl.java:103) ~[mockito-core-5.16.1.jar:?]
    	at org.mockito.internal.handler.NullResultGuardian.handle(NullResultGuardian.java:29) ~[mockito-core-5.16.1.jar:?]
    	at org.mockito.internal.handler.InvocationNotifierHandler.handle(InvocationNotifierHandler.java:34) ~[mockito-core-5.16.1.jar:?]
    	at org.mockito.internal.creation.bytebuddy.access.MockMethodInterceptor.doIntercept(MockMethodInterceptor.java:84) ~[mockito-core-5.16.1.jar:?]
    	at org.mockito.internal.creation.bytebuddy.access.MockMethodInterceptor.doIntercept(MockMethodInterceptor.java:58) ~[mockito-core-5.16.1.jar:?]
    	at org.mockito.internal.creation.bytebuddy.access.MockMethodInterceptor$DispatcherDefaultingToRealMethod.interceptSuperCallable(MockMethodInterceptor.java:147) ~[mockito-core-5.16.1.jar:?]
    	at org.opensearch.searchrelevance.dao.QuerySetDao$MockitoMock$YMc0iiIu.getQuerySet(Unknown Source) ~[opensearch-search-relevance-3.3.0.0-SNAPSHOT.jar:3.3.0.0-SNAPSHOT]
    	at org.opensearch.searchrelevance.executors.ExperimentRunningManager.startExperimentRun(ExperimentRunningManager.java:140) ~[opensearch-search-relevance-3.3.0.0-SNAPSHOT.jar:?]
    	at org.opensearch.searchrelevance.transport.experiment.PutExperimentTransportAction.lambda$doExecute$0(PutExperimentTransportAction.java:104) ~[opensearch-search-relevance-3.3.0.0-SNAPSHOT.jar:3.3.0.0-SNAPSHOT]
    	at org.opensearch.core.action.ActionListener$1.onResponse(ActionListener.java:82) ~[opensearch-core-3.3.0-SNAPSHOT.jar:3.3.0-SNAPSHOT]
    	at org.opensearch.searchrelevance.transport.experiment.PutExperimentTransportActionTests.lambda$testQuerySetNotFoundHandlesError$2(PutExperimentTransportActionTests.java:174) ~[test/:3.3.0.0-SNAPSHOT]
    	at org.mockito.internal.stubbing.StubbedInvocationMatcher.answer(StubbedInvocationMatcher.java:42) ~[mockito-core-5.16.1.jar:?]

RestPutJudgmentActionTests > testPrepareRequest_WorkbenchDisabled STANDARD_OUT
    [2025-11-21T11:35:02,748][INFO ][o.o.s.r.RestPutJudgmentActionTests] [testPrepareRequest_WorkbenchDisabled] before test

PutExperimentTransportActionTests > testQuerySetNotFoundHandlesError STANDARD_OUT
    	at org.mockito.internal.handler.MockHandlerImpl.handle(MockHandlerImpl.java:103) ~[mockito-core-5.16.1.jar:?]
    	at org.mockito.internal.handler.NullResultGuardian.handle(NullResultGuardian.java:29) ~[mockito-core-5.16.1.jar:?]
    	at org.mockito.internal.handler.InvocationNotifierHandler.handle(InvocationNotifierHandler.java:34) ~[mockito-core-5.16.1.jar:?]
    	at org.mockito.internal.creation.bytebuddy.access.MockMethodInterceptor.doIntercept(MockMethodInterceptor.java:84) ~[mockito-core-5.16.1.jar:?]
    	at org.mockito.internal.creation.bytebuddy.access.MockMethodInterceptor.doIntercept(MockMethodInterceptor.java:58) ~[mockito-core-5.16.1.jar:?]
    	at org.mockito.internal.creation.bytebuddy.access.MockMethodInterceptor$DispatcherDefaultingToRealMethod.interceptSuperCallable(MockMethodInterceptor.java:147) ~[mockito-core-5.16.1.jar:?]
    	at org.opensearch.searchrelevance.dao.ExperimentDao$MockitoMock$ewn1n3RT.putExperiment(Unknown Source) ~[opensearch-search-relevance-3.3.0.0-SNAPSHOT.jar:3.3.0.0-SNAPSHOT]
    	at org.opensearch.searchrelevance.transport.experiment.PutExperimentTransportAction.doExecute(PutExperimentTransportAction.java:99) ~[opensearch-search-relevance-3.3.0.0-SNAPSHOT.jar:3.3.0.0-SNAPSHOT]
    	at org.opensearch.searchrelevance.transport.experiment.PutExperimentTransportActionTests.testQuerySetNotFoundHandlesError(PutExperimentTransportActionTests.java:185) ~[test/:3.3.0.0-SNAPSHOT]
    	at java.base/jdk.internal.reflect.DirectMethodHandleAccessor.invoke(DirectMethodHandleAccessor.java:103) ~[?:?]
    	at java.base/java.lang.reflect.Method.invoke(Method.java:580) ~[?:?]
    	at com.carrotsearch.randomizedtesting.RandomizedRunner.invoke(RandomizedRunner.java:1750) ~[randomizedtesting-runner-2.7.1.jar:?]
    	at com.carrotsearch.randomizedtesting.RandomizedRunner$8.evaluate(RandomizedRunner.java:938) ~[randomizedtesting-runner-2.7.1.jar:?]
    	at com.carrotsearch.randomizedtesting.RandomizedRunner$9.evaluate(RandomizedRunner.java:974) ~[randomizedtesting-runner-2.7.1.jar:?]
    	at com.carrotsearch.randomizedtesting.RandomizedRunner$10.evaluate(RandomizedRunner.java:988) ~[randomizedtesting-runner-2.7.1.jar:?]
    	at com.carrotsearch.randomizedtesting.rules.StatementAdapter.evaluate(StatementAdapter.java:36) ~[randomizedtesting-runner-2.7.1.jar:?]
    	at org.junit.rules.RunRules.evaluate(RunRules.java:20) ~[junit-4.13.2.jar:4.13.2]
    	at org.apache.lucene.tests.util.TestRuleSetupTeardownChained$1.evaluate(TestRuleSetupTeardownChained.java:48) ~[lucene-test-framework-10.3.1.jar:10.3.1 51190f35a16d2ce433139abfe0fd8365791b352a - 2025-10-02 09:50:16]
    	at org.apache.lucene.tests.util.AbstractBeforeAfterRule$1.evaluate(AbstractBeforeAfterRule.java:43) ~[lucene-test-framework-10.3.1.jar:10.3.1 51190f35a16d2ce433139abfe0fd8365791b352a - 2025-10-02 09:50:16]
    	at org.apache.lucene.tests.util.TestRuleThreadAndTestName$1.evaluate(TestRuleThreadAndTestName.java:45) ~[lucene-test-framework-10.3.1.jar:10.3.1 51190f35a16d2ce433139abfe0fd8365791b352a - 2025-10-02 09:50:16]
    	at org.apache.lucene.tests.util.TestRuleIgnoreAfterMaxFailures$1.evaluate(TestRuleIgnoreAfterMaxFailures.java:60) ~[lucene-test-framework-10.3.1.jar:10.3.1 51190f35a16d2ce433139abfe0fd8365791b352a - 2025-10-02 09:50:16]
    	at org.apache.lucene.tests.util.TestRuleMarkFailure$1.evaluate(TestRuleMarkFailure.java:44) ~[lucene-test-framework-10.3.1.jar:10.3.1 51190f35a16d2ce433139abfe0fd8365791b352a - 2025-10-02 09:50:16]
    	at org.junit.rules.RunRules.evaluate(RunRules.java:20) ~[junit-4.13.2.jar:4.13.2]
    	at com.carrotsearch.randomizedtesting.rules.StatementAdapter.evaluate(StatementAdapter.java:36) ~[randomizedtesting-runner-2.7.1.jar:?]
    	at com.carrotsearch.randomizedtesting.ThreadLeakControl$StatementRunner.run(ThreadLeakControl.java:368) ~[randomizedtesting-runner-2.7.1.jar:?]
    	at com.carrotsearch.randomizedtesting.ThreadLeakControl.forkTimeoutingTask(ThreadLeakControl.java:817) ~[randomizedtesting-runner-2.7.1.jar:?]
    	at com.carrotsearch.randomizedtesting.ThreadLeakControl$3.evaluate(ThreadLeakControl.java:468) ~[randomizedtesting-runner-2.7.1.jar:?]
    	at com.carrotsearch.randomizedtesting.RandomizedRunner.runSingleTest(RandomizedRunner.java:947) ~[randomizedtesting-runner-2.7.1.jar:?]
    	at com.carrotsearch.randomizedtesting.RandomizedRunner$5.evaluate(RandomizedRunner.java:832) ~[randomizedtesting-runner-2.7.1.jar:?]
    	at com.carrotsearch.randomizedtesting.RandomizedRunner$6.evaluate(RandomizedRunner.java:883) ~[randomizedtesting-runner-2.7.1.jar:?]
    	at com.carrotsearch.randomizedtesting.RandomizedRunner$7.evaluate(RandomizedRunner.java:894) ~[randomizedtesting-runner-2.7.1.jar:?]
    	at org.apache.lucene.tests.util.AbstractBeforeAfterRule$1.evaluate(AbstractBeforeAfterRule.java:43) ~[lucene-test-framework-10.3.1.jar:10.3.1 51190f35a16d2ce433139abfe0fd8365791b352a - 2025-10-02 09:50:16]
    	at com.carrotsearch.randomizedtesting.rules.StatementAdapter.evaluate(StatementAdapter.java:36) ~[randomizedtesting-runner-2.7.1.jar:?]
    	at org.apache.lucene.tests.util.TestRuleStoreClassName$1.evaluate(TestRuleStoreClassName.java:38) ~[lucene-test-framework-10.3.1.jar:10.3.1 51190f35a16d2ce433139abfe0fd8365791b352a - 2025-10-02 09:50:16]
    	at com.carrotsearch.randomizedtesting.rules.NoShadowingOrOverridesOnMethodsRule$1.evaluate(NoShadowingOrOverridesOnMethodsRule.java:40) ~[randomizedtesting-runner-2.7.1.jar:?]
    	at com.carrotsearch.randomizedtesting.rules.NoShadowingOrOverridesOnMethodsRule$1.evaluate(NoShadowingOrOverridesOnMethodsRule.java:40) ~[randomizedtesting-runner-2.7.1.jar:?]
    	at com.carrotsearch.randomizedtesting.rules.StatementAdapter.evaluate(StatementAdapter.java:36) ~[randomizedtesting-runner-2.7.1.jar:?]
    	at com.carrotsearch.randomizedtesting.rules.StatementAdapter.evaluate(StatementAdapter.java:36) ~[randomizedtesting-runner-2.7.1.jar:?]
    	at org.apach
    e.lucene.tests.util.TestRuleAssertionsRequired$1.evaluate(TestRuleAssertionsRequired.java:53) ~[lucene-test-framework-10.3.1.jar:10.3.1 51190f35a16d2ce433139abfe0fd8365791b352a - 2025-10-02 09:50:16]
    	at org.apache.lucene.tests.util.AbstractBeforeAfterRule$1.evaluate(AbstractBeforeAfterRule.java:43) ~[lucene-test-framework-10.3.1.jar:10.3.1 51190f35a16d2ce433139abfe0fd8365791b352a - 2025-10-02 09:50:16]
    	at org.apache.lucene.tests.util.TestRuleMarkFailure$1.evaluate(TestRuleMarkFailure.java:44) ~[lucene-test-framework-10.3.1.jar:10.3.1 51190f35a16d2ce433139abfe0fd8365791b352a - 2025-10-02 09:50:16]
    	at org.apache.lucene.tests.util.TestRuleIgnoreAfterMaxFailures$1.evaluate(TestRuleIgnoreAfterMaxFailures.java:60) ~[lucene-test-framework-10.3.1.jar:10.3.1 51190f35a16d2ce433139abfe0fd8365791b352a - 2025-10-02 09:50:16]
    	at org.apache.lucene.tests.util.TestRuleIgnoreTestSuites$1.evaluate(TestRuleIgnoreTestSuites.java:47) ~[lucene-test-framework-10.3.1.jar:10.3.1 51190f35a16d2ce433139abfe0fd8365791b352a - 2025-10-02 09:50:16]
    	at org.junit.rules.RunRules.evaluate(RunRules.java:20) ~[junit-4.13.2.jar:4.13.2]
    	at com.carrotsearch.randomizedtesting.rules.StatementAdapter.evaluate(StatementAdapter.java:36) ~[randomizedtesting-runner-2.7.1.jar:?]
    	at com.carrotsearch.randomizedtesting.ThreadLeakControl$StatementRunner.run(ThreadLeakControl.java:368) ~[randomizedtesting-runner-2.7.1.jar:?]
    	at java.base/java.lang.Thread.run(Thread.java:1583) [?:?]
    [2025-11-21T17:35:02,750][INFO ][o.o.s.t.e.PutExperimentTransportActionTests] [testQuerySetNotFoundHandlesError] after test

EventStatsManagerTests > test_incrementWhenStatsDisabled STANDARD_OUT
    [2025-11-21T13:35:02,746][INFO ][o.o.s.s.e.EventStatsManagerTests] [test_incrementWhenStatsDisabled] before test

RestPutJudgmentActionTests > testPrepareRequest_WorkbenchDisabled STANDARD_OUT
    [2025-11-21T11:35:02,751][INFO ][o.o.s.r.RestPutJudgmentActionTests] [testPrepareRequest_WorkbenchDisabled] after test

EventStatsManagerTests > test_incrementWhenStatsDisabled STANDARD_OUT
    [2025-11-21T13:35:02,752][INFO ][o.o.s.s.e.EventStatsManagerTests] [test_incrementWhenStatsDisabled] after test

RestPutJudgmentActionTests > testPutImportJudgment_Success STANDARD_OUT
    [2025-11-21T11:35:02,753][INFO ][o.o.s.r.RestPutJudgmentActionTests] [testPutImportJudgment_Success] before test

EventStatsManagerTests > test_singletonInstanceCreation STANDARD_OUT
    [2025-11-21T13:35:02,755][INFO ][o.o.s.s.e.EventStatsManagerTests] [test_singletonInstanceCreation] before test
    [2025-11-21T13:35:02,755][INFO ][o.o.s.s.e.EventStatsManagerTests] [test_singletonInstanceCreation] after test

Gradle Test Executor 27 finished executing tests.
Gradle Test Executor 30 finished executing tests.
Gradle Test Executor 29 finished executing tests.
Gradle Test Executor 28 finished executing tests.
Gradle Test Executor 31 finished executing tests.
Gradle Test Executor 32 finished executing tests.

> Task :test

EventStatsManagerTests > test_reset STANDARD_OUT
    [2025-11-21T13:35:02,757][INFO ][o.o.s.s.e.EventStatsManagerTests] [test_reset] before test
    [2025-11-21T13:35:02,757][INFO ][o.o.s.s.e.EventStatsManagerTests] [test_reset] after test

RestPutJudgmentActionTests > testPutImportJudgment_Success STANDARD_OUT
    [2025-11-21T11:35:02,757][INFO ][o.o.s.r.RestPutJudgmentActionTests] [testPutImportJudgment_Success] after test

EventStatsManagerTests > test_increment STANDARD_OUT
    [2025-11-21T13:35:02,758][INFO ][o.o.s.s.e.EventStatsManagerTests] [test_increment] before test
    [2025-11-21T13:35:02,759][INFO ][o.o.s.s.e.EventStatsManagerTests] [test_increment] after test

EventStatsManagerTests > test_getTimestampedEventStatSnapshotsReturnsEmptyMap STANDARD_OUT
    [2025-11-21T13:35:02,762][INFO ][o.o.s.s.e.EventStatsManagerTests] [test_getTimestampedEventStatSnapshotsReturnsEmptyMap] before test
    [2025-11-21T13:35:02,763][INFO ][o.o.s.s.e.EventStatsManagerTests] [test_getTimestampedEventStatSnapshotsReturnsEmptyMap] after test

EventStatsManagerTests > test_getTimestampedEventStatSnapshots STANDARD_OUT
    [2025-11-21T13:35:02,766][INFO ][o.o.s.s.e.EventStatsManagerTests] [test_getTimestampedEventStatSnapshots] before test
    [2025-11-21T13:35:02,769][INFO ][o.o.s.s.e.EventStatsManagerTests] [test_getTimestampedEventStatSnapshots] after test

SettableInfoStatSnapshotTests > test_setValueUpdates STANDARD_OUT
    [2025-11-22T07:35:02,785][INFO ][o.o.s.s.i.SettableInfoStatSnapshotTests] [test_setValueUpdates] before test
    [2025-11-22T07:35:02,789][INFO ][o.o.s.s.i.SettableInfoStatSnapshotTests] [test_setValueUpdates] after test

SettableInfoStatSnapshotTests > test_constructorWithoutValue STANDARD_OUT
    [2025-11-22T07:35:02,792][INFO ][o.o.s.s.i.SettableInfoStatSnapshotTests] [test_constructorWithoutValue] before test

SearchRelevancePluginTests > testTotalRestHandlers STANDARD_OUT
    [2025-11-22T00:35:02,793][INFO ][o.o.s.p.SearchRelevancePluginTests] [testTotalRestHandlers] after test

SettableInfoStatSnapshotTests > test_constructorWithoutValue STANDARD_OUT
    [2025-11-22T07:35:02,794][INFO ][o.o.s.s.i.SettableInfoStatSnapshotTests] [test_constructorWithoutValue] after test

SettableInfoStatSnapshotTests > test_constructorWithValue STANDARD_OUT
    [2025-11-22T07:35:02,796][INFO ][o.o.s.s.i.SettableInfoStatSnapshotTests] [test_constructorWithValue] before test
    [2025-11-22T07:35:02,797][INFO ][o.o.s.s.i.SettableInfoStatSnapshotTests] [test_constructorWithValue] after test

SettableInfoStatSnapshotTests > test_toXContent STANDARD_OUT
    [2025-11-22T07:35:02,797][INFO ][o.o.s.s.i.SettableInfoStatSnapshotTests] [test_toXContent] before test

SearchRelevancePluginTests > testIsAnSystemIndexPlugin STANDARD_OUT
    [2025-11-22T00:35:02,809][INFO ][o.o.s.p.SearchRelevancePluginTests] [testIsAnSystemIndexPlugin] before test
    [2025-11-22T00:35:02,809][INFO ][o.o.s.p.SearchRelevancePluginTests] [testIsAnSystemIndexPlugin] after test

SettableInfoStatSnapshotTests > test_toXContent STANDARD_OUT
    [2025-11-22T07:35:02,812][INFO ][o.o.s.s.i.SettableInfoStatSnapshotTests] [test_toXContent] after test

SearchRelevancePluginTests > testQuerySetTransportIsAdded STANDARD_OUT
    [2025-11-22T00:35:02,816][INFO ][o.o.s.p.SearchRelevancePluginTests] [testQuerySetTransportIsAdded] before test
    [2025-11-22T00:35:02,844][INFO ][o.o.s.p.SearchRelevancePluginTests] [testQuerySetTransportIsAdded] after test

SearchRelevancePluginTests > testSystemIndexDescriptors STANDARD_OUT
    [2025-11-22T00:35:02,849][INFO ][o.o.s.p.SearchRelevancePluginTests] [testSystemIndexDescriptors] before test
    [2025-11-22T00:35:02,863][INFO ][o.o.s.p.SearchRelevancePluginTests] [testSystemIndexDescriptors] after test

SearchRelevancePluginTests > testCreateComponents STANDARD_OUT
    [2025-11-22T00:35:02,870][INFO ][o.o.s.p.SearchRelevancePluginTests] [testCreateComponents] before test

SearchRelevanceJobRunnerTests > testCleanupReachedForSuccessfulExperiment STANDARD_OUT
    [2025-11-22T10:35:02,873][INFO ][o.o.s.s.SearchRelevanceJobRunnerTests] [testCleanupReachedForSuccessfulExperiment] before test
    [2025-11-22T10:35:02,883][INFO ][o.o.s.s.SearchRelevanceJobRunner] [testCleanupReachedForSuccessfulExperiment] Search evaluation task has concluded without cancellation
    [2025-11-22T10:35:02,883][INFO ][o.o.s.s.SearchRelevanceJobRunnerTests] [testCleanupReachedForSuccessfulExperiment] after test

SearchRelevanceJobRunnerTests > testCleanupReachedForFailedLockAcquisitionRunAttempt STANDARD_OUT
    [2025-11-22T10:35:02,888][INFO ][o.o.s.s.SearchRelevanceJobRunnerTests] [testCleanupReachedForFailedLockAcquisitionRunAttempt] before test
    [2025-11-22T10:35:02,890][ERROR][o.o.s.s.SearchRelevanceJobRunner] [testCleanupReachedForFailedLockAcquisitionRunAttempt] Scheduled experiment has timed out. Moving onto cleanup
    [2025-11-22T10:35:02,890][INFO ][o.o.s.s.SearchRelevanceJobRunner] [testCleanupReachedForFailedLockAcquisitionRunAttempt] Search evaluation task has concluded without cancellation
    [2025-11-22T10:35:02,891][INFO ][o.o.s.s.SearchRelevanceJobRunnerTests] [testCleanupReachedForFailedLockAcquisitionRunAttempt] after test

SearchRelevancePluginTests > testCreateComponents STANDARD_OUT
    [2025-11-22T00:35:02,893][INFO ][o.o.s.e.ExperimentTaskManager] [testCreateComponents] ExperimentTaskManager initialized with max 6 concurrent tasks (processors: 12)

SearchRelevanceJobRunnerTests > testCleanupReachedForFailedExperimentRunAttempt STANDARD_OUT
    [2025-11-22T10:35:02,895][INFO ][o.o.s.s.SearchRelevanceJobRunnerTests] [testCleanupReachedForFailedExperimentRunAttempt] before test
    [2025-11-22T10:35:02,899][INFO ][o.o.s.s.SearchRelevanceJobRunner] [testCleanupReachedForFailedExperimentRunAttempt] Search evaluation task has concluded without cancellation
    [2025-11-22T10:35:02,900][INFO ][o.o.s.s.SearchRelevanceJobRunnerTests] [testCleanupReachedForFailedExperimentRunAttempt] after test

SearchRelevancePluginTests > testCreateComponents STANDARD_OUT
    [2025-11-22T00:35:02,903][INFO ][o.o.s.p.SearchRelevancePluginTests] [testCreateComponents] after test

SearchRelevancePluginTests > testGetSettings STANDARD_OUT
    [2025-11-22T00:35:02,919][INFO ][o.o.s.p.SearchRelevancePluginTests] [testGetSettings] before test
    [2025-11-22T00:35:02,921][INFO ][o.o.s.p.SearchRelevancePluginTests] [testGetSettings] after test

CountableInfoStatSnapshotTests > test_increment STANDARD_OUT
    [2025-11-21T22:35:02,923][INFO ][o.o.s.s.i.CountableInfoStatSnapshotTests] [test_increment] before test
    [2025-11-21T22:35:02,929][INFO ][o.o.s.s.i.CountableInfoStatSnapshotTests] [test_increment] after test

CountableInfoStatSnapshotTests > test_toXContent STANDARD_OUT
    [2025-11-21T22:35:02,930][INFO ][o.o.s.s.i.CountableInfoStatSnapshotTests] [test_toXContent] before test
    [2025-11-21T22:35:02,941][INFO ][o.o.s.s.i.CountableInfoStatSnapshotTests] [test_toXContent] after test

RestGetScheduledExperimentActionTests > testListScheduledExperiments_Success STANDARD_OUT
    [2025-11-22T11:35:02,961][INFO ][o.o.s.r.RestGetScheduledExperimentActionTests] [testListScheduledExperiments_Success] before test

SearchRelevanceStatsTransportActionTests > test_newResponseMultipleNodesStateAndEventStats STANDARD_OUT
    [2025-11-21T21:35:02,967][INFO ][o.o.s.t.s.SearchRelevanceStatsTransportActionTests] [test_newResponseMultipleNodesStateAndEventStats] before test

MetricsHelperTests > testProcessEvaluationMetricsWithPipeline STANDARD_OUT
    [2025-11-21T23:35:02,986][INFO ][o.o.s.m.MetricsHelperTests] [testProcessEvaluationMetricsWithPipeline] before test

TokenizerUtilTests > testTruncateStringExceedingLimit STANDARD_OUT
    [2025-11-21T18:35:03,025][INFO ][o.o.s.m.TokenizerUtilTests] [testTruncateStringExceedingLimit] after test

TokenizerUtilTests > testTruncateStringWithinLimit STANDARD_OUT
    [2025-11-21T18:35:03,033][INFO ][o.o.s.m.TokenizerUtilTests] [testTruncateStringWithinLimit] before test
    [2025-11-21T18:35:03,035][INFO ][o.o.s.m.TokenizerUtilTests] [testTruncateStringWithinLimit] after test

TokenizerUtilTests > testTruncateStringWithZeroLimit STANDARD_OUT
    [2025-11-21T18:35:03,037][INFO ][o.o.s.m.TokenizerUtilTests] [testTruncateStringWithZeroLimit] before test
    [2025-11-21T18:35:03,038][INFO ][o.o.s.m.TokenizerUtilTests] [testTruncateStringWithZeroLimit] after test

TokenizerUtilTests > testCountTokensWithSimpleString STANDARD_OUT
    [2025-11-21T18:35:03,039][INFO ][o.o.s.m.TokenizerUtilTests] [testCountTokensWithSimpleString] before test
    [2025-11-21T18:35:03,040][INFO ][o.o.s.m.TokenizerUtilTests] [testCountTokensWithSimpleString] after test

TokenizerUtilTests > testCountTokensWithNullOrEmptyString STANDARD_OUT
    [2025-11-21T18:35:03,042][INFO ][o.o.s.m.TokenizerUtilTests] [testCountTokensWithNullOrEmptyString] before test
    [2025-11-21T18:35:03,043][INFO ][o.o.s.m.TokenizerUtilTests] [testCountTokensWithNullOrEmptyString] after test

TokenizerUtilTests > testCountTokensWithModelType STANDARD_OUT
    [2025-11-21T18:35:03,045][INFO ][o.o.s.m.TokenizerUtilTests] [testCountTokensWithModelType] before test
    [2025-11-21T18:35:03,049][INFO ][o.o.s.m.TokenizerUtilTests] [testCountTokensWithModelType] after test

RestGetScheduledExperimentActionTests > testListScheduledExperiments_Success STANDARD_OUT
    [2025-11-22T11:35:03,078][INFO ][o.o.s.r.RestGetScheduledExperimentActionTests] [testListScheduledExperiments_Success] after test

RestGetScheduledExperimentActionTests > testPrepareRequest_JobSchedulerDisabled STANDARD_OUT
    [2025-11-22T11:35:03,081][INFO ][o.o.s.r.RestGetScheduledExperimentActionTests] [testPrepareRequest_JobSchedulerDisabled] before test
    [2025-11-22T11:35:03,085][INFO ][o.o.s.r.RestGetScheduledExperimentActionTests] [testPrepareRequest_JobSchedulerDisabled] after test

RestGetScheduledExperimentActionTests > testScheduledExperiment_Failure STANDARD_OUT
    [2025-11-22T11:35:03,087][INFO ][o.o.s.r.RestGetScheduledExperimentActionTests] [testScheduledExperiment_Failure] before test
    [2025-11-22T11:35:03,093][WARN ][r.suppressed             ] [testScheduledExperiment_Failure] path: /_plugins/_search_relevance/experiment/schedule, params: {}
    java.io.IOException: Test exception
    	at org.opensearch.searchrelevance.rest.RestGetScheduledExperimentActionTests.lambda$testScheduledExperiment_Failure$2(RestGetScheduledExperimentActionTests.java:150) ~[test/:3.3.0.0-SNAPSHOT]
    	at org.mockito.internal.stubbing.StubbedInvocationMatcher.answer(StubbedInvocationMatcher.java:42) ~[mockito-core-5.16.1.jar:?]
    	at org.mockito.internal.handler.MockHandlerImpl.handle(MockHandlerImpl.java:103) ~[mockito-core-5.16.1.jar:?]
    	at org.mockito.internal.handler.NullResultGuardian.handle(NullResultGuardian.java:29) ~[mockito-core-5.16.1.jar:?]
    	at org.mockito.internal.handler.InvocationNotifierHandler.handle(InvocationNotifierHandler.java:34) ~[mockito-core-5.16.1.jar:?]
    	at org.mockito.internal.creation.bytebuddy.access.MockMethodInterceptor.doIntercept(MockMethodInterceptor.java:84) ~[mockito-core-5.16.1.jar:?]
    	at org.mockito.internal.creation.bytebuddy.access.MockMethodInterceptor.doIntercept(MockMethodInterceptor.java:58) ~[mockito-core-5.16.1.jar:?]
    	at org.mockito.internal.creation.bytebuddy.access.MockMethodInterceptor$DispatcherDefaultingToRealMethod.interceptSuperCallable(MockMethodInterceptor.java:147) ~[mockito-core-5.16.1.jar:?]
    	at org.opensearch.transport.client.node.NodeClient$MockitoMock$Zgkeh806.doExecute(Unknown Source) ~[opensearch-3.3.0-SNAPSHOT.jar:3.3.0-SNAPSHOT]
    	at org.opensearch.transport.client.support.AbstractClient.execute(AbstractClient.java:501) ~[opensearch-3.3.0-SNAPSHOT.jar:3.3.0-SNAPSHOT]
    	at org.opensearch.searchrelevance.rest.RestGetScheduledExperimentAction.lambda$executeGetRequest$2(RestGetScheduledExperimentAction.java:89) ~[opensearch-search-relevance-3.3.0.0-SNAPSHOT.jar:3.3.0.0-SNAPSHOT]
    	at org.opensearch.rest.BaseRestHandler.handleRequest(BaseRestHandler.java:132) ~[opensearch-3.3.0-SNAPSHOT.jar:3.3.0-SNAPSHOT]
    	at org.opensearch.searchrelevance.rest.RestGetScheduledExperimentActionTests.testScheduledExperiment_Failure(RestGetScheduledExperimentActionTests.java:155) ~[test/:3.3.0.0-SNAPSHOT]
    	at java.base/jdk.internal.reflect.DirectMethodHandleAccessor.invoke(DirectMethodHandleAccessor.java:103) ~[?:?]
    	at java.base/java.lang.reflect.Method.invoke(Method.java:580) ~[?:?]
    	at com.carrotsearch.randomizedtesting.RandomizedRunner.invoke(RandomizedRunner.java:1750) ~[randomizedtesting-runner-2.7.1.jar:?]
    	at com.carrotsearch.randomizedtesting.RandomizedRunner$8.evaluate(RandomizedRunner.java:938) ~[randomizedtesting-runner-2.7.1.jar:?]
    	at com.carrotsearch.randomizedtesting.RandomizedRunner$9.evaluate(RandomizedRunner.java:974) ~[randomizedtesting-runner-2.7.1.jar:?]
    	at com.carrotsearch.randomizedtesting.RandomizedRunner$10.evaluate(RandomizedRunner.java:988) ~[randomizedtesting-runner-2.7.1.jar:?]
    	at com.carrotsearch.randomizedtesting.rules.StatementAdapter.evaluate(StatementAdapter.java:36) ~[randomizedtesting-runner-2.7.1.jar:?]
    	at org.junit.rules.RunRules.evaluate(RunRules.java:20) ~[junit-4.13.2.jar:4.13.2]
    	at org.apache.lucene.tests.util.TestRuleSetupTeardownChained$1.evaluate(TestRuleSetupTeardownChained.java:48) ~[lucene-test-framework-10.3.1.jar:10.3.1 51190f35a16d2ce433139abfe0fd8365791b352a - 2025-10-02 09:50:16]
    	at org.apache.lucene.tests.util.AbstractBeforeAfterRule$1.evaluate(AbstractBeforeAfterRule.java:43) ~[lucene-test-framework-10.3.1.jar:10.3.1 51190f35a16d2ce433139abfe0fd8365791b352a - 2025-10-02 09:50:16]
    	at org.apache.lucene.tests.util.TestRuleThreadAndTestName$1.evaluate(TestRuleThreadAndTestName.java:45) ~[lucene-test-framework-10.3.1.jar:10.3.1 51190f35a16d2ce433139abfe0fd8365791b352a - 2025-10-02 09:50:16]
    	at org.apache.lucene.tests.util.TestRuleIgnoreAfterMaxFailures$1.evaluate(TestRuleIgnoreAfterMaxFailures.java:60) ~[lucene-test-framework-10.3.1.jar:10.3.1 51190f35a16d2ce433139abfe0fd8365791b352a - 2025-10-02 09:50:16]
    	at org.apache.lucene.tests.util.TestRuleMarkFailure$1.evaluate(TestRuleMarkFailure.java:44) ~[lucene-test-framework-10.3.1.jar:10.3.1 51190f35a16d2ce433139abfe0fd8365791b352a - 2025-10-02 09:50:16]
    	at org.junit.rules.RunRules.evaluate(RunRules.java:20) ~[junit-4.13.2.jar:4.13.2]
    	at com.carrotsearch.randomizedtesting.rules.StatementAdapter.evaluate(StatementAdapter.java:36) ~[randomizedtesting-runner-2.7.1.jar:?]
    	at com.carrotsearch.randomizedtesting.ThreadLeakControl$StatementRunner.run(ThreadLeakControl.java:368) ~[randomizedtesting-runner-2.7.1.jar:?]
    	at com.carrotsearch.randomizedtesting.ThreadLeakControl.forkTimeoutingTask(ThreadLeakControl.java:817) ~[randomizedtesting-runner-2.7.1.jar:?]
    	at com.carrotsearch.randomizedtesting.ThreadLeakControl$3.evaluate(ThreadLeakControl.java:468) ~[randomizedtesting-runner-2.7.1.jar:?]
    	at com.carrotsearch.randomizedtesting.RandomizedRunner.runSingleTest(RandomizedRunner.java:947) ~[randomizedtesting-runner-2.7.1.jar:?]
    	at com.carrotsearch.randomizedtesting.RandomizedRunner$5.evaluate(RandomizedRunner.java:832) ~[randomizedtesting-runner-2.7.1.jar:?]
    	at com.carrotsearch.randomizedtesting.RandomizedRunner$6.evaluate(RandomizedRunner.java:883) ~[randomizedtesting-runner-2.7.1.jar:?]
    	at com.carrotsearch.randomizedtesting.RandomizedRunner$7.evaluate(RandomizedRunner.java:894) ~[randomizedtesting-runner-2.7.1.jar:?]
    	at org.apache.lucene.tests.util.AbstractBeforeAfterRule$1.evaluate(AbstractBeforeAfterRule.java:43) ~[lucene-test-framework-10.3.1.jar:10.3.1 51190f35a16d2ce433139abfe0fd8365791b352a - 2025-10-02 09:50:16]
    	at com.carrotsearch.randomizedtesting.rules.StatementAdapter.evaluate(StatementAdapter.java:36) ~[randomizedtesting-runner-2.7.1.jar:?]
    	at org.apache.lucene.tests.util.TestRuleStoreClassName$1.evaluate(TestRuleStoreClassName.java:38) ~[lucene-test-framework-10.3.1.jar:10.3.1 51190f35a16d2ce433139abfe0fd8365791b352a - 2025-10-02 09:50:16]
    	at com.carrotsearch.randomizedtesting.rules.NoShadowingOrOverridesOnMethodsRule$1.evaluate(NoShadowingOrOverridesOnMethodsRule.java:40) ~[randomizedtesting-runner-2.7.1.jar:?]
    	at com.carrotsearch.randomizedtesting.rules.NoShadowingOrOverridesOnMethodsRule$1.evaluate(NoShadowingOrOverridesOnMethodsRule.java:40) ~[randomizedtesting-runner-2.7.1.jar:?]
    	at com.carrotsearch.randomizedtesting.rules.StatementAdapter.evaluate(StatementAdapter.java:36) ~[randomizedtesting-runner-2.7.1.jar:?]
    	at com.carrotsearch.randomizedtesting.rules.StatementAdapter.evaluate(StatementAdapter.java:36) ~[randomizedtesting-runner-2.7.1.jar:?]
    	at org.apache.lucene.tests.util.TestRuleAssertionsRequired$1.evaluate(TestRuleAssertionsRequired.java:53) ~[lucene-test-framework-10.3.1.jar:10.3.1 51190f35a16d2ce433139abfe0fd8365791b352a - 2025-10-02 09:50:16]
    	at org.apache.lucene.tests.util.AbstractBeforeAfterRule$1.evaluate(AbstractBeforeAfterRule.java:43) ~[lucene-test-framework-10.3.1.jar:10.3.1 51190f35a16d2ce433139abfe0fd8365791b352a - 2025-10-02 09:50:16]
    	at org.apache.lucene.tests.util.TestRuleMarkFailure$1.evaluate(TestRuleMarkFailure.java:44) ~[lucene-test-framework-10.3.1.jar:10.3.1 51190f35a16d2ce433139abfe0fd8365791b352a - 2025-10-02 09:50:16]
    	at org.apache.lucene.tests.util.TestRuleIgnoreAfterMaxFailures$1.evaluate(TestRuleIgnoreAfterMaxFailures.java:60) ~[lucene-test-framework-10.3.1.jar:10.3.1 51190f35a16d2ce433139abfe0fd8365791b352a - 2025-10-02 09:50:16]
    	at org.apache.lucene.tests.util.TestRuleIgnoreTestSuites$1.evaluate(TestRuleIgnoreTestSuites.java:47) ~[lucene-test-framework-10.3.1.jar:10.3.1 51190f35a16d2ce433139abfe0fd8365791b352a - 2025-10-02 09:50:16]
    	at org.junit.rules.RunRules.evaluate(RunRules.java:20) ~[junit-4.13.2.jar:4.13.2]
    	at com.carrotsearch.randomizedtesting.rules.StatementAdapter.evaluate(StatementAdapter.java:36) ~[randomizedtesting-runner-2.7.1.jar:?]
    	at com.carrotsearch.randomizedtesting.ThreadLeakControl$StatementRunner.run(ThreadLeakControl.java:368) ~[randomizedtesting-runner-2.7.1.jar:?]
    	at java.base/java.lang.Thread.run(Thread.java:1583) [?:?]
    [2025-11-22T11:35:03,097][INFO ][o.o.s.r.RestGetScheduledExperimentActionTests] [testScheduledExperiment_Failure] after test

RestGetScheduledExperimentActionTests > testPrepareRequest_WorkbenchDisabled STANDARD_OUT
    [2025-11-22T11:35:03,099][INFO ][o.o.s.r.RestGetScheduledExperimentActionTests] [testPrepareRequest_WorkbenchDisabled] before test
    [2025-11-22T11:35:03,102][INFO ][o.o.s.r.RestGetScheduledExperimentActionTests] [testPrepareRequest_WorkbenchDisabled] after test

RestGetScheduledExperimentActionTests > testGetSpecificScheduledExperiment_Success STANDARD_OUT
    [2025-11-22T11:35:03,105][INFO ][o.o.s.r.RestGetScheduledExperimentActionTests] [testGetSpecificScheduledExperiment_Success] before test
    [2025-11-22T11:35:03,108][INFO ][o.o.s.r.RestGetScheduledExperimentActionTests] [testGetSpecificScheduledExperiment_Success] after test

RestDeleteScheduledExperimentActionTests > testDeleteScheduledExperiment_Success STANDARD_OUT
    [2025-11-22T01:35:03,103][INFO ][o.o.s.r.RestDeleteScheduledExperimentActionTests] [testDeleteScheduledExperiment_Success] before test

SearchRelevanceStatsTransportActionTests > test_newResponseMultipleNodesStateAndEventStats STANDARD_OUT
    [2025-11-21T21:35:03,122][INFO ][o.o.s.t.s.SearchRelevanceStatsTransportActionTests] [test_newResponseMultipleNodesStateAndEventStats] after test

SearchRelevanceStatsTransportActionTests > test_newResponseMultipleNodesStateAndEventStats_customParams STANDARD_OUT
    [2025-11-21T21:35:03,124][INFO ][o.o.s.t.s.SearchRelevanceStatsTransportActionTests] [test_newResponseMultipleNodesStateAndEventStats_customParams] before test
    [2025-11-21T21:35:03,125][INFO ][o.o.s.t.s.SearchRelevanceStatsTransportActionTests] [test_newResponseMultipleNodesStateAndEventStats_customParams] after test

SearchRelevanceStatsTransportActionTests > test_nodeOperation STANDARD_OUT
    [2025-11-21T21:35:03,126][INFO ][o.o.s.t.s.SearchRelevanceStatsTransportActionTests] [test_nodeOperation] before test
    [2025-11-21T21:35:03,128][INFO ][o.o.s.t.s.SearchRelevanceStatsTransportActionTests] [test_nodeOperation] after test

SearchRelevanceStatsTransportActionTests > test_newResponse_customSearchRelevanceStatsInputParams STANDARD_OUT
    [2025-11-21T21:35:03,129][INFO ][o.o.s.t.s.SearchRelevanceStatsTransportActionTests] [test_newResponse_customSearchRelevanceStatsInputParams] before test
    [2025-11-21T21:35:03,130][INFO ][o.o.s.t.s.SearchRelevanceStatsTransportActionTests] [test_newResponse_customSearchRelevanceStatsInputParams] after test

SearchRelevanceStatsTransportActionTests > test_newResponse STANDARD_OUT
    [2025-11-21T21:35:03,130][INFO ][o.o.s.t.s.SearchRelevanceStatsTransportActionTests] [test_newResponse] before test
    [2025-11-21T21:35:03,133][INFO ][o.o.s.t.s.SearchRelevanceStatsTransportActionTests] [test_newResponse] after test

RestPutSearchConfigurationActionTests > testPutSearchConfiguration_Failure STANDARD_OUT
    [2025-11-21T22:35:03,136][INFO ][o.o.s.r.RestPutSearchConfigurationActionTests] [testPutSearchConfiguration_Failure] before test
    [2025-11-21T22:35:03,146][WARN ][r.suppressed             ] [testPutSearchConfiguration_Failure] path: /_plugins/_search_relevance/search_configurations, params: {}
    java.io.IOException: Test exception
    	at org.opensearch.searchrelevance.rest.RestPutSearchConfigurationActionTests.lambda$testPutSearchConfiguration_Failure$2(RestPutSearchConfigurationActionTests.java:128) ~[test/:3.3.0.0-SNAPSHOT]
    	at org.mockito.internal.stubbing.StubbedInvocationMatcher.answer(StubbedInvocationMatcher.java:42) ~[mockito-core-5.16.1.jar:?]
    	at org.mockito.internal.handler.MockHandlerImpl.handle(MockHandlerImpl.java:103) ~[mockito-core-5.16.1.jar:?]
    	at org.mockito.internal.handler.NullResultGuardian.handle(NullResultGuardian.java:29) ~[mockito-core-5.16.1.jar:?]
    	at org.mockito.internal.handler.InvocationNotifierHandler.handle(InvocationNotifierHandler.java:34) ~[mockito-core-5.16.1.jar:?]
    	at org.mockito.internal.creation.bytebuddy.access.MockMethodInterceptor.doIntercept(MockMethodInterceptor.java:84) ~[mockito-core-5.16.1.jar:?]
    	at org.mockito.internal.creation.bytebuddy.access.MockMethodInterceptor.doIntercept(MockMethodInterceptor.java:58) ~[mockito-core-5.16.1.jar:?]
    	at org.mockito.internal.creation.bytebuddy.access.MockMethodInterceptor$DispatcherDefaultingToRealMethod.interceptSuperCallable(MockMethodInterceptor.java:147) ~[mockito-core-5.16.1.jar:?]
    	at org.opensearch.transport.client.node.NodeClient$MockitoMock$Zgkeh806.doExecute(Unknown Source) ~[opensearch-3.3.0-SNAPSHOT.jar:3.3.0-SNAPSHOT]
    	at org.opensearch.transport.client.support.AbstractClient.execute(AbstractClient.java:501) ~[opensearch-3.3.0-SNAPSHOT.jar:3.3.0-SNAPSHOT]
    	at org.opensearch.searchrelevance.rest.RestPutSearchConfigurationAction.lambda$prepareRequest$2(RestPutSearchConfigurationAction.java:81) ~[opensearch-search-relevance-3.3.0.0-SNAPSHOT.jar:3.3.0.0-SNAPSHOT]
    	at org.opensearch.rest.BaseRestHandler.handleRequest(BaseRestHandler.java:132) ~[opensearch-3.3.0-SNAPSHOT.jar:3.3.0-SNAPSHOT]
    	at org.opensearch.searchrelevance.rest.RestPutSearchConfigurationActionTests.testPutSearchConfiguration_Failure(RestPutSearchConfigurationActionTests.java:133) ~[test/:3.3.0.0-SNAPSHOT]
    	at java.base/jdk.internal.reflect.DirectMethodHandleAccessor.invoke(DirectMethodHandleAccessor.java:103) ~[?:?]
    	at java.base/java.lang.reflect.Method.invoke(Method.java:580) ~[?:?]
    	at com.carrotsearch.randomizedtesting.RandomizedRunner.invoke(RandomizedRunner.java:1750) ~[randomizedtesting-runner-2.7.1.jar:?]
    	at com.carrotsearch.randomizedtesting.RandomizedRunner$8.evaluate(RandomizedRunner.java:938) ~[randomizedtesting-runner-2.7.1.jar:?]
    	at com.carrotsearch.randomizedtesting.RandomizedRunner$9.evaluate(RandomizedRunner.java:974) ~[randomizedtesting-runner-2.7.1.jar:?]
    	at com.carrotsearch.randomizedtesting.RandomizedRunner$10.evaluate(RandomizedRunner.java:988) ~[randomizedtesting-runner-2.7.1.jar:?]
    	at com.carrotsearch.randomizedtesting.rules.StatementAdapter.evaluate(StatementAdapter.java:36) ~[randomizedtesting-runner-2.7.1.jar:?]
    	at org.junit.rules.RunRules.evaluate(RunRules.java:20) ~[junit-4.13.2.jar:4.13.2]
    	at org.apache.lucene.tests.util.TestRuleSetupTeardownChained$1.evaluate(TestRuleSetupTeardownChained.java:48) ~[lucene-test-framework-10.3.1.jar:10.3.1 51190f35a16d2ce433139abfe0fd8365791b352a - 2025-10-02 09:50:16]
    	at org.apache.lucene.tests.util.AbstractBeforeAfterRule$1.evaluate(AbstractBeforeAfterRule.java:43) ~[lucene-test-framework-10.3.1.jar:10.3.1 51190f35a16d2ce433139abfe0fd8365791b352a - 2025-10-02 09:50:16]
    	at org.apache.lucene.tests.util.TestRuleThreadAndTestName$1.evaluate(TestRuleThreadAndTestName.java:45) ~[lucene-test-framework-10.3.1.jar:10.3.1 51190f35a16d2ce433139abfe0fd8365791b352a - 2025-10-02 09:50:16]
    	at org.apache.lucene.tests.util.TestRuleIgnoreAfterMaxFailures$1.evaluate(TestRuleIgnoreAfterMaxFailures.java:60) ~[lucene-test-framework-10.3.1.jar:10.3.1 51190f35a16d2ce433139abfe0fd8365791b352a - 2025-10-02 09:50:16]
    	at org.apache.lucene.tests.util.TestRuleMarkFailure$1.evaluate(TestRuleMarkFailure.java:44) ~[lucene-test-framework-10.3.1.jar:10.3.1 51190f35a16d2ce433139abfe0fd8365791b352a - 2025-10-02 09:50:16]
    	at org.junit.rules.RunRules.evaluate(RunRules.java:20) ~[junit-4.13.2.jar:4.13.2]
    	at com.carrotsearch.randomizedtesting.rules.StatementAdapter.evaluate(StatementAdapter.java:36) ~[randomizedtesting-runner-2.7.1.jar:?]
    	at com.carrotsearch.randomizedtesting.ThreadLeakControl$StatementRunner.run(ThreadLeakControl.java:368) ~[randomizedtesting-runner-2.7.1.jar:?]
    	at com.carrotsearch.randomizedtesting.ThreadLeakControl.forkTimeoutingTask(ThreadLeakControl.java:817) ~[randomizedtesting-runner-2.7.1.jar:?]
    	at com.carrotsearch.randomizedtesting.ThreadLeakControl$3.evaluate(ThreadLeakControl.java:468) ~[randomizedtesting-runner-2.7.1.jar:?]
    	at com.carrotsearch.randomizedtesting.RandomizedRunner.runSingleTest(RandomizedRunner.java:947) ~[randomizedtesting-runner-2.7.1.jar:?]
    	at com.carrotsearch.randomizedtesting.RandomizedRunner$5.evaluate(RandomizedRunner.java:832) ~[randomizedtesting-runner-2.7.1.jar:?]
    	at com.carrotsearch.randomizedtesting.RandomizedRunner$6.evaluate(RandomizedRunner.java:883) ~[randomizedtesting-runner-2.7.1.jar:?]
    	at com.carrotsearch.randomizedtesting.RandomizedRunner$7.evaluate(RandomizedRunner.java:894) ~[randomizedtesting-runner-2.7.1.jar:?]
    	at org.apache.lucene.tests.util.AbstractBeforeAfterRule$1.evaluate(AbstractBeforeAfterRule.java:43) ~[lucene-test-framework-10.3.1.jar:10.3.1 51190f35a16d2ce433139abfe0fd8365791b352a - 2025-10-02 09:50:16]
    	at com.carrotsearch.randomizedtesting.rules.StatementAdapter.evaluate(StatementAdapter.java:36) ~[randomizedtesting-runner-2.7.1.jar:?]
    	at org.apache.lucene.tests.util.TestRuleStoreClassName$1.evaluate(TestRuleStoreClassName.java:38) ~[lucene-test-framework-10.3.1.jar:10.3.1 51190f35a16d2ce433139abfe0fd8365791b352a - 2025-10-02 09:50:16]
    	at com.carrotsearch.randomizedtesting.rules.NoShadowingOrOverridesOnMethodsRule$1.evaluate(NoShadowingOrOverridesOnMethodsRule.java:40) ~[randomizedtesting-runner-2.7.1.jar:?]
    	at com.carrotsearch.randomizedtesting.rules.NoShadowingOrOverridesOnMethodsRule$1.evaluate(NoShadowingOrOverridesOnMethodsRule.java:40) ~[randomizedtesting-runner-2.7.1.jar:?]
    	at com.carrotsearch.randomizedtesting.rules.StatementAdapter.evaluate(StatementAdapter.java:36) ~[randomizedtesting-runner-2.7.1.jar:?]
    	at com.carrotsearch.randomizedtesting.rules.StatementAdapter.evaluate(StatementAdapter.java:36) ~[randomizedtesting-runner-2.7.1.jar:?]
    	at org.apache.lucene.tests.util.TestRuleAssertionsRequired$1.evaluate(TestRuleAssertionsRequired.java:53) ~[lucene-test-framework-10.3.1.jar:10.3.1 51190f35a16d2ce433139abfe0fd8365791b352a - 2025-10-02 09:50:16]
    	at org.apache.lucene.tests.util.AbstractBeforeAfterRule$1.evaluate(AbstractBeforeAfterRule.java:43) ~[lucene-test-framework-10.3.1.jar:10.3.1 51190f35a16d2ce433139abfe0fd8365791b352a - 2025-10-02 09:50:16]
    	at org.apache.lucene.tests.util.TestRuleMarkFailure$1.evaluate(TestRuleMarkFailure.java:44) ~[lucene-test-framework-10.3.1.jar:10.3.1 51190f35a16d2ce433139abfe0fd8365791b352a - 2025-10-02 09:50:16]
    	at org.apache.lucene.tests.util.TestRuleIgnoreAfterMaxFailures$1.evaluate(TestRuleIgnoreAfterMaxFailures.java:60) ~[lucene-test-framework-10.3.1.jar:10.3.1 51190f35a16d2ce433139abfe0fd8365791b352a - 2025-10-02 09:50:16]
    	at org.apache.lucene.tests.util.TestRuleIgnoreTestSuites$1.evaluate(TestRuleIgnoreTestSuites.java:47) ~[lucene-test-framework-10.3.1.jar:10.3.1 51190f35a16d2ce433139abfe0fd8365791b352a - 2025-10-02 09:50:16]
    	at org.junit.rules.RunRules.evaluate(RunRules.java:20) ~[junit-4.13.2.jar:4.13.2]
    	at com.carrotsearch.randomizedtesting.rules.StatementAdapter.evaluate(StatementAdapter.java:36) ~[randomizedtesting-runner-2.7.1.jar:?]
    	at com.carrotsearch.randomizedtesting.ThreadLeakControl$StatementRunner.run(ThreadLeakControl.java:368) ~[randomizedtesting-runner-2.7.1.jar:?]
    	at java.base/java.lang.Thread.run(Thread.java:1583) [?:?]
    [2025-11-21T22:35:03,149][INFO ][o.o.s.r.RestPutSearchConfigurationActionTests] [testPutSearchConfiguration_Failure] after test

RestPutSearchConfigurationActionTests > testPutSearchConfiguration_InvalidName STANDARD_OUT
    [2025-11-21T22:35:03,151][INFO ][o.o.s.r.RestPutSearchConfigurationActionTests] [testPutSearchConfiguration_InvalidName] before test
    [2025-11-21T22:35:03,155][INFO ][o.o.s.r.RestPutSearchConfigurationActionTests] [testPutSearchConfiguration_InvalidName] after test

RestPutSearchConfigurationActionTests > testPutSearchConfiguration_WithDefaultSearchPipeline STANDARD_OUT
    [2025-11-21T22:35:03,158][INFO ][o.o.s.r.RestPutSearchConfigurationActionTests] [testPutSearchConfiguration_WithDefaultSearchPipeline] before test
    [2025-11-21T22:35:03,173][INFO ][o.o.s.r.RestPutSearchConfigurationActionTests] [testPutSearchConfiguration_WithDefaultSearchPipeline] after test

RestPutSearchConfigurationActionTests > testPutSearchConfiguration_Success STANDARD_OUT
    [2025-11-21T22:35:03,177][INFO ][o.o.s.r.RestPutSearchConfigurationActionTests] [testPutSearchConfiguration_Success] before test
    [2025-11-21T22:35:03,179][INFO ][o.o.s.r.RestPutSearchConfigurationActionTests] [testPutSearchConfiguration_Success] after test

RestPutSearchConfigurationActionTests > testPrepareRequest_WorkbenchDisabled STANDARD_OUT
    [2025-11-21T22:35:03,182][INFO ][o.o.s.r.RestPutSearchConfigurationActionTests] [testPrepareRequest_WorkbenchDisabled] before test
    [2025-11-21T22:35:03,184][INFO ][o.o.s.r.RestPutSearchConfigurationActionTests] [testPrepareRequest_WorkbenchDisabled] after test

EventStatNameTests > test_noPathCollisions STANDARD_OUT
    [2025-11-21T22:35:03,207][INFO ][o.o.s.s.e.EventStatNameTests] [test_noPathCollisions] before test
    [2025-11-21T22:35:03,212][INFO ][o.o.s.s.e.EventStatNameTests] [test_noPathCollisions] after test

EventStatNameTests > test_validNames STANDARD_OUT
    [2025-11-21T22:35:03,214][INFO ][o.o.s.s.e.EventStatNameTests] [test_validNames] before test
    [2025-11-21T22:35:03,214][INFO ][o.o.s.s.e.EventStatNameTests] [test_validNames] after test

EventStatNameTests > test_uniquePaths STANDARD_OUT
    [2025-11-21T22:35:03,215][INFO ][o.o.s.s.e.EventStatNameTests] [test_uniquePaths] before test
    [2025-11-21T22:35:03,215][INFO ][o.o.s.s.e.EventStatNameTests] [test_uniquePaths] after test

EventStatNameTests > test_fromValid STANDARD_OUT
    [2025-11-21T22:35:03,217][INFO ][o.o.s.s.e.EventStatNameTests] [test_fromValid] before test
    [2025-11-21T22:35:03,218][INFO ][o.o.s.s.e.EventStatNameTests] [test_fromValid] after test

EventStatNameTests > test_fromInvalid STANDARD_OUT
    [2025-11-21T22:35:03,219][INFO ][o.o.s.s.e.EventStatNameTests] [test_fromInvalid] before test
    [2025-11-21T22:35:03,220][INFO ][o.o.s.s.e.EventStatNameTests] [test_fromInvalid] after test

EventStatNameTests > test_allEnumsHaveNonNullStats STANDARD_OUT
    [2025-11-21T22:35:03,221][INFO ][o.o.s.s.e.EventStatNameTests] [test_allEnumsHaveNonNullStats] before test
    [2025-11-21T22:35:03,221][INFO ][o.o.s.s.e.EventStatNameTests] [test_allEnumsHaveNonNullStats] after test

MetricsHelperTests > testProcessEvaluationMetricsWithPipeline STANDARD_OUT
    [2025-11-21T23:35:03,221][INFO ][o.o.s.m.MetricsHelperTests] [testProcessEvaluationMetricsWithPipeline] after test

MetricsHelperTests > testProcessPairwiseMetricsWithEmptyPipeline STANDARD_OUT
    [2025-11-21T23:35:03,225][INFO ][o.o.s.m.MetricsHelperTests] [testProcessPairwiseMetricsWithEmptyPipeline] before test
    [2025-11-21T23:35:03,238][INFO ][o.o.s.m.MetricsHelperTests] [testProcessPairwiseMetricsWithEmptyPipeline] after test

InfoStatsManagerTests > test_getStats_returnsAllStats STANDARD_OUT
    [2025-11-21T10:35:03,241][INFO ][o.o.s.s.i.InfoStatsManagerTests] [test_getStats_returnsAllStats] before test
    [2025-11-21T10:35:03,245][INFO ][o.o.s.s.i.InfoStatsManagerTests] [test_getStats_returnsAllStats] after test

MetricsHelperTests > testProcessPairwiseMetricsWithPipeline STANDARD_OUT
    [2025-11-21T23:35:03,247][INFO ][o.o.s.m.MetricsHelperTests] [testProcessPairwiseMetricsWithPipeline] before test

InfoStatsManagerTests > test_getStats_returnsFilteredStats STANDARD_OUT
    [2025-11-21T10:35:03,248][INFO ][o.o.s.s.i.InfoStatsManagerTests] [test_getStats_returnsFilteredStats] before test
    [2025-11-21T10:35:03,249][INFO ][o.o.s.s.i.InfoStatsManagerTests] [test_getStats_returnsFilteredStats] after test

MetricsHelperTests > testProcessPairwiseMetricsWithPipeline STANDARD_OUT
    [2025-11-21T23:35:03,259][INFO ][o.o.s.m.MetricsHelperTests] [testProcessPairwiseMetricsWithPipeline] after test

MetricsHelperTests > testProcessPairwiseMetricsWithNullPipeline STANDARD_OUT
    [2025-11-21T23:35:03,262][INFO ][o.o.s.m.MetricsHelperTests] [testProcessPairwiseMetricsWithNullPipeline] before test
    [2025-11-21T23:35:03,265][INFO ][o.o.s.m.MetricsHelperTests] [testProcessPairwiseMetricsWithNullPipeline] after test

MetricsHelperTests > testProcessEvaluationMetricsWithEmptyPipeline STANDARD_OUT
    [2025-11-21T23:35:03,269][INFO ][o.o.s.m.MetricsHelperTests] [testProcessEvaluationMetricsWithEmptyPipeline] before test
    [2025-11-21T23:35:03,273][INFO ][o.o.s.m.MetricsHelperTests] [testProcessEvaluationMetricsWithEmptyPipeline] after test

RestDeleteScheduledExperimentActionTests > testDeleteScheduledExperiment_Success STANDARD_OUT
    [2025-11-22T01:35:03,326][INFO ][o.o.s.r.RestDeleteScheduledExperimentActionTests] [testDeleteScheduledExperiment_Success] after test

RestDeleteScheduledExperimentActionTests > testPrepareRequest_WorkbenchDisabled STANDARD_OUT
    [2025-11-22T01:35:03,329][INFO ][o.o.s.r.RestDeleteScheduledExperimentActionTests] [testPrepareRequest_WorkbenchDisabled] before test
    [2025-11-22T01:35:03,332][INFO ][o.o.s.r.RestDeleteScheduledExperimentActionTests] [testPrepareRequest_WorkbenchDisabled] after test

RestDeleteScheduledExperimentActionTests > testPrepareRequest_JobSchedulerDisabled STANDARD_OUT
    [2025-11-22T01:35:03,334][INFO ][o.o.s.r.RestDeleteScheduledExperimentActionTests] [testPrepareRequest_JobSchedulerDisabled] before test
    [2025-11-22T01:35:03,336][INFO ][o.o.s.r.RestDeleteScheduledExperimentActionTests] [testPrepareRequest_JobSchedulerDisabled] after test

RestDeleteScheduledExperimentActionTests > testDeleteScheduledExperiment_NullId STANDARD_OUT
    [2025-11-22T01:35:03,337][INFO ][o.o.s.r.RestDeleteScheduledExperimentActionTests] [testDeleteScheduledExperiment_NullId] before test
    [2025-11-22T01:35:03,340][INFO ][o.o.s.r.RestDeleteScheduledExperimentActionTests] [testDeleteScheduledExperiment_NullId] after test

RestDeleteScheduledExperimentActionTests > testDeleteScheduledExperiment_NotFound STANDARD_OUT
    [2025-11-22T01:35:03,342][INFO ][o.o.s.r.RestDeleteScheduledExperimentActionTests] [testDeleteScheduledExperiment_NotFound] before test
    [2025-11-22T01:35:03,344][INFO ][o.o.s.r.RestDeleteScheduledExperimentActionTests] [testDeleteScheduledExperiment_NotFound] after test

RestDeleteScheduledExperimentActionTests > testDeleteScheduledExperiment_Failure STANDARD_OUT
    [2025-11-22T01:35:03,348][INFO ][o.o.s.r.RestDeleteScheduledExperimentActionTests] [testDeleteScheduledExperiment_Failure] before test
    [2025-11-22T01:35:03,352][WARN ][r.suppressed             ] [testDeleteScheduledExperiment_Failure] path: /_plugins/_search_relevance/experiment/test_id/schedule, params: {id=test_id}
    java.io.IOException: Test exception
    	at org.opensearch.searchrelevance.rest.RestDeleteScheduledExperimentActionTests.lambda$testDeleteScheduledExperiment_Failure$2(RestDeleteScheduledExperimentActionTests.java:153) ~[test/:?]
    	at org.mockito.internal.stubbing.StubbedInvocationMatcher.answer(StubbedInvocationMatcher.java:42) ~[mockito-core-5.16.1.jar:?]
    	at org.mockito.internal.handler.MockHandlerImpl.handle(MockHandlerImpl.java:103) ~[mockito-core-5.16.1.jar:?]
    	at org.mockito.internal.handler.NullResultGuardian.handle(NullResultGuardian.java:29) ~[mockito-core-5.16.1.jar:?]
    	at org.mockito.internal.handler.InvocationNotifierHandler.handle(InvocationNotifierHandler.java:34) ~[mockito-core-5.16.1.jar:?]
    	at org.mockito.internal.creation.bytebuddy.access.MockMethodInterceptor.doIntercept(MockMethodInterceptor.java:84) ~[mockito-core-5.16.1.jar:?]
    	at org.mockito.internal.creation.bytebuddy.access.MockMethodInterceptor.doIntercept(MockMethodInterceptor.java:58) ~[mockito-core-5.16.1.jar:?]
    	at org.mockito.internal.creation.bytebuddy.access.MockMethodInterceptor$DispatcherDefaultingToRealMethod.interceptSuperCallable(MockMethodInterceptor.java:147) ~[mockito-core-5.16.1.jar:?]
    	at org.opensearch.transport.client.node.NodeClient$MockitoMock$8ZcrcZPj.doExecute(Unknown Source) ~[opensearch-3.3.0-SNAPSHOT.jar:3.3.0-SNAPSHOT]
    	at org.opensearch.transport.client.support.AbstractClient.execute(AbstractClient.java:501) ~[opensearch-3.3.0-SNAPSHOT.jar:3.3.0-SNAPSHOT]
    	at org.opensearch.searchrelevance.rest.RestDeleteScheduledExperimentAction.lambda$prepareRequest$2(RestDeleteScheduledExperimentAction.java:76) ~[opensearch-search-relevance-3.3.0.0-SNAPSHOT.jar:?]
    	at org.opensearch.rest.BaseRestHandler.handleRequest(BaseRestHandler.java:132) ~[opensearch-3.3.0-SNAPSHOT.jar:3.3.0-SNAPSHOT]
    	at org.opensearch.searchrelevance.rest.RestDeleteScheduledExperimentActionTests.testDeleteScheduledExperiment_Failure(RestDeleteScheduledExperimentActionTests.java:158) ~[test/:?]
    	at java.base/jdk.internal.reflect.DirectMethodHandleAccessor.invoke(DirectMethodHandleAccessor.java:103) ~[?:?]
    	at java.base/java.lang.reflect.Method.invoke(Method.java:580) ~[?:?]
    	at com.carrotsearch.randomizedtesting.RandomizedRunner.invoke(RandomizedRunner.java:1750) ~[randomizedtesting-runner-2.7.1.jar:?]
    	at com.carrotsearch.randomizedtesting.RandomizedRunner$8.evaluate(RandomizedRunner.java:938) ~[randomizedtesting-runner-2.7.1.jar:?]
    	at com.carrotsearch.randomizedtesting.RandomizedRunner$9.evaluate(RandomizedRunner.java:974) ~[randomizedtesting-runner-2.7.1.jar:?]
    	at com.carrotsearch.randomizedtesting.RandomizedRunner$10.evaluate(RandomizedRunner.java:988) ~[randomizedtesting-runner-2.7.1.jar:?]
    	at com.carrotsearch.randomizedtesting.rules.StatementAdapter.evaluate(StatementAdapter.java:36) ~[randomizedtesting-runner-2.7.1.jar:?]
    	at org.junit.rules.RunRules.evaluate(RunRules.java:20) ~[junit-4.13.2.jar:4.13.2]
    	at org.apache.lucene.tests.util.TestRuleSetupTeardownChained$1.evaluate(TestRuleSetupTeardownChained.java:48) ~[lucene-test-framework-10.3.1.jar:10.3.1 51190f35a16d2ce433139abfe0fd8365791b352a - 2025-10-02 09:50:16]
    	at org.apache.lucene.tests.util.AbstractBeforeAfterRule$1.evaluate(AbstractBeforeAfterRule.java:43) ~[lucene-test-framework-10.3.1.jar:10.3.1 51190f35a16d2ce433139abfe0fd8365791b352a - 2025-10-02 09:50:16]
    	at org.apache.lucene.tests.util.TestRuleThreadAndTestName$1.evaluate(TestRuleThreadAndTestName.java:45) ~[lucene-test-framework-10.3.1.jar:10.3.1 51190f35a16d2ce433139abfe0fd8365791b352a - 2025-10-02 09:50:16]
    	at org.apache.lucene.tests.util.TestRuleIgnoreAfterMaxFailures$1.evaluate(TestRuleIgnoreAfterMaxFailures.java:60) ~[lucene-test-framework-10.3.1.jar:10.3.1 51190f35a16d2ce433139abfe0fd8365791b352a - 2025-10-02 09:50:16]
    	at org.apache.lucene.tests.util.TestRuleMarkFailure$1.evaluate(TestRuleMarkFailure.java:44) ~[lucene-test-framework-10.3.1.jar:10.3.1 51190f35a16d2ce433139abfe0fd8365791b352a - 2025-10-02 09:50:16]
    	at org.junit.rules.RunRules.evaluate(RunRules.java:20) ~[junit-4.13.2.jar:4.13.2]
    	at com.carrotsearch.randomizedtesting.rules.StatementAdapter.evaluate(StatementAdapter.java:36) ~[randomizedtesting-runner-2.7.1.jar:?]
    	at com.carrotsearch.randomizedtesting.ThreadLeakControl$StatementRunner.run(ThreadLeakControl.java:368) ~[randomizedtesting-runner-2.7.1.jar:?]
    	at com.carrotsearch.randomizedtesting.ThreadLeakControl.forkTimeoutingTask(ThreadLeakControl.java:817) ~[randomizedtesting-runner-2.7.1.jar:?]
    	at com.carrotsearch.randomizedtesting.ThreadLeakControl$3.evaluate(ThreadLeakControl.java:468) ~[randomizedtesting-runner-2.7.1.jar:?]
    	at com.carrotsearch.randomizedtesting.RandomizedRunner.runSingleTest(RandomizedRunner.java:947) ~[randomizedtesting-runner-2.7.1.jar:?]
    	at com.carrotsearch.randomizedtesting.RandomizedRunner$5.evaluate(RandomizedRunner.java:832) ~[randomizedtesting-runner-2.7.1.jar:?]
    	at com.carrotsearch.randomizedtesting.RandomizedRunner$6.evaluate(RandomizedRunner.java:883) ~[randomizedtesting-runner-2.7.1.jar:?]
    	at com.carrotsearch.randomizedtesting.RandomizedRunner$7.evaluate(RandomizedRunner.java:894) ~[randomizedtesting-runner-2.7.1.jar:?]
    	at org.apache.lucene.tests.util.AbstractBeforeAfterRule$1.evaluate(AbstractBeforeAfterRule.java:43) ~[lucene-test-framework-10.3.1.jar:10.3.1 51190f35a16d2ce433139abfe0fd8365791b352a - 2025-10-02 09:50:16]
    	at com.carrotsearch.randomizedtesting.rules.StatementAdapter.evaluate(StatementAdapter.java:36) ~[randomizedtesting-runner-2.7.1.jar:?]
    	at org.apache.lucene.tests.util.TestRuleStoreClassName$1.evaluate(TestRuleStoreClassName.java:38) ~[lucene-test-framework-10.3.1.jar:10.3.1 51190f35a16d2ce433139abfe0fd8365791b352a - 2025-10-02 09:50:16]
    	at com.carrotsearch.randomizedtesting.rules.NoShadowingOrOverridesOnMethodsRule$1.evaluate(NoShadowingOrOverridesOnMethodsRule.java:40) ~[randomizedtesting-runner-2.7.1.jar:?]
    	at com.carrotsearch.randomizedtesting.rules.NoShadowingOrOverridesOnMethodsRule$1.evaluate(NoShadowingOrOverridesOnMethodsRule.java:40) ~[randomizedtesting-runner-2.7.1.jar:?]
    	at com.carrotsearch.randomizedtesting.rules.StatementAdapter.evaluate(StatementAdapter.java:36) ~[randomizedtesting-runner-2.7.1.jar:?]
    	at com.carrotsearch.randomizedtesting.rules.StatementAdapter.evaluate(StatementAdapter.java:36) ~[randomizedtesting-runner-2.7.1.jar:?]
    	at org.apache.lucene.tests.util.TestRuleAssertionsRequired$1.evaluate(TestRuleAssertionsRequired.java:53) ~[lucene-test-framework-10.3.1.jar:10.3.1 51190f35a16d2ce433139abfe0fd8365791b352a - 2025-10-02 09:50:16]
    	at org.apache.lucene.tests.util.AbstractBeforeAfterRule$1.evaluate(AbstractBeforeAfterRule.java:43) ~[lucene-test-framework-10.3.1.jar:10.3.1 51190f35a16d2ce433139abfe0fd8365791b352a - 2025-10-02 09:50:16]
    	at org.apache.lucene.tests.util.TestRuleMarkFailure$1.evaluate(TestRuleMarkFailure.java:44) ~[lucene-test-framework-10.3.1.jar:10.3.1 51190f35a16d2ce433139abfe0fd8365791b352a - 2025-10-02 09:50:16]
    	at org.apache.lucene.tests.util.TestRuleIgnoreAfterMaxFailures$1.evaluate(TestRuleIgnoreAfterMaxFailures.java:60) ~[lucene-test-framework-10.3.1.jar:10.3.1 51190f35a16d2ce433139abfe0fd8365791b352a - 2025-10-02 09:50:16]
    	at org.apache.lucene.tests.util.TestRuleIgnoreTestSuites$1.evaluate(TestRuleIgnoreTestSuites.java:47) ~[lucene-test-framework-10.3.1.jar:10.3.1 51190f35a16d2ce433139abfe0fd8365791b352a - 2025-10-02 09:50:16]
    	at org.junit.rules.RunRules.evaluate(RunRules.java:20) ~[junit-4.13.2.jar:4.13.2]
    	at com.carrotsearch.randomizedtesting.rules.StatementAdapter.evaluate(StatementAdapter.java:36) ~[randomizedtesting-runner-2.7.1.jar:?]
    	at com.carrotsearch.randomizedtesting.ThreadLeakControl$StatementRunner.run(ThreadLeakControl.java:368) ~[randomizedtesting-runner-2.7.1.jar:?]
    	at java.base/java.lang.Thread.run(Thread.java:1583) [?:?]
    [2025-11-22T01:35:03,363][INFO ][o.o.s.r.RestDeleteScheduledExperimentActionTests] [testDeleteScheduledExperiment_Failure] after test

RestPutExperimentActionTests > testPutExperiment_Failure STANDARD_OUT
    [2025-11-22T08:35:03,384][INFO ][o.o.s.r.RestPutExperimentActionTests] [testPutExperiment_Failure] before test
    [2025-11-22T08:35:03,400][WARN ][r.suppressed             ] [testPutExperiment_Failure] path: /_plugins/_search_relevance/experiments, params: {}
    java.io.IOException: Test exception
    	at org.opensearch.searchrelevance.rest.RestPutExperimentActionTests.lambda$testPutExperiment_Failure$2(RestPutExperimentActionTests.java:131) ~[test/:?]
    	at org.mockito.internal.stubbing.StubbedInvocationMatcher.answer(StubbedInvocationMatcher.java:42) ~[mockito-core-5.16.1.jar:?]
    	at org.mockito.internal.handler.MockHandlerImpl.handle(MockHandlerImpl.java:103) ~[mockito-core-5.16.1.jar:?]
    	at org.mockito.internal.handler.NullResultGuardian.handle(NullResultGuardian.java:29) ~[mockito-core-5.16.1.jar:?]
    	at org.mockito.internal.handler.InvocationNotifierHandler.handle(InvocationNotifierHandler.java:34) ~[mockito-core-5.16.1.jar:?]
    	at org.mockito.internal.creation.bytebuddy.access.MockMethodInterceptor.doIntercept(MockMethodInterceptor.java:84) ~[mockito-core-5.16.1.jar:?]
    	at org.mockito.internal.creation.bytebuddy.access.MockMethodInterceptor.doIntercept(MockMethodInterceptor.java:58) ~[mockito-core-5.16.1.jar:?]
    	at org.mockito.internal.creation.bytebuddy.access.MockMethodInterceptor$DispatcherDefaultingToRealMethod.interceptSuperCallable(MockMethodInterceptor.java:147) ~[mockito-core-5.16.1.jar:?]
    	at org.opensearch.transport.client.node.NodeClient$MockitoMock$8ZcrcZPj.doExecute(Unknown Source) ~[opensearch-3.3.0-SNAPSHOT.jar:3.3.0-SNAPSHOT]
    	at org.opensearch.transport.client.support.AbstractClient.execute(AbstractClient.java:501) ~[opensearch-3.3.0-SNAPSHOT.jar:3.3.0-SNAPSHOT]
    	at org.opensearch.searchrelevance.rest.RestPutExperimentAction.lambda$prepareRequest$1(RestPutExperimentAction.java:132) ~[opensearch-search-relevance-3.3.0.0-SNAPSHOT.jar:?]
    	at org.opensearch.rest.BaseRestHandler.handleRequest(BaseRestHandler.java:132) ~[opensearch-3.3.0-SNAPSHOT.jar:3.3.0-SNAPSHOT]
    	at org.opensearch.searchrelevance.rest.RestPutExperimentActionTests.testPutExperiment_Failure(RestPutExperimentActionTests.java:136) ~[test/:?]
    	at java.base/jdk.internal.reflect.DirectMethodHandleAccessor.invoke(DirectMethodHandleAccessor.java:103) ~[?:?]
    	at java.base/java.lang.reflect.Method.invoke(Method.java:580) ~[?:?]
    	at com.carrotsearch.randomizedtesting.RandomizedRunner.invoke(RandomizedRunner.java:1750) ~[randomizedtesting-runner-2.7.1.jar:?]
    	at com.carrotsearch.randomizedtesting.RandomizedRunner$8.evaluate(RandomizedRunner.java:938) ~[randomizedtesting-runner-2.7.1.jar:?]
    	at com.carrotsearch.randomizedtesting.RandomizedRunner$9.evaluate(RandomizedRunner.java:974) ~[randomizedtesting-runner-2.7.1.jar:?]
    	at com.carrotsearch.randomizedtesting.RandomizedRunner$10.evaluate(RandomizedRunner.java:988) ~[randomizedtesting-runner-2.7.1.jar:?]
    	at com.carrotsearch.randomizedtesting.rules.StatementAdapter.evaluate(StatementAdapter.java:36) ~[randomizedtesting-runner-2.7.1.jar:?]
    	at org.junit.rules.RunRules.evaluate(RunRules.java:20) ~[junit-4.13.2.jar:4.13.2]
    	at org.apache.lucene.tests.util.TestRuleSetupTeardownChained$1.evaluate(TestRuleSetupTeardownChained.java:48) ~[lucene-test-framework-10.3.1.jar:10.3.1 51190f35a16d2ce433139abfe0fd8365791b352a - 2025-10-02 09:50:16]
    	at org.apache.lucene.tests.util.AbstractBeforeAfterRule$1.evaluate(AbstractBeforeAfterRule.java:43) ~[lucene-test-framework-10.3.1.jar:10.3.1 51190f35a16d2ce433139abfe0fd8365791b352a - 2025-10-02 09:50:16]
    	at org.apache.lucene.tests.util.TestRuleThreadAndTestName$1.evaluate(TestRuleThreadAndTestName.java:45) ~[lucene-test-framework-10.3.1.jar:10.3.1 51190f35a16d2ce433139abfe0fd8365791b352a - 2025-10-02 09:50:16]
    	at org.apache.lucene.tests.util.TestRuleIgnoreAfterMaxFailures$1.evaluate(TestRuleIgnoreAfterMaxFailures.java:60) ~[lucene-test-framework-10.3.1.jar:10.3.1 51190f35a16d2ce433139abfe0fd8365791b352a - 2025-10-02 09:50:16]
    	at org.apache.lucene.tests.util.TestRuleMarkFailure$1.evaluate(TestRuleMarkFailure.java:44) ~[lucene-test-framework-10.3.1.jar:10.3.1 51190f35a16d2ce433139abfe0fd8365791b352a - 2025-10-02 09:50:16]
    	at org.junit.rules.RunRules.evaluate(RunRules.java:20) ~[junit-4.13.2.jar:4.13.2]
    	at com.carrotsearch.randomizedtesting.rules.StatementAdapter.evaluate(StatementAdapter.java:36) ~[randomizedtesting-runner-2.7.1.jar:?]
    	at com.carrotsearch.randomizedtesting.ThreadLeakControl$StatementRunner.run(ThreadLeakControl.java:368) ~[randomizedtesting-runner-2.7.1.jar:?]
    	at com.carrotsearch.randomizedtesting.ThreadLeakControl.forkTimeoutingTask(ThreadLeakControl.java:817) ~[randomizedtesting-runner-2.7.1.jar:?]
    	at com.carrotsearch.randomizedtesting.ThreadLeakControl$3.evaluate(ThreadLeakControl.java:468) ~[randomizedtesting-runner-2.7.1.jar:?]
    	at com.carrotsearch.randomizedtesting.RandomizedRunner.runSingleTest(RandomizedRunner.java:947) ~[randomizedtesting-runner-2.7.1.jar:?]
    	at com.carrotsearch.randomizedtesting.RandomizedRunner$5.evaluate(RandomizedRunner.java:832) ~[randomizedtesting-runner-2.7.1.jar:?]
    	at com.carrotsearch.randomizedtesting.RandomizedRunner$6.evaluate(RandomizedRunner.java:883) ~[randomizedtesting-runner-2.7.1.jar:?]
    	at com.carrotsearch.randomizedtesting.RandomizedRunner$7.evaluate(RandomizedRunner.java:894) ~[randomizedtesting-runner-2.7.1.jar:?]
    	at org.apache.lucene.tests.util.AbstractBeforeAfterRule$1.evaluate(AbstractBeforeAfterRule.java:43) ~[lucene-test-framework-10.3.1.jar:10.3.1 51190f35a16d2ce433139abfe0fd8365791b352a - 2025-10-02 09:50:16]
    	at com.carrotsearch.randomizedtesting.rules.StatementAdapter.evaluate(StatementAdapter.java:36) ~[randomizedtesting-runner-2.7.1.jar:?]
    	at org.apache.lucene.tests.util.TestRuleStoreClassName$1.evaluate(TestRuleStoreClassName.java:38) ~[lucene-test-framework-10.3.1.jar:10.3.1 51190f35a16d2ce433139abfe0fd8365791b352a - 2025-10-02 09:50:16]
    	at com.carrotsearch.randomizedtesting.rules.NoShadowingOrOverridesOnMethodsRule$1.evaluate(NoShadowingOrOverridesOnMethodsRule.java:40) ~[randomizedtesting-runner-2.7.1.jar:?]
    	at com.carrotsearch.randomizedtesting.rules.NoShadowingOrOverridesOnMethodsRule$1.evaluate(NoShadowingOrOverridesOnMethodsRule.java:40) ~[randomizedtesting-runner-2.7.1.jar:?]
    	at com.carrotsearch.randomizedtesting.rules.StatementAdapter.evaluate(StatementAdapter.java:36) ~[randomizedtesting-runner-2.7.1.jar:?]
    	at com.carrotsearch.randomizedtesting.rules.StatementAdapter.evaluate(StatementAdapter.java:36) ~[randomizedtesting-runner-2.7.1.jar:?]
    	at org.apache.lucene.tests.util.TestRuleAssertionsRequired$1.evaluate(TestRuleAssertionsRequired.java:53) ~[lucene-test-framework-10.3.1.jar:10.3.1 51190f35a16d2ce433139abfe0fd8365791b352a - 2025-10-02 09:50:16]
    	at org.apache.lucene.tests.util.AbstractBeforeAfterRule$1.evaluate(AbstractBeforeAfterRule.java:43) ~[lucene-test-framework-10.3.1.jar:10.3.1 51190f35a16d2ce433139abfe0fd8365791b352a - 2025-10-02 09:50:16]
    	at org.apache.lucene.tests.util.TestRuleMarkFailure$1.evaluate(TestRuleMarkFailure.java:44) ~[lucene-test-framework-10.3.1.jar:10.3.1 51190f35a16d2ce433139abfe0fd8365791b352a - 2025-10-02 09:50:16]
    	at org.apache.lucene.tests.util.TestRuleIgnoreAfterMaxFailures$1.evaluate(TestRuleIgnoreAfterMaxFailures.java:60) ~[lucene-test-framework-10.3.1.jar:10.3.1 51190f35a16d2ce433139abfe0fd8365791b352a - 2025-10-02 09:50:16]
    	at org.apache.lucene.tests.util.TestRuleIgnoreTestSuites$1.evaluate(TestRuleIgnoreTestSuites.java:47) ~[lucene-test-framework-10.3.1.jar:10.3.1 51190f35a16d2ce433139abfe0fd8365791b352a - 2025-10-02 09:50:16]
    	at org.junit.rules.RunRules.evaluate(RunRules.java:20) ~[junit-4.13.2.jar:4.13.2]
    	at com.carrotsearch.randomizedtesting.rules.StatementAdapter.evaluate(StatementAdapter.java:36) ~[randomizedtesting-runner-2.7.1.jar:?]
    	at com.carrotsearch.randomizedtesting.ThreadLeakControl$StatementRunner.run(ThreadLeakControl.java:368) ~[randomizedtesting-runner-2.7.1.jar:?]
    	at java.base/java.lang.Thread.run(Thread.java:1583) [?:?]
    [2025-11-22T08:35:03,402][INFO ][o.o.s.r.RestPutExperimentActionTests] [testPutExperiment_Failure] after test

RestPutExperimentActionTests > testPutExperiment_InputValidationFailure STANDARD_OUT
    [2025-11-22T08:35:03,404][INFO ][o.o.s.r.RestPutExperimentActionTests] [testPutExperiment_InputValidationFailure] before test
    [2025-11-22T08:35:03,406][INFO ][o.o.s.r.RestPutExperimentActionTests] [testPutExperiment_InputValidationFailure] after test

RestPutExperimentActionTests > testPutExperiment_Success STANDARD_OUT
    [2025-11-22T08:35:03,408][INFO ][o.o.s.r.RestPutExperimentActionTests] [testPutExperiment_Success] before test
    [2025-11-22T08:35:03,435][INFO ][o.o.s.r.RestPutExperimentActionTests] [testPutExperiment_Success] after test

RestPutExperimentActionTests > testPutExperiment_InvalidType STANDARD_OUT
    [2025-11-22T08:35:03,437][INFO ][o.o.s.r.RestPutExperimentActionTests] [testPutExperiment_InvalidType] before test
    [2025-11-22T08:35:03,439][INFO ][o.o.s.r.RestPutExperimentActionTests] [testPutExperiment_InvalidType] after test

RestPutExperimentActionTests > testPrepareRequest_WorkbenchDisabled STANDARD_OUT
    [2025-11-22T08:35:03,440][INFO ][o.o.s.r.RestPutExperimentActionTests] [testPrepareRequest_WorkbenchDisabled] before test
    [2025-11-22T08:35:03,442][INFO ][o.o.s.r.RestPutExperimentActionTests] [testPrepareRequest_WorkbenchDisabled] after test

SearchRequestBuilderTests > testBuildSearchRequestHybridQuery STANDARD_OUT
    [2025-11-21T10:35:03,467][INFO ][o.o.s.m.b.SearchRequestBuilderTests] [testBuildSearchRequestHybridQuery] before test
    [2025-11-21T10:35:03,483][INFO ][o.o.s.m.b.SearchRequestBuilderTests] [testBuildSearchRequestHybridQuery] after test

SearchRequestBuilderTests > testHybridQuerySearchConfiguration_whenQuerySourceHasTemporaryPipeline_thenFail STANDARD_OUT
    [2025-11-21T10:35:03,487][INFO ][o.o.s.m.b.SearchRequestBuilderTests] [testHybridQuerySearchConfiguration_whenQuerySourceHasTemporaryPipeline_thenFail] before test
    [2025-11-21T10:35:03,489][ERROR][o.o.s.m.b.SearchRequestBuilder] [testHybridQuerySearchConfiguration_whenQuerySourceHasTemporaryPipeline_thenFail] query in search configuration does have temporary search pipeline in its source
    [2025-11-21T10:35:03,491][INFO ][o.o.s.m.b.SearchRequestBuilderTests] [testHybridQuerySearchConfiguration_whenQuerySourceHasTemporaryPipeline_thenFail] after test

SearchRequestBuilderTests > testParseRescoreQuery_whenRescoreIsObject STANDARD_OUT
    [2025-11-21T10:35:03,493][INFO ][o.o.s.m.b.SearchRequestBuilderTests] [testParseRescoreQuery_whenRescoreIsObject] before test

ScheduledExperimentRunnerManagerTests > testRunScheduledExperimentSuccess STANDARD_OUT
    [2025-11-22T01:35:03,506][INFO ][o.o.s.s.ScheduledExperimentRunnerManagerTests] [testRunScheduledExperimentSuccess] before test
    [2025-11-22T01:35:03,512][INFO ][o.o.s.s.ScheduledExperimentRunnerManagerTests] [testRunScheduledExperimentSuccess] after test

ScheduledExperimentRunnerManagerTests > testRunScheduledExperimentError STANDARD_OUT
    [2025-11-22T01:35:03,513][INFO ][o.o.s.s.ScheduledExperimentRunnerManagerTests] [testRunScheduledExperimentError] before test
    [2025-11-22T01:35:03,515][ERROR][o.o.s.s.ScheduledExperimentRunnerManager] [testRunScheduledExperimentError] Experiment id: experiment-id is not found.
    [2025-11-22T01:35:03,516][INFO ][o.o.s.s.ScheduledExperimentRunnerManagerTests] [testRunScheduledExperimentError] after test

ScheduledExperimentRunnerManagerTests > testRunScheduledExperimentCancelledBeforeExperimentSearch STANDARD_OUT
    [2025-11-22T01:35:03,519][INFO ][o.o.s.s.ScheduledExperimentRunnerManagerTests] [testRunScheduledExperimentCancelledBeforeExperimentSearch] before test

SearchRequestBuilderTests > testParseRescoreQuery_whenRescoreIsObject STANDARD_OUT
    [2025-11-21T10:35:03,536][INFO ][o.o.s.m.b.SearchRequestBuilderTests] [testParseRescoreQuery_whenRescoreIsObject] after test

SearchRequestBuilderTests > testBuildSearchRequestSimpleQuery STANDARD_OUT
    [2025-11-21T10:35:03,539][INFO ][o.o.s.m.b.SearchRequestBuilderTests] [testBuildSearchRequestSimpleQuery] before test
    [2025-11-21T10:35:03,542][INFO ][o.o.s.m.b.SearchRequestBuilderTests] [testBuildSearchRequestSimpleQuery] after test

ScheduledExperimentRunnerManagerTests > testRunScheduledExperimentCancelledBeforeExperimentSearch STANDARD_OUT
    [2025-11-22T01:35:03,543][INFO ][o.o.s.s.ScheduledExperimentRunnerManager] [testRunScheduledExperimentCancelledBeforeExperimentSearch] Scheduled experiment for experiment-id timed out before placing scheduled experiment into index.
    [2025-11-22T01:35:03,543][INFO ][o.o.s.s.ScheduledExperimentRunnerManagerTests] [testRunScheduledExperimentCancelledBeforeExperimentSearch] after test

SearchRequestBuilderTests > testHybridQuerySearchConfiguration_whenQuerySourceWithGenericHybridQuery_thenSuccess STANDARD_OUT
    [2025-11-21T10:35:03,543][INFO ][o.o.s.m.b.SearchRequestBuilderTests] [testHybridQuerySearchConfiguration_whenQuerySourceWithGenericHybridQuery_thenSuccess] before test
    [2025-11-21T10:35:03,545][INFO ][o.o.s.m.b.SearchRequestBuilderTests] [testHybridQuerySearchConfiguration_whenQuerySourceWithGenericHybridQuery_thenSuccess] after test

SearchRequestBuilderTests > testParseRescoreQuery_inHybridRequest STANDARD_OUT
    [2025-11-21T10:35:03,547][INFO ][o.o.s.m.b.SearchRequestBuilderTests] [testParseRescoreQuery_inHybridRequest] before test
    [2025-11-21T10:35:03,549][INFO ][o.o.s.m.b.SearchRequestBuilderTests] [testParseRescoreQuery_inHybridRequest] after test

SearchRequestBuilderTests > testBuildSearchRequestInvalidJson STANDARD_OUT
    [2025-11-21T10:35:03,551][INFO ][o.o.s.m.b.SearchRequestBuilderTests] [testBuildSearchRequestInvalidJson] before test
    [2025-11-21T10:35:03,553][INFO ][o.o.s.m.b.SearchRequestBuilderTests] [testBuildSearchRequestInvalidJson] after test

SearchRequestBuilderTests > testParseRescoreQuery_whenRescoreIsArrayFirstEntry STANDARD_OUT
    [2025-11-21T10:35:03,555][INFO ][o.o.s.m.b.SearchRequestBuilderTests] [testParseRescoreQuery_whenRescoreIsArrayFirstEntry] before test
    [2025-11-21T10:35:03,557][INFO ][o.o.s.m.b.SearchRequestBuilderTests] [testParseRescoreQuery_whenRescoreIsArrayFirstEntry] after test

SearchRequestBuilderTests > testHybridQuerySearchConfiguration_whenLessThenTwoSubQueries_thenFail STANDARD_OUT
    [2025-11-21T10:35:03,558][INFO ][o.o.s.m.b.SearchRequestBuilderTests] [testHybridQuerySearchConfiguration_whenLessThenTwoSubQueries_thenFail] before test
    [2025-11-21T10:35:03,559][INFO ][o.o.s.m.b.SearchRequestBuilderTests] [testHybridQuerySearchConfiguration_whenLessThenTwoSubQueries_thenFail] after test

TimestampedEventStatTests > test_basicIncrement STANDARD_OUT
    [2025-11-21T15:35:03,566][INFO ][o.o.s.s.e.TimestampedEventStatTests] [test_basicIncrement] before test
    [2025-11-21T15:35:03,585][INFO ][o.o.s.s.e.TimestampedEventStatTests] [test_basicIncrement] after test

TimestampedEventStatTests > test_longTimeGap STANDARD_OUT
    [2025-11-21T15:35:03,587][INFO ][o.o.s.s.e.TimestampedEventStatTests] [test_longTimeGap] before test
    [2025-11-21T15:35:03,588][INFO ][o.o.s.s.e.TimestampedEventStatTests] [test_longTimeGap] after test

TimestampedEventStatTests > test_trailingIntervalSingleBucket STANDARD_OUT
    [2025-11-21T15:35:03,589][INFO ][o.o.s.s.e.TimestampedEventStatTests] [test_trailingIntervalSingleBucket] before test
    [2025-11-21T15:35:03,590][INFO ][o.o.s.s.e.TimestampedEventStatTests] [test_trailingIntervalSingleBucket] after test

TimestampedEventStatTests > test_eventStatSnapshot STANDARD_OUT
    [2025-11-21T15:35:03,592][INFO ][o.o.s.s.e.TimestampedEventStatTests] [test_eventStatSnapshot] before test
    [2025-11-21T15:35:03,594][INFO ][o.o.s.s.e.TimestampedEventStatTests] [test_eventStatSnapshot] after test

TimestampedEventStatTests > test_minutesSinceLastEvent STANDARD_OUT
    [2025-11-21T15:35:03,595][INFO ][o.o.s.s.e.TimestampedEventStatTests] [test_minutesSinceLastEvent] before test
    [2025-11-21T15:35:03,595][INFO ][o.o.s.s.e.TimestampedEventStatTests] [test_minutesSinceLastEvent] after test

TimestampedEventStatTests > test_reset STANDARD_OUT
    [2025-11-21T15:35:03,596][INFO ][o.o.s.s.e.TimestampedEventStatTests] [test_reset] before test
    [2025-11-21T15:35:03,597][INFO ][o.o.s.s.e.TimestampedEventStatTests] [test_reset] after test

TimestampedEventStatTests > test_bucketRotation STANDARD_OUT
    [2025-11-21T15:35:03,598][INFO ][o.o.s.s.e.TimestampedEventStatTests] [test_bucketRotation] before test
    [2025-11-21T15:35:03,598][INFO ][o.o.s.s.e.TimestampedEventStatTests] [test_bucketRotation] after test

TimestampedEventStatTests > test_trailingIntervalMultipleBuckets STANDARD_OUT
    [2025-11-21T15:35:03,599][INFO ][o.o.s.s.e.TimestampedEventStatTests] [test_trailingIntervalMultipleBuckets] before test

RestGetQuerySetActionTests > testGetSpecificQuerySet_Success STANDARD_OUT
    [2025-11-22T09:35:03,597][INFO ][o.o.s.r.RestGetQuerySetActionTests] [testGetSpecificQuerySet_Success] before test

TimestampedEventStatTests > test_trailingIntervalMultipleBuckets STANDARD_OUT
    [2025-11-21T15:35:03,600][INFO ][o.o.s.s.e.TimestampedEventStatTests] [test_trailingIntervalMultipleBuckets] after test

TimestampedEventStatTests > test_initialization STANDARD_OUT
    [2025-11-21T15:35:03,601][INFO ][o.o.s.s.e.TimestampedEventStatTests] [test_initialization] before test
    [2025-11-21T15:35:03,602][INFO ][o.o.s.s.e.TimestampedEventStatTests] [test_initialization] after test

SearchRelevanceStatsResponseTests > test_toXContent_withNodeStats STANDARD_OUT
    [2025-11-21T22:35:03,620][INFO ][o.o.s.t.s.SearchRelevanceStatsResponseTests] [test_toXContent_withNodeStats] before test

RestGetQuerySetActionTests > testGetSpecificQuerySet_Success STANDARD_OUT
    [2025-11-22T09:35:03,680][INFO ][o.o.s.r.RestGetQuerySetActionTests] [testGetSpecificQuerySet_Success] after test

RestGetQuerySetActionTests > testListQuerySets_Success STANDARD_OUT
    [2025-11-22T09:35:03,681][INFO ][o.o.s.r.RestGetQuerySetActionTests] [testListQuerySets_Success] before test
    [2025-11-22T09:35:03,683][INFO ][o.o.s.r.RestGetQuerySetActionTests] [testListQuerySets_Success] after test

RestGetQuerySetActionTests > testSearchParams STANDARD_OUT
    [2025-11-22T09:35:03,684][INFO ][o.o.s.r.RestGetQuerySetActionTests] [testSearchParams] before test
    [2025-11-22T09:35:03,686][INFO ][o.o.s.r.RestGetQuerySetActionTests] [testSearchParams] after test

RestGetQuerySetActionTests > testPrepareRequest_WorkbenchDisabled STANDARD_OUT
    [2025-11-22T09:35:03,688][INFO ][o.o.s.r.RestGetQuerySetActionTests] [testPrepareRequest_WorkbenchDisabled] before test
    [2025-11-22T09:35:03,690][INFO ][o.o.s.r.RestGetQuerySetActionTests] [testPrepareRequest_WorkbenchDisabled] after test

RestGetQuerySetActionTests > testGetQuerySet_Failure STANDARD_OUT
    [2025-11-22T09:35:03,691][INFO ][o.o.s.r.RestGetQuerySetActionTests] [testGetQuerySet_Failure] before test
    [2025-11-22T09:35:03,695][WARN ][r.suppressed             ] [testGetQuerySet_Failure] path: /_plugins/_search_relevance/query_sets/null, params: {}
    java.io.IOException: Test exception
    	at org.opensearch.searchrelevance.rest.RestGetQuerySetActionTests.lambda$testGetQuerySet_Failure$2(RestGetQuerySetActionTests.java:113) ~[test/:?]
    	at org.mockito.internal.stubbing.StubbedInvocationMatcher.answer(StubbedInvocationMatcher.java:42) ~[mockito-core-5.16.1.jar:?]
    	at org.mockito.internal.handler.MockHandlerImpl.handle(MockHandlerImpl.java:103) ~[mockito-core-5.16.1.jar:?]
    	at org.mockito.internal.handler.NullResultGuardian.handle(NullResultGuardian.java:29) ~[mockito-core-5.16.1.jar:?]
    	at org.mockito.internal.handler.InvocationNotifierHandler.handle(InvocationNotifierHandler.java:34) ~[mockito-core-5.16.1.jar:?]
    	at org.mockito.internal.creation.bytebuddy.access.MockMethodInterceptor.doIntercept(MockMethodInterceptor.java:84) ~[mockito-core-5.16.1.jar:?]
    	at org.mockito.internal.creation.bytebuddy.access.MockMethodInterceptor.doIntercept(MockMethodInterceptor.java:58) ~[mockito-core-5.16.1.jar:?]
    	at org.mockito.internal.creation.bytebuddy.access.MockMethodInterceptor$DispatcherDefaultingToRealMethod.interceptSuperCallable(MockMethodInterceptor.java:147) ~[mockito-core-5.16.1.jar:?]
    	at org.opensearch.transport.client.node.NodeClient$MockitoMock$iUnH0z00.doExecute(Unknown Source) ~[opensearch-3.3.0-SNAPSHOT.jar:3.3.0-SNAPSHOT]
    	at org.opensearch.transport.client.support.AbstractClient.execute(AbstractClient.java:501) ~[opensearch-3.3.0-SNAPSHOT.jar:3.3.0-SNAPSHOT]
    	at org.opensearch.searchrelevance.rest.RestGetQuerySetAction.lambda$executeGetRequest$1(RestGetQuerySetAction.java:81) ~[opensearch-search-relevance-3.3.0.0-SNAPSHOT.jar:?]
    	at org.opensearch.rest.BaseRestHandler.handleRequest(BaseRestHandler.java:132) ~[opensearch-3.3.0-SNAPSHOT.jar:3.3.0-SNAPSHOT]
    	at org.opensearch.searchrelevance.rest.RestGetQuerySetActionTests.testGetQuerySet_Failure(RestGetQuerySetActionTests.java:118) ~[test/:?]
    	at java.base/jdk.internal.reflect.DirectMethodHandleAccessor.invoke(DirectMethodHandleAccessor.java:103) ~[?:?]
    	at java.base/java.lang.reflect.Method.invoke(Method.java:580) ~[?:?]
    	at com.carrotsearch.randomizedtesting.RandomizedRunner.invoke(RandomizedRunner.java:1750) ~[randomizedtesting-runner-2.7.1.jar:?]
    	at com.carrotsearch.randomizedtesting.RandomizedRunner$8.evaluate(RandomizedRunner.java:938) ~[randomizedtesting-runner-2.7.1.jar:?]
    	at com.carrotsearch.randomizedtesting.RandomizedRunner$9.evaluate(RandomizedRunner.java:974) ~[randomizedtesting-runner-2.7.1.jar:?]
    	at com.carrotsearch.randomizedtesting.RandomizedRunner$10.evaluate(RandomizedRunner.java:988) ~[randomizedtesting-runner-2.7.1.jar:?]
    	at com.carrotsearch.randomizedtesting.rules.StatementAdapter.evaluate(StatementAdapter.java:36) ~[randomizedtesting-runner-2.7.1.jar:?]
    	at org.junit.rules.RunRules.evaluate(RunRules.java:20) ~[junit-4.13.2.jar:4.13.2]
    	at org.apache.lucene.tests.util.TestRuleSetupTeardownChained$1.evaluate(TestRuleSetupTeardownChained.java:48) ~[lucene-test-framework-10.3.1.jar:10.3.1 51190f35a16d2ce433139abfe0fd8365791b352a - 2025-10-02 09:50:16]
    	at org.apache.lucene.tests.util.AbstractBeforeAfterRule$1.evaluate(AbstractBeforeAfterRule.java:43) ~[lucene-test-framework-10.3.1.jar:10.3.1 51190f35a16d2ce433139abfe0fd8365791b352a - 2025-10-02 09:50:16]
    	at org.apache.lucene.tests.util.TestRuleThreadAndTestName$1.evaluate(TestRuleThreadAndTestName.java:45) ~[lucene-test-framework-10.3.1.jar:10.3.1 51190f35a16d2ce433139abfe0fd8365791b352a - 2025-10-02 09:50:16]
    	at org.apache.lucene.tests.util.TestRuleIgnoreAfterMaxFailures$1.evaluate(TestRuleIgnoreAfterMaxFailures.java:60) ~[lucene-test-framework-10.3.1.jar:10.3.1 51190f35a16d2ce433139abfe0fd8365791b352a - 2025-10-02 09:50:16]
    	at org.apache.lucene.tests.util.TestRuleMarkFailure$1.evaluate(TestRuleMarkFailure.java:44) ~[lucene-test-framework-10.3.1.jar:10.3.1 51190f35a16d2ce433139abfe0fd8365791b352a - 2025-10-02 09:50:16]
    	at org.junit.rules.RunRules.evaluate(RunRules.java:20) ~[junit-4.13.2.jar:4.13.2]
    	at com.carrotsearch.randomizedtesting.rules.StatementAdapter.evaluate(StatementAdapter.java:36) ~[randomizedtesting-runner-2.7.1.jar:?]
    	at com.carrotsearch.randomizedtesting.ThreadLeakControl$StatementRunner.run(ThreadLeakControl.java:368) ~[randomizedtesting-runner-2.7.1.jar:?]
    	at com.carrotsearch.randomizedtesting.ThreadLeakControl.forkTimeoutingTask(ThreadLeakControl.java:817) ~[randomizedtesting-runner-2.7.1.jar:?]
    	at com.carrotsearch.randomizedtesting.ThreadLeakControl$3.evaluate(ThreadLeakControl.java:468) ~[randomizedtesting-runner-2.7.1.jar:?]
    	at com.carrotsearch.randomizedtesting.RandomizedRunner.runSingleTest(RandomizedRunner.java:947) ~[randomizedtesting-runner-2.7.1.jar:?]
    	at com.carrotsearch.randomizedtesting.RandomizedRunner$5.evaluate(RandomizedRunner.java:832) ~[randomizedtesting-runner-2.7.1.jar:?]
    	at com.carrotsearch.randomizedtesting.RandomizedRunner$6.evaluate(RandomizedRunner.java:883) ~[randomizedtesting-runner-2.7.1.jar:?]
    	at com.carrotsearch.randomizedtesting.RandomizedRunner$7.evaluate(RandomizedRunner.java:894) ~[randomizedtesting-runner-2.7.1.jar:?]
    	at org.apache.lucene.tests.util.AbstractBeforeAfterRule$1.evaluate(AbstractBeforeAfterRule.java:43) ~[lucene-test-framework-10.3.1.jar:10.3.1 51190f35a16d2ce433139abfe0fd8365791b352a - 2025-10-02 09:50:16]
    	at com.carrotsearch.randomizedtesting.rules.StatementAdapter.evaluate(StatementAdapter.java:36) ~[randomizedtesting-runner-2.7.1.jar:?]
    	at org.apache.lucene.tests.util.TestRuleStoreClassName$1.evaluate(TestRuleStoreClassName.java:38) ~[lucene-test-framework-10.3.1.jar:10.3.1 51190f35a16d2ce433139abfe0fd8365791b352a - 2025-10-02 09:50:16]
    	at com.carrotsearch.randomizedtesting.rules.NoShadowingOrOverridesOnMethodsRule$1.evaluate(NoShadowingOrOverridesOnMethodsRule.java:40) ~[randomizedtesting-runner-2.7.1.jar:?]
    	at com.carrotsearch.randomizedtesting.rules.NoShadowingOrOverridesOnMethodsRule$1.evaluate(NoShadowingOrOverridesOnMethodsRule.java:40) ~[randomizedtesting-runner-2.7.1.jar:?]
    	at com.carrotsearch.randomizedtesting.rules.StatementAdapter.evaluate(StatementAdapter.java:36) ~[randomizedtesting-runner-2.7.1.jar:?]
    	at com.carrotsearch.randomizedtesting.rules.StatementAdapter.evaluate(StatementAdapter.java:36) ~[randomizedtesting-runner-2.7.1.jar:?]
    	at org.apache.lucene.tests.util.TestRuleAssertionsRequired$1.evaluate(TestRuleAssertionsRequired.java:53) ~[lucene-test-framework-10.3.1.jar:10.3.1 51190f35a16d2ce433139abfe0fd8365791b352a - 2025-10-02 09:50:16]
    	at org.apache.lucene.tests.util.AbstractBeforeAfterRule$1.evaluate(AbstractBeforeAfterRule.java:43) ~[lucene-test-framework-10.3.1.jar:10.3.1 51190f35a16d2ce433139abfe0fd8365791b352a - 2025-10-02 09:50:16]
    	at org.apache.lucene.tests.util.TestRuleMarkFailure$1.evaluate(TestRuleMarkFailure.java:44) ~[lucene-test-framework-10.3.1.jar:10.3.1 51190f35a16d2ce433139abfe0fd8365791b352a - 2025-10-02 09:50:16]
    	at org.apache.lucene.tests.util.TestRuleIgnoreAfterMaxFailures$1.evaluate(TestRuleIgnoreAfterMaxFailures.java:60) ~[lucene-test-framework-10.3.1.jar:10.3.1 51190f35a16d2ce433139abfe0fd8365791b352a - 2025-10-02 09:50:16]
    	at org.apache.lucene.tests.util.TestRuleIgnoreTestSuites$1.evaluate(TestRuleIgnoreTestSuites.java:47) ~[lucene-test-framework-10.3.1.jar:10.3.1 51190f35a16d2ce433139abfe0fd8365791b352a - 2025-10-02 09:50:16]
    	at org.junit.rules.RunRules.evaluate(RunRules.java:20) ~[junit-4.13.2.jar:4.13.2]
    	at com.carrotsearch.randomizedtesting.rules.StatementAdapter.evaluate(StatementAdapter.java:36) ~[randomizedtesting-runner-2.7.1.jar:?]
    	at com.carrotsearch.randomizedtesting.ThreadLeakControl$StatementRunner.run(ThreadLeakControl.java:368) ~[randomizedtesting-runner-2.7.1.jar:?]
    	at java.base/java.lang.Thread.run(Thread.java:1583) [?:?]
    [2025-11-22T09:35:03,700][INFO ][o.o.s.r.RestGetQuerySetActionTests] [testGetQuerySet_Failure] after test

SearchRelevanceStatsResponseTests > test_toXContent_withNodeStats STANDARD_OUT
    [2025-11-21T22:35:03,721][INFO ][o.o.s.t.s.SearchRelevanceStatsResponseTests] [test_toXContent_withNodeStats] after test

SearchRelevanceStatsResponseTests > test_toXContent_emptyStats STANDARD_OUT
    [2025-11-21T22:35:03,724][INFO ][o.o.s.t.s.SearchRelevanceStatsResponseTests] [test_toXContent_emptyStats] before test
    [2025-11-21T22:35:03,725][INFO ][o.o.s.t.s.SearchRelevanceStatsResponseTests] [test_toXContent_emptyStats] after test

RestPutQuerySetActionTests > testPrepareRequest_WithReferenceAnswer STANDARD_OUT
    [2025-11-22T00:35:03,722][INFO ][o.o.s.r.RestPutQuerySetActionTests] [testPrepareRequest_WithReferenceAnswer] before test

SearchRelevanceStatsResponseTests > test_toXContent_withIncludeIndividualNodeStats_false STANDARD_OUT
    [2025-11-21T22:35:03,726][INFO ][o.o.s.t.s.SearchRelevanceStatsResponseTests] [test_toXContent_withIncludeIndividualNodeStats_false] before test
    [2025-11-21T22:35:03,727][INFO ][o.o.s.t.s.SearchRelevanceStatsResponseTests] [test_toXContent_withIncludeIndividualNodeStats_false] after test

SearchRelevanceStatsResponseTests > test_toXContent_withNodeStats_flattened STANDARD_OUT
    [2025-11-21T22:35:03,728][INFO ][o.o.s.t.s.SearchRelevanceStatsResponseTests] [test_toXContent_withNodeStats_flattened] before test
    [2025-11-21T22:35:03,731][INFO ][o.o.s.t.s.SearchRelevanceStatsResponseTests] [test_toXContent_withNodeStats_flattened] after test

SearchRelevanceStatsResponseTests > test_toXContent_withInfoStats STANDARD_OUT
    [2025-11-21T22:35:03,736][INFO ][o.o.s.t.s.SearchRelevanceStatsResponseTests] [test_toXContent_withInfoStats] before test
    [2025-11-21T22:35:03,737][INFO ][o.o.s.t.s.SearchRelevanceStatsResponseTests] [test_toXContent_withInfoStats] after test

SearchRelevanceStatsResponseTests > test_toXContent_withStats_flattened STANDARD_OUT
    [2025-11-21T22:35:03,738][INFO ][o.o.s.t.s.SearchRelevanceStatsResponseTests] [test_toXContent_withStats_flattened] before test
    [2025-11-21T22:35:03,739][INFO ][o.o.s.t.s.SearchRelevanceStatsResponseTests] [test_toXContent_withStats_flattened] after test

SearchRelevanceStatsResponseTests > test_toXContent_withIncludesCombination_false STANDARD_OUT
    [2025-11-21T22:35:03,740][INFO ][o.o.s.t.s.SearchRelevanceStatsResponseTests] [test_toXContent_withIncludesCombination_false] before test
    [2025-11-21T22:35:03,743][INFO ][o.o.s.t.s.SearchRelevanceStatsResponseTests] [test_toXContent_withIncludesCombination_false] after test

SearchRelevanceStatsResponseTests > test_toXContent_withMetadata STANDARD_OUT
    [2025-11-21T22:35:03,746][INFO ][o.o.s.t.s.SearchRelevanceStatsResponseTests] [test_toXContent_withMetadata] before test
    [2025-11-21T22:35:03,749][INFO ][o.o.s.t.s.SearchRelevanceStatsResponseTests] [test_toXContent_withMetadata] after test

SearchRelevanceStatsResponseTests > test_writeTo STANDARD_OUT
    [2025-11-21T22:35:03,750][INFO ][o.o.s.t.s.SearchRelevanceStatsResponseTests] [test_writeTo] before test

RestPutQuerySetActionTests > testPrepareRequest_WithReferenceAnswer STANDARD_OUT
    [2025-11-22T00:35:03,751][INFO ][o.o.s.r.RestPutQuerySetActionTests] [testPrepareRequest_WithReferenceAnswer] after test

SearchRelevanceStatsResponseTests > test_writeTo STANDARD_OUT
    [2025-11-21T22:35:03,751][INFO ][o.o.s.t.s.SearchRelevanceStatsResponseTests] [test_writeTo] after test

SearchRelevanceStatsResponseTests > test_constructor STANDARD_OUT
    [2025-11-21T22:35:03,753][INFO ][o.o.s.t.s.SearchRelevanceStatsResponseTests] [test_constructor] before test

RestPutQuerySetActionTests > testPrepareRequest_WorkbenchEnabled STANDARD_OUT
    [2025-11-22T00:35:03,753][INFO ][o.o.s.r.RestPutQuerySetActionTests] [testPrepareRequest_WorkbenchEnabled] before test

SearchRelevanceStatsResponseTests > test_constructor STANDARD_OUT
    [2025-11-21T22:35:03,754][INFO ][o.o.s.t.s.SearchRelevanceStatsResponseTests] [test_constructor] after test

RestPutQuerySetActionTests > testPrepareRequest_WorkbenchEnabled STANDARD_OUT
    [2025-11-22T00:35:03,755][INFO ][o.o.s.r.RestPutQuerySetActionTests] [testPrepareRequest_WorkbenchEnabled] after test

RestPutQuerySetActionTests > testPrepareRequest_WorkbenchDisabled STANDARD_OUT
    [2025-11-22T00:35:03,756][INFO ][o.o.s.r.RestPutQuerySetActionTests] [testPrepareRequest_WorkbenchDisabled] before test
    [2025-11-22T00:35:03,758][INFO ][o.o.s.r.RestPutQuerySetActionTests] [testPrepareRequest_WorkbenchDisabled] after test

RestPutQuerySetActionTests > testPrepareRequest_InvalidReferenceAnswer STANDARD_OUT
    [2025-11-22T00:35:03,759][INFO ][o.o.s.r.RestPutQuerySetActionTests] [testPrepareRequest_InvalidReferenceAnswer] before test
    [2025-11-22T00:35:03,761][INFO ][o.o.s.r.RestPutQuerySetActionTests] [testPrepareRequest_InvalidReferenceAnswer] after test

RestPutQuerySetActionTests > testPrepareRequest_InvalidQueryText STANDARD_OUT
    [2025-11-22T00:35:03,763][INFO ][o.o.s.r.RestPutQuerySetActionTests] [testPrepareRequest_InvalidQueryText] before test
    [2025-11-22T00:35:03,764][INFO ][o.o.s.r.RestPutQuerySetActionTests] [testPrepareRequest_InvalidQueryText] after test

RestPutQuerySetActionTests > testPrepareRequest_FailureCase STANDARD_OUT
    [2025-11-22T00:35:03,765][INFO ][o.o.s.r.RestPutQuerySetActionTests] [testPrepareRequest_FailureCase] before test
    [2025-11-22T00:35:03,766][WARN ][r.suppressed             ] [testPrepareRequest_FailureCase] path: /_plugins/_search_relevance/query_sets, params: {}
    java.io.IOException: Test exception
    	at org.opensearch.searchrelevance.rest.RestPutQuerySetActionTests.lambda$testPrepareRequest_FailureCase$1(RestPutQuerySetActionTests.java:122) ~[test/:?]
    	at org.mockito.internal.stubbing.StubbedInvocationMatcher.answer(StubbedInvocationMatcher.java:42) ~[mockito-core-5.16.1.jar:?]
    	at org.mockito.internal.handler.MockHandlerImpl.handle(MockHandlerImpl.java:103) ~[mockito-core-5.16.1.jar:?]
    	at org.mockito.internal.handler.NullResultGuardian.handle(NullResultGuardian.java:29) ~[mockito-core-5.16.1.jar:?]
    	at org.mockito.internal.handler.InvocationNotifierHandler.handle(InvocationNotifierHandler.java:34) ~[mockito-core-5.16.1.jar:?]
    	at org.mockito.internal.creation.bytebuddy.access.MockMethodInterceptor.doIntercept(MockMethodInterceptor.java:84) ~[mockito-core-5.16.1.jar:?]
    	at org.mockito.internal.creation.bytebuddy.access.MockMethodInterceptor.doIntercept(MockMethodInterceptor.java:58) ~[mockito-core-5.16.1.jar:?]
    	at org.mockito.internal.creation.bytebuddy.access.MockMethodInterceptor$DispatcherDefaultingToRealMethod.interceptSuperCallable(MockMethodInterceptor.java:147) ~[mockito-core-5.16.1.jar:?]
    	at org.opensearch.transport.client.node.NodeClient$MockitoMock$iUnH0z00.doExecute(Unknown Source) ~[opensearch-3.3.0-SNAPSHOT.jar:3.3.0-SNAPSHOT]
    	at org.opensearch.transport.client.support.AbstractClient.execute(AbstractClient.java:501) ~[opensearch-3.3.0-SNAPSHOT.jar:3.3.0-SNAPSHOT]
    	at org.opensearch.searchrelevance.rest.RestPutQuerySetAction.lambda$prepareRequest$5(RestPutQuerySetAction.java:130) ~[opensearch-search-relevance-3.3.0.0-SNAPSHOT.jar:?]
    	at org.opensearch.rest.BaseRestHandler.handleRequest(BaseRestHandler.java:132) ~[opensearch-3.3.0-SNAPSHOT.jar:3.3.0-SNAPSHOT]
    	at org.opensearch.searchrelevance.rest.RestPutQuerySetActionTests.testPrepareRequest_FailureCase(RestPutQuerySetActionTests.java:127) ~[test/:?]
    	at java.base/jdk.internal.reflect.DirectMethodHandleAccessor.invoke(DirectMethodHandleAccessor.java:103) ~[?:?]
    	at java.base/java.lang.reflect.Method.invoke(Method.java:580) ~[?:?]
    	at com.carrotsearch.randomizedtesting.RandomizedRunner.invoke(RandomizedRunner.java:1750) ~[randomizedtesting-runner-2.7.1.jar:?]
    	at com.carrotsearch.randomizedtesting.RandomizedRunner$8.evaluate(RandomizedRunner.java:938) ~[randomizedtesting-runner-2.7.1.jar:?]
    	at com.carrotsearch.randomizedtesting.RandomizedRunner$9.evaluate(RandomizedRunner.java:974) ~[randomizedtesting-runner-2.7.1.jar:?]
    	at com.carrotsearch.randomizedtesting.RandomizedRunner$10.evaluate(RandomizedRunner.java:988) ~[randomizedtesting-runner-2.7.1.jar:?]
    	at com.carrotsearch.randomizedtesting.rules.StatementAdapter.evaluate(StatementAdapter.java:36) ~[randomizedtesting-runner-2.7.1.jar:?]
    	at org.junit.rules.RunRules.evaluate(RunRules.java:20) ~[junit-4.13.2.jar:4.13.2]
    	at org.apache.lucene.tests.util.TestRuleSetupTeardownChained$1.evaluate(TestRuleSetupTeardownChained.java:48) ~[lucene-test-framework-10.3.1.jar:10.3.1 51190f35a16d2ce433139abfe0fd8365791b352a - 2025-10-02 09:50:16]
    	at org.apache.lucene.tests.util.AbstractBeforeAfterRule$1.evaluate(AbstractBeforeAfterRule.java:43) ~[lucene-test-framework-10.3.1.jar:10.3.1 51190f35a16d2ce433139abfe0fd8365791b352a - 2025-10-02 09:50:16]
    	at org.apache.lucene.tests.util.TestRuleThreadAndTestName$1.evaluate(TestRuleThreadAndTestName.java:45) ~[lucene-test-framework-10.3.1.jar:10.3.1 51190f35a16d2ce433139abfe0fd8365791b352a - 2025-10-02 09:50:16]
    	at org.apache.lucene.tests.util.TestRuleIgnoreAfterMaxFailures$1.evaluate(TestRuleIgnoreAfterMaxFailures.java:60) ~[lucene-test-framework-10.3.1.jar:10.3.1 51190f35a16d2ce433139abfe0fd8365791b352a - 2025-10-02 09:50:16]
    	at org.apache.lucene.tests.util.TestRuleMarkFailure$1.evaluate(TestRuleMarkFailure.java:44) ~[lucene-test-framework-10.3.1.jar:10.3.1 51190f35a16d2ce433139abfe0fd8365791b352a - 2025-10-02 09:50:16]
    	at org.junit.rules.RunRules.evaluate(RunRules.java:20) ~[junit-4.13.2.jar:4.13.2]
    	at com.carrotsearch.randomizedtesting.rules.StatementAdapter.evaluate(StatementAdapter.java:36) ~[randomizedtesting-runner-2.7.1.jar:?]
    	at com.carrotsearch.randomizedtesting.ThreadLeakControl$StatementRunner.run(ThreadLeakControl.java:368) ~[randomizedtesting-runner-2.7.1.jar:?]
    	at com.carrotsearch.randomizedtesting.ThreadLeakControl.forkTimeoutingTask(ThreadLeakControl.java:817) ~[randomizedtesting-runner-2.7.1.jar:?]
    	at com.carrotsearch.randomizedtesting.ThreadLeakControl$3.evaluate(ThreadLeakControl.java:468) ~[randomizedtesting-runner-2.7.1.jar:?]
    	at com.carrotsearch.randomizedtesting.RandomizedRunner.runSingleTest(RandomizedRunner.java:947) ~[randomizedtesting-runner-2.7.1.jar:?]
    	at com.carrotsearch.randomizedtesting.RandomizedRunner$5.evaluate(RandomizedRunner.java:832) ~[randomizedtesting-runner-2.7.1.jar:?]
    	at com.carrotsearch.randomizedtesting.RandomizedRunner$6.evaluate(RandomizedRunner.java:883) ~[randomizedtesting-runner-2.7.1.jar:?]
    	at com.carrotsearch.randomizedtesting.RandomizedRunner$7.evaluate(RandomizedRunner.java:894) ~[randomizedtesting-runner-2.7.1.jar:?]
    	at org.apache.lucene.tests.util.AbstractBeforeAfterRule$1.evaluate(AbstractBeforeAfterRule.java:43) ~[lucene-test-framework-10.3.1.jar:10.3.1 51190f35a16d2ce433139abfe0fd8365791b352a - 2025-10-02 09:50:16]
    	at com.carrotsearch.randomizedtesting.rules.StatementAdapter.evaluate(StatementAdapter.java:36) ~[randomizedtesting-runner-2.7.1.jar:?]
    	at org.apache.lucene.tests.util.TestRuleStoreClassName$1.evaluate(TestRuleStoreClassName.java:38) ~[lucene-test-framework-10.3.1.jar:10.3.1 51190f35a16d2ce433139abfe0fd8365791b352a - 2025-10-02 09:50:16]
    	at com.carrotsearch.randomizedtesting.rules.NoShadowingOrOverridesOnMethodsRule$1.evaluate(NoShadowingOrOverridesOnMethodsRule.java:40) ~[randomizedtesting-runner-2.7.1.jar:?]
    	at com.carrotsearch.randomizedtesting.rules.NoShadowingOrOverridesOnMethodsRule$1.evaluate(NoShadowingOrOverridesOnMethodsRule.java:40) ~[randomizedtesting-runner-2.7.1.jar:?]
    	at com.carrotsearch.randomizedtesting.rules.StatementAdapter.evaluate(StatementAdapter.java:36) ~[randomizedtesting-runner-2.7.1.jar:?]
    	at com.carrotsearch.randomizedtesting.rules.StatementAdapter.evaluate(StatementAdapter.java:36) ~[randomizedtesting-runner-2.7.1.jar:?]
    	at org.apache.lucene.tests.util.TestRuleAssertionsRequired$1.evaluate(TestRuleAssertionsRequired.java:53) ~[lucene-test-framework-10.3.1.jar:10.3.1 51190f35a16d2ce433139abfe0fd8365791b352a - 2025-10-02 09:50:16]
    	at org.apache.lucene.tests.util.AbstractBeforeAfterRule$1.evaluate(AbstractBeforeAfterRule.java:43) ~[lucene-test-framework-10.3.1.jar:10.3.1 51190f35a16d2ce433139abfe0fd8365791b352a - 2025-10-02 09:50:16]
    	at org.apache.lucene.tests.util.TestRuleMarkFailure$1.evaluate(TestRuleMarkFailure.java:44) ~[lucene-test-framework-10.3.1.jar:10.3.1 51190f35a16d2ce433139abfe0fd8365791b352a - 2025-10-02 09:50:16]
    	at org.apache.lucene.tests.util.TestRuleIgnoreAfterMaxFailures$1.evaluate(TestRuleIgnoreAfterMaxFailures.java:60) ~[lucene-test-framework-10.3.1.jar:10.3.1 51190f35a16d2ce433139abfe0fd8365791b352a - 2025-10-02 09:50:16]
    	at org.apache.lucene.tests.util.TestRuleIgnoreTestSuites$1.evaluate(TestRuleIgnoreTestSuites.java:47) ~[lucene-test-framework-10.3.1.jar:10.3.1 51190f35a16d2ce433139abfe0fd8365791b352a - 2025-10-02 09:50:16]
    	at org.junit.rules.RunRules.evaluate(RunRules.java:20) ~[junit-4.13.2.jar:4.13.2]
    	at com.carrotsearch.randomizedtesting.rules.StatementAdapter.evaluate(StatementAdapter.java:36) ~[randomizedtesting-runner-2.7.1.jar:?]
    	at com.carrotsearch.randomizedtesting.ThreadLeakControl$StatementRunner.run(ThreadLeakControl.java:368) ~[randomizedtesting-runner-2.7.1.jar:?]
    	at java.base/java.lang.Thread.run(Thread.java:1583) [?:?]
    [2025-11-22T00:35:03,768][INFO ][o.o.s.r.RestPutQuerySetActionTests] [testPrepareRequest_FailureCase] after test

SearchRelevanceStatsInputTests > test_toXContent STANDARD_OUT
    [2025-11-21T14:35:03,790][INFO ][o.o.s.s.SearchRelevanceStatsInputTests] [test_toXContent] before test
    [2025-11-21T14:35:03,795][INFO ][o.o.s.s.SearchRelevanceStatsInputTests] [test_toXContent] after test

SearchRelevanceStatsInputTests > test_writeToOutputs STANDARD_OUT
    [2025-11-21T14:35:03,796][INFO ][o.o.s.s.SearchRelevanceStatsInputTests] [test_writeToOutputs] before test
    [2025-11-21T14:35:03,829][INFO ][o.o.s.s.SearchRelevanceStatsInputTests] [test_writeToOutputs] after test

SearchRelevanceStatsInputTests > test_writeToHandlesEmptyCollections STANDARD_OUT
    [2025-11-21T14:35:03,830][INFO ][o.o.s.s.SearchRelevanceStatsInputTests] [test_writeToHandlesEmptyCollections] before test
    [2025-11-21T14:35:03,831][INFO ][o.o.s.s.SearchRelevanceStatsInputTests] [test_writeToHandlesEmptyCollections] after test

SearchRelevanceStatsInputTests > test_streamInput STANDARD_OUT
    [2025-11-21T14:35:03,832][INFO ][o.o.s.s.SearchRelevanceStatsInputTests] [test_streamInput] before test
    [2025-11-21T14:35:03,865][INFO ][o.o.s.s.SearchRelevanceStatsInputTests] [test_streamInput] after test

SearchRelevanceStatsInputTests > test_defaultConstructorEmpty STANDARD_OUT
    [2025-11-21T14:35:03,866][INFO ][o.o.s.s.SearchRelevanceStatsInputTests] [test_defaultConstructorEmpty] before test
    [2025-11-21T14:35:03,866][INFO ][o.o.s.s.SearchRelevanceStatsInputTests] [test_defaultConstructorEmpty] after test

SearchRelevanceStatsInputTests > test_builderWithAllFields STANDARD_OUT
    [2025-11-21T14:35:03,867][INFO ][o.o.s.s.SearchRelevanceStatsInputTests] [test_builderWithAllFields] before test
    [2025-11-21T14:35:03,868][INFO ][o.o.s.s.SearchRelevanceStatsInputTests] [test_builderWithAllFields] after test

InfoStatNameTests > test_fromValid STANDARD_OUT
    [2025-11-21T21:35:03,879][INFO ][o.o.s.s.i.InfoStatNameTests] [test_fromValid] before test
    [2025-11-21T21:35:03,882][INFO ][o.o.s.s.i.InfoStatNameTests] [test_fromValid] after test

InfoStatNameTests > test_noPathCollisions STANDARD_OUT
    [2025-11-21T21:35:03,883][INFO ][o.o.s.s.i.InfoStatNameTests] [test_noPathCollisions] before test
    [2025-11-21T21:35:03,884][INFO ][o.o.s.s.i.InfoStatNameTests] [test_noPathCollisions] after test

InfoStatNameTests > test_validNames STANDARD_OUT
    [2025-11-21T21:35:03,885][INFO ][o.o.s.s.i.InfoStatNameTests] [test_validNames] before test
    [2025-11-21T21:35:03,901][INFO ][o.o.s.s.i.InfoStatNameTests] [test_validNames] after test

InfoStatNameTests > test_uniquePaths STANDARD_OUT
    [2025-11-21T21:35:03,902][INFO ][o.o.s.s.i.InfoStatNameTests] [test_uniquePaths] before test
    [2025-11-21T21:35:03,905][INFO ][o.o.s.s.i.InfoStatNameTests] [test_uniquePaths] after test

InfoStatNameTests > test_fromInvalid STANDARD_OUT
    [2025-11-21T21:35:03,906][INFO ][o.o.s.s.i.InfoStatNameTests] [test_fromInvalid] before test
    [2025-11-21T21:35:03,907][INFO ][o.o.s.s.i.InfoStatNameTests] [test_fromInvalid] after test

TextValidationUtilTests > testEmptyText STANDARD_OUT
    [2025-11-21T14:35:03,925][INFO ][o.o.s.u.TextValidationUtilTests] [testEmptyText] before test
    [2025-11-21T14:35:03,928][INFO ][o.o.s.u.TextValidationUtilTests] [testEmptyText] after test

TextValidationUtilTests > testTextTooLong STANDARD_OUT
    [2025-11-21T14:35:03,930][INFO ][o.o.s.u.TextValidationUtilTests] [testTextTooLong] before test
    [2025-11-21T14:35:03,931][INFO ][o.o.s.u.TextValidationUtilTests] [testTextTooLong] after test

TextValidationUtilTests > testValidateWithCustomLength STANDARD_OUT
    [2025-11-21T14:35:03,932][INFO ][o.o.s.u.TextValidationUtilTests] [testValidateWithCustomLength] before test
    [2025-11-21T14:35:03,933][INFO ][o.o.s.u.TextValidationUtilTests] [testValidateWithCustomLength] after test

TextValidationUtilTests > testMaximumLengthText STANDARD_OUT
    [2025-11-21T14:35:03,934][INFO ][o.o.s.u.TextValidationUtilTests] [testMaximumLengthText] before test
    [2025-11-21T14:35:03,934][INFO ][o.o.s.u.TextValidationUtilTests] [testMaximumLengthText] after test

TextValidationUtilTests > testValidText STANDARD_OUT
    [2025-11-21T14:35:03,936][INFO ][o.o.s.u.TextValidationUtilTests] [testValidText] before test
    [2025-11-21T14:35:03,937][INFO ][o.o.s.u.TextValidationUtilTests] [testValidText] after test

TextValidationUtilTests > testValidateDescription STANDARD_OUT
    [2025-11-21T14:35:03,938][INFO ][o.o.s.u.TextValidationUtilTests] [testValidateDescription] before test
    [2025-11-21T14:35:03,939][INFO ][o.o.s.u.TextValidationUtilTests] [testValidateDescription] after test

TextValidationUtilTests > testInvalidCharacters STANDARD_OUT
    [2025-11-21T14:35:03,940][INFO ][o.o.s.u.TextValidationUtilTests] [testInvalidCharacters] before test
    [2025-11-21T14:35:03,941][INFO ][o.o.s.u.TextValidationUtilTests] [testInvalidCharacters] after test

TextValidationUtilTests > testValidateName STANDARD_OUT
    [2025-11-21T14:35:03,942][INFO ][o.o.s.u.TextValidationUtilTests] [testValidateName] before test
    [2025-11-21T14:35:03,943][INFO ][o.o.s.u.TextValidationUtilTests] [testValidateName] after test

TextValidationUtilTests > testNullText STANDARD_OUT
    [2025-11-21T14:35:03,944][INFO ][o.o.s.u.TextValidationUtilTests] [testNullText] before test
    [2025-11-21T14:35:03,945][INFO ][o.o.s.u.TextValidationUtilTests] [testNullText] after test
Finished generating test XML results (0.008 secs) into: /Users/zweijia/IdeaProjects/OpenSearch/search-relevance/build/test-results/test
Generating HTML test report...
Finished generating test html results (0.013 secs) into: /Users/zweijia/IdeaProjects/OpenSearch/search-relevance/build/reports/tests/test
Stored cache entry for task ':test' with cache key 7c032ee069d095eb1bc6c0102a3604ff
Resolve mutations for :jacocoTestReport (Thread[#1759,included builds,5,main]) started.
:jacocoTestReport (Thread[#1759,included builds,5,main]) started.
Resolve mutations for :delombok (Thread[#1760,Execution worker,5,main]) started.
:delombok (Thread[#1760,Execution worker,5,main]) started.

> Task :delombok FROM-CACHE
Build cache key for task ':delombok' is a34e82e86ff290bc767a1fd3d759f78a
Task ':delombok' is not up-to-date because:
  Output property 'target' file /Users/zweijia/IdeaProjects/OpenSearch/search-relevance/build/generated/sources/delombok/java/main has been removed.
  Output property 'target' file /Users/zweijia/IdeaProjects/OpenSearch/search-relevance/build/generated/sources/delombok/java/main/org has been removed.
  Output property 'target' file /Users/zweijia/IdeaProjects/OpenSearch/search-relevance/build/generated/sources/delombok/java/main/org/opensearch has been removed.
  and more...
Loaded cache entry for task ':delombok' with cache key a34e82e86ff290bc767a1fd3d759f78a
Resolve mutations for :javadoc (Thread[#1760,Execution worker,5,main]) started.
:javadoc (Thread[#1760,Execution worker,5,main]) started.

> Task :javadoc FROM-CACHE
Build cache key for task ':javadoc' is c027cab74385169c19cffabc4ec27d00
Task ':javadoc' is not up-to-date because:
  Output property 'outputDirectory' file /Users/zweijia/IdeaProjects/OpenSearch/search-relevance/build/docs/javadoc has been removed.
  Output property 'outputDirectory' file /Users/zweijia/IdeaProjects/OpenSearch/search-relevance/build/docs/javadoc/allclasses-index.html has been removed.
  Output property 'outputDirectory' file /Users/zweijia/IdeaProjects/OpenSearch/search-relevance/build/docs/javadoc/allpackages-index.html has been removed.
  and more...
Loaded cache entry for task ':javadoc' with cache key c027cab74385169c19cffabc4ec27d00
Resolve mutations for :spotlessJavaCheck (Thread[#1764,Execution worker Thread 5,5,main]) started.
:spotlessJavaCheck (Thread[#1764,Execution worker Thread 5,5,main]) started.

> Task :spotlessJavaCheck UP-TO-DATE
Caching disabled for task ':spotlessJavaCheck' because:
  not worth caching
Task ':spotlessJavaCheck' is not up-to-date because:
  Task has not declared any outputs despite executing actions.
Resolve mutations for :spotlessLicenseCheck (Thread[#1760,Execution worker,5,main]) started.
:spotlessLicenseCheck (Thread[#1760,Execution worker,5,main]) started.

> Task :spotlessLicenseCheck UP-TO-DATE
Caching disabled for task ':spotlessLicenseCheck' because:
  not worth caching
Task ':spotlessLicenseCheck' is not up-to-date because:
  Task has not declared any outputs despite executing actions.
Resolve mutations for :spotlessMiscCheck (Thread[#1760,Execution worker,5,main]) started.
:spotlessMiscCheck (Thread[#1760,Execution worker,5,main]) started.

> Task :spotlessMiscCheck UP-TO-DATE
Caching disabled for task ':spotlessMiscCheck' because:
  not worth caching
Task ':spotlessMiscCheck' is not up-to-date because:
  Task has not declared any outputs despite executing actions.
Resolve mutations for :spotlessCheck (Thread[#1760,Execution worker,5,main]) started.
:spotlessCheck (Thread[#1760,Execution worker,5,main]) started.

> Task :spotlessCheck UP-TO-DATE
Skipping task ':spotlessCheck' as it has no actions.
Resolve mutations for :yamlRestTest (Thread[#1760,Execution worker,5,main]) started.
:yamlRestTest (Thread[#1760,Execution worker,5,main]) started.

> Task :jacocoTestReport
Build cache key for task ':jacocoTestReport' is 6743e0d20106a4be03468c218ce83b25
Task ':jacocoTestReport' is not up-to-date because:
  Output property 'reports.enabledReports.html.outputLocation' file /Users/zweijia/IdeaProjects/OpenSearch/search-relevance/build/reports/jacoco/test/html has been removed.
  Output property 'reports.enabledReports.html.outputLocation' file /Users/zweijia/IdeaProjects/OpenSearch/search-relevance/build/reports/jacoco/test/html/index.html has been removed.
  Output property 'reports.enabledReports.html.outputLocation' file /Users/zweijia/IdeaProjects/OpenSearch/search-relevance/build/reports/jacoco/test/html/jacoco-resources has been removed.
  and more...
Running jacoco-report with toolchain '/Users/zweijia/.sdkman/candidates/java/21.0.2-open'.
[ant:jacocoReport] Loading execution data file /Users/zweijia/IdeaProjects/OpenSearch/search-relevance/build/jacoco/test.exec
[ant:jacocoReport] Writing bundle 'opensearch-search-relevance' with 224 classes

Gradle Test Executor 33 started executing tests.

> Task :yamlRestTest
Custom actions are attached to task ':yamlRestTest'.
Build cache key for task ':yamlRestTest' is a43929e33b5333a2ebbf5d8aedd68c85
Task ':yamlRestTest' is not up-to-date because:
  Value of input property 'systemProperties' has changed for task ':yamlRestTest'
Starting `node{::yamlRestTest-0}`
Tweak jvm options /Users/zweijia/IdeaProjects/OpenSearch/search-relevance/build/testclusters/yamlRestTest-0/config/jvm.options.
Written config file:/Users/zweijia/IdeaProjects/OpenSearch/search-relevance/build/testclusters/yamlRestTest-0/config/opensearch.yml for node{::yamlRestTest-0}
Starting process 'command './bin/opensearch-plugin''. Working directory: /Users/zweijia/IdeaProjects/OpenSearch/search-relevance/build/testclusters/yamlRestTest-0/distro/3.3.0-INTEG_TEST Command: ./bin/opensearch-plugin install --batch file:/Users/zweijia/.gradle/caches/modules-2/files-2.1/org.opensearch.plugin/opensearch-job-scheduler/3.3.0.0-SNAPSHOT/18df9038face890abedd80e519b81ceea1b2df77/opensearch-job-scheduler-3.3.0.0-SNAPSHOT.zip file:/Users/zweijia/IdeaProjects/OpenSearch/search-relevance/build/distributions/opensearch-search-relevance-3.3.0.0-SNAPSHOT.zip
Successfully started process 'command './bin/opensearch-plugin''
warning: no-jdk distributions that do not bundle a JDK are deprecated and will be removed in a future release
-> Installing file:/Users/zweijia/.gradle/caches/modules-2/files-2.1/org.opensearch.plugin/opensearch-job-scheduler/3.3.0.0-SNAPSHOT/18df9038face890abedd80e519b81ceea1b2df77/opensearch-job-scheduler-3.3.0.0-SNAPSHOT.zip
-> Downloading file:/Users/zweijia/.gradle/caches/modules-2/files-2.1/org.opensearch.plugin/opensearch-job-scheduler/3.3.0.0-SNAPSHOT/18df9038face890abedd80e519b81ceea1b2df77/opensearch-job-scheduler-3.3.0.0-SNAPSHOT.zip
-> Installed opensearch-job-scheduler with folder name opensearch-job-scheduler
-> Installing file:/Users/zweijia/IdeaProjects/OpenSearch/search-relevance/build/distributions/opensearch-search-relevance-3.3.0.0-SNAPSHOT.zip
-> Downloading file:/Users/zweijia/IdeaProjects/OpenSearch/search-relevance/build/distributions/opensearch-search-relevance-3.3.0.0-SNAPSHOT.zip
@@@@@@@@@@@@@@@@@@@@@@@@@@@@@@@@@@@@@@@@@@@@@@@@@@@@@@@@@@@
@     WARNING: plugin requires additional permissions     @
@@@@@@@@@@@@@@@@@@@@@@@@@@@@@@@@@@@@@@@@@@@@@@@@@@@@@@@@@@@
* java.lang.RuntimePermission accessDeclaredMembers
* java.lang.RuntimePermission getClassLoader
* java.lang.RuntimePermission setContextClassLoader
See http://docs.oracle.com/javase/8/docs/technotes/guides/security/permissions.html
for descriptions of what these permissions allow and the associated risks.
-> Installed opensearch-search-relevance with folder name opensearch-search-relevance
Starting process 'command './bin/opensearch-keystore''. Working directory: /Users/zweijia/IdeaProjects/OpenSearch/search-relevance/build/testclusters/yamlRestTest-0/distro/3.3.0-INTEG_TEST Command: ./bin/opensearch-keystore -v create
Successfully started process 'command './bin/opensearch-keystore''
warning: no-jdk distributions that do not bundle a JDK are deprecated and will be removed in a future release
Created opensearch keystore in /Users/zweijia/IdeaProjects/OpenSearch/search-relevance/build/testclusters/yamlRestTest-0/config/opensearch.keystore
Running `[/Users/zweijia/IdeaProjects/OpenSearch/search-relevance/build/testclusters/yamlRestTest-0/distro/3.3.0-INTEG_TEST/./bin/opensearch]` in `/Users/zweijia/IdeaProjects/OpenSearch/search-relevance/build/testclusters/yamlRestTest-0` for node{::yamlRestTest-0} env: {OPENSEARCH_PATH_CONF=/Users/zweijia/IdeaProjects/OpenSearch/search-relevance/build/testclusters/yamlRestTest-0/config, OPENSEARCH_TMPDIR=/Users/zweijia/IdeaProjects/OpenSearch/search-relevance/build/testclusters/yamlRestTest-0/tmp, JAVA_HOME=/Users/zweijia/.sdkman/candidates/java/21.0.2-open, OPENSEARCH_JAVA_OPTS=-Xms512m -Xmx512m -ea -esa   , HOSTNAME=LinuxDarwinHostname, TMP=/Users/zweijia/IdeaProjects/OpenSearch/search-relevance/build/testclusters/yamlRestTest-0/tmp, COMPUTERNAME=WindowsComputername}
node{::yamlRestTest-0}: ports files took 5.032 seconds
Starting to wait for cluster to form
Got successful response [200] from URL [http://[::1]:64881/_cluster/health?wait_for_nodes=>=1&wait_for_status=yellow]
cluster{::yamlRestTest}: cluster health yellow took 0.21 seconds
node{::yamlRestTest-0}: ports files took 0.0 seconds
node{::yamlRestTest-0}: ports files took 0.0 seconds
Starting to wait for cluster to form
Got successful response [200] from URL [http://[::1]:64881/_cluster/health?wait_for_nodes=>=1&wait_for_status=yellow]
cluster{::yamlRestTest}: cluster health yellow took 0.002 seconds
node{::yamlRestTest-0}: ports files took 0.0 seconds
Starting process 'Gradle Test Executor 33'. Working directory: /Users/zweijia/IdeaProjects/OpenSearch/search-relevance/build/testrun/yamlRestTest Command: /Users/zweijia/.sdkman/candidates/java/21.0.2-open/bin/java -Dgradle.dist.lib=/Users/zweijia/.gradle/wrapper/dists/gradle-9.2.0-all/nt91iow53c3jp9bx2j9i769a/gradle-9.2.0/lib -Dgradle.user.home=/Users/zweijia/.gradle -Dgradle.worker.jar=/Users/zweijia/.gradle/caches/9.2.0/workerMain/gradle-worker.jar -Dio.netty.noKeySetOptimization=true -Dio.netty.noUnsafe=true -Dio.netty.recycler.maxCapacityPerThread=0 -Djava.awt.headless=true -Djava.locale.providers=SPI,CLDR -Djna.nosys=true -Dopensearch.scripting.update.ctx_in_params=false -Dopensearch.search.rewrite_sort=true -Dopensearch.transport.cname_in_publish_address=true -Dorg.gradle.internal.worker.tmpdir=/Users/zweijia/IdeaProjects/OpenSearch/search-relevance/build/tmp/yamlRestTest/work -Dtests.artifact=opensearch-search-relevance -Dtests.cluster=[::1]:64878,127.0.0.1:64879 -Dtests.clustername=yamlRestTest -Dtests.gradle=true -Dtests.logger.level=WARN -Dtests.rest.cluster=[::1]:64881,127.0.0.1:64882 -Dtests.rest.load_packaged=false -Dtests.security.manager=true -Dtests.seed=C6D2CAB28C79FEB5 -Dtests.task=:yamlRestTest -XX:+HeapDumpOnOutOfMemoryError -esa -javaagent:/Users/zweijia/IdeaProjects/OpenSearch/search-relevance/build/agent/opensearch-agent-3.3.0-SNAPSHOT.jar -XX:HeapDumpPath=/Users/zweijia/IdeaProjects/OpenSearch/search-relevance/build/heapdump -javaagent:/Users/zweijia/IdeaProjects/OpenSearch/search-relevance/build/tmp/.cache/expanded/zip_9892ccb804f78c0637616b68610d363f/jacocoagent.jar=destfile=../../jacoco/yamlRestTest.exec,append=true,inclnolocationclasses=false,dumponexit=true,output=file,jmx=false @/Users/zweijia/.gradle/.tmp/gradle-worker-classpath2828370556738902096txt -Xms512m -Xmx512m -Dfile.encoding=UTF-8 -Djava.io.tmpdir=/Users/zweijia/IdeaProjects/OpenSearch/search-relevance/build/testrun/yamlRestTest/temp -Duser.country=US -Duser.language=en -Duser.variant -ea worker.org.gradle.process.internal.worker.GradleWorkerMain 'Gradle Test Executor 33'
Successfully started process 'Gradle Test Executor 33'

Gradle Test Executor 33 STANDARD_ERROR
    Nov 21, 2025 1:35:13 PM org.opensearch.javaagent.bootstrap.AgentPolicy setPolicy
    INFO: Policy attached successfully: org.opensearch.bootstrap.BootstrapForTesting$1@41e76252

SearchRelevanceClientYamlTestSuiteIT STANDARD_ERROR
    Nov 21, 2025 1:35:13 PM org.apache.lucene.internal.vectorization.VectorizationProvider lookup
    WARNING: Java vector incubator module is not readable. For optimal vector performance, pass '--add-modules jdk.incubator.vector' to enable Vector API.

SearchRelevanceClientYamlTestSuiteIT > test {yaml=/10_basic/Test that the plugin is loaded in OpenSearch} STANDARD_OUT
    [2025-11-21T16:35:14,081][INFO ][o.o.s.p.SearchRelevanceClientYamlTestSuiteIT] [test] [yaml=/10_basic/Test that the plugin is loaded in OpenSearch] before test
    [2025-11-21T16:35:14,138][INFO ][o.o.s.p.SearchRelevanceClientYamlTestSuiteIT] [test] initializing REST clients against [http://[::1]:64881, http://127.0.0.1:64882]

SearchRelevanceClientYamlTestSuiteIT > test {yaml=/10_basic/Test that the plugin is loaded in OpenSearch} STANDARD_ERROR
    SLF4J(W): No SLF4J providers were found.
    SLF4J(W): Defaulting to no-operation (NOP) logger implementation
    SLF4J(W): See https://www.slf4j.org/codes.html#noProviders for further details.

SearchRelevanceClientYamlTestSuiteIT > test {yaml=/10_basic/Test that the plugin is loaded in OpenSearch} STANDARD_OUT
    [2025-11-21T16:35:14,532][INFO ][o.o.s.p.SearchRelevanceClientYamlTestSuiteIT] [test] initializing client, minimum OpenSearch version [3.3.0], cluster-manager version, [3.3.0], hosts [http://[::1]:64881, http://127.0.0.1:64882]
    [2025-11-21T16:35:14,604][INFO ][o.o.s.p.SearchRelevanceClientYamlTestSuiteIT] [test] [yaml=/10_basic/Test that the plugin is loaded in OpenSearch] after test

Gradle Test Executor 33 finished executing tests.

> Task :yamlRestTest
Finished generating test XML results (0.0 secs) into: /Users/zweijia/IdeaProjects/OpenSearch/search-relevance/build/test-results/yamlRestTest
Generating HTML test report...
Finished generating test html results (0.001 secs) into: /Users/zweijia/IdeaProjects/OpenSearch/search-relevance/build/reports/tests/yamlRestTest
Stored cache entry for task ':yamlRestTest' with cache key a43929e33b5333a2ebbf5d8aedd68c85
Stopping `node{::yamlRestTest-0}`, tailLogs: false
Terminating opensearch process forcibly : commandLine:`/Users/zweijia/.sdkman/candidates/java/21.0.2-open/bin/java -Xshare:auto -Dopensearch.networkaddress.cache.ttl=60 -Dopensearch.networkaddress.cache.negative.ttl=10 -XX:+AlwaysPreTouch -Xss1m -Djava.awt.headless=true -Dfile.encoding=UTF-8 -Djna.nosys=true -XX:-OmitStackTraceInFastThrow -XX:+ShowCodeDetailsInExceptionMessages -Dio.netty.noUnsafe=true -Dio.netty.noKeySetOptimization=true -Dio.netty.recycler.maxCapacityPerThread=0 -Dio.netty.allocator.numDirectArenas=0 -Dlog4j.shutdownHookEnabled=false -Dlog4j2.disable.jmx=true -Djava.locale.providers=SPI,CLDR -Xms1g -Xmx1g -XX:+UseG1GC -XX:G1ReservePercent=25 -XX:InitiatingHeapOccupancyPercent=30 -Djava.io.tmpdir=/Users/zweijia/IdeaProjects/OpenSearch/search-relevance/build/testclusters/yamlRestTest-0/tmp -XX:+HeapDumpOnOutOfMemoryError -XX:HeapDumpPath=logs -XX:ErrorFile=logs/hs_err_pid%p.log -Xlog:gc*,gc+age=trace,safepoint:file=logs/gc.log:utctime,pid,tags:filecount=32,filesize=64m --add-modules=jdk.incubator.vector -javaagent:agent/opensearch-agent.jar --add-opens=java.base/java.nio=org.apache.arrow.memory.core,ALL-UNNAMED -Dorg.apache.lucene.store.MMapDirectory.sharedArenaMaxPermits=1 -Xms512m -Xmx512m -ea -esa -XX:MaxDirectMemorySize=268435456 -Dopensearch.path.home=/Users/zweijia/IdeaProjects/OpenSearch/search-relevance/build/testclusters/yamlRestTest-0/distro/3.3.0-INTEG_TEST -Dopensearch.path.conf=/Users/zweijia/IdeaProjects/OpenSearch/search-relevance/build/testclusters/yamlRestTest-0/config -Dopensearch.distribution.type=zip -Dopensearch.bundled_jdk=false -cp /Users/zweijia/IdeaProjects/OpenSearch/search-relevance/build/testclusters/yamlRestTest-0/distro/3.3.0-INTEG_TEST/lib/* org.opensearch.bootstrap.OpenSearch` command:`/Users/zweijia/.sdkman/candidates/java/21.0.2-open/bin/java` args:`'-Xshare:auto' '-Dopensearch.networkaddress.cache.ttl=60' '-Dopensearch.networkaddress.cache.negative.ttl=10' '-XX:+AlwaysPreTouch' '-Xss1m' '-Djava.awt.headless=true' '-Dfile.encoding=UTF-8' '-Djna.nosys=true' '-XX:-OmitStackTraceInFastThrow' '-XX:+ShowCodeDetailsInExceptionMessages' '-Dio.netty.noUnsafe=true' '-Dio.netty.noKeySetOptimization=true' '-Dio.netty.recycler.maxCapacityPerThread=0' '-Dio.netty.allocator.numDirectArenas=0' '-Dlog4j.shutdownHookEnabled=false' '-Dlog4j2.disable.jmx=true' '-Djava.locale.providers=SPI,CLDR' '-Xms1g' '-Xmx1g' '-XX:+UseG1GC' '-XX:G1ReservePercent=25' '-XX:InitiatingHeapOccupancyPercent=30' '-Djava.io.tmpdir=/Users/zweijia/IdeaProjects/OpenSearch/search-relevance/build/testclusters/yamlRestTest-0/tmp' '-XX:+HeapDumpOnOutOfMemoryError' '-XX:HeapDumpPath=logs' '-XX:ErrorFile=logs/hs_err_pid%p.log' '-Xlog:gc*,gc+age=trace,safepoint:file=logs/gc.log:utctime,pid,tags:filecount=32,filesize=64m' '--add-modules=jdk.incubator.vector' '-javaagent:agent/opensearch-agent.jar' '--add-opens=java.base/java.nio=org.apache.arrow.memory.core,ALL-UNNAMED' '-Dorg.apache.lucene.store.MMapDirectory.sharedArenaMaxPermits=1' '-Xms512m' '-Xmx512m' '-ea' '-esa' '-XX:MaxDirectMemorySize=268435456' '-Dopensearch.path.home=/Users/zweijia/IdeaProjects/OpenSearch/search-relevance/build/testclusters/yamlRestTest-0/distro/3.3.0-INTEG_TEST' '-Dopensearch.path.conf=/Users/zweijia/IdeaProjects/OpenSearch/search-relevance/build/testclusters/yamlRestTest-0/config' '-Dopensearch.distribution.type=zip' '-Dopensearch.bundled_jdk=false' '-cp' '/Users/zweijia/IdeaProjects/OpenSearch/search-relevance/build/testclusters/yamlRestTest-0/distro/3.3.0-INTEG_TEST/lib/*' 'org.opensearch.bootstrap.OpenSearch'`

> Task :jacocoTestReport
Stored cache entry for task ':jacocoTestReport' with cache key 6743e0d20106a4be03468c218ce83b25
Resolve mutations for :check (Thread[#1759,included builds,5,main]) started.
:check (Thread[#1759,included builds,5,main]) started.

> Task :check
Skipping task ':check' as it has no actions.
Waiting for reaper to exit normally

[Incubating] Problems report is available at: file:///Users/zweijia/IdeaProjects/OpenSearch/search-relevance/build/reports/problems/problems-report.html

BUILD SUCCESSFUL in 4m 35s
48 actionable tasks: 26 executed, 13 from cache, 9 up-to-date
Watched directory hierarchies: [/Users/zweijia/IdeaProjects/OpenSearch/search-relevance]
